PIM | Brand,UPC Code,English Description,COST
Lorahist,6281080010088, ,11.55
Lejam,6281086002896,<p><strong>Highlights:</strong></p><p><strong>    NEED DOCTORS PRESCRIPTION</strong></p><ul><li>Dapoxetine belongs to a group of medicines called ‘selective serotonin reuptake inhibitors’ (SSRIs).</li><li>Dapoxetine may also be known as a ‘urological’ medicine.</li><li>Dapoxetine increases the time it takes to ejaculate and can improve the control over the ejaculation</li></ul>,67.0
Rimmel,121018819,,100.0
Cantu,121018830, ,50.0
Uriage,121018882,<p><strong>Highlights:</strong></p><li>Targeted Group : Unisex</li><li>Form Product : Roll On </li><li>Triple Action Against Heavy Perspiration</li><li>Soothes And Protects Sensitive Underarm Area Over 24 Hr . </li>,67.0
Uriage,121018883,<p><strong>Highlights:</strong></p><li> Skin type: All  </li><li> Target gender: Unisex</li><li>Target use body part: Face </li><li>The best anti-aging active ingredients</li>,150.0
Beesline,121018892,,74.0
Louis Widmer,121018919,"<p><strong>Highlights:</strong></p><ul><li>Inhibits sweating</li><li>Optimally tolerated, even by extremely sensitive skin</li><li>24-hour effect</li><li>No alcohol</li><li>Also suitable for use on hands and feet</li><li>Keeps your armpit dry and clean </li></ul>",72.0
Gillette,121018936,,101.0
NOW,121018955,,62.0
Nivea,121018976,,18.0
Yardly,121019038,,20.0
Gillette,121019060,"<p><strong>Highlights:</strong></p><ul><li>Protective ribbon of moisture with a touch of aloe and 8 times more glide boosters for smooth glide</li><li>5 blades spaced closely together with reduced pressure per blade for a clean shave with less irritation</li><li>Pivoting head adjusts to curves and fits easily into hard to shave areas</li><li>Perfect for sensitive skin</li><li>All Venus razor blades fit all Venus razor handles, except Simply Venus</li></ul>",72.0
Philips,121019061,,45.0
White Glo,121019065,,23.0
Eucerin,121019073,,116.0
Watermans,121019079,,130.0
CeraVe,121019097,,95.0
CeraVe,121019099,<h3><strong>Highlights:</strong></h3><ul>  <li><strong>Suitable for normal to oily skin  </strong></li>  <li><strong> Hyaluronic acid: This ingredient attracts hydration to the skin’s surface and helps the skin retain moisture  </strong></li>  <li><strong> Refreshing foaming action  </strong></li>  <li><strong> Developed with dermatologists&nbsp;</strong></li></ul>,65.22
CeraVe,121019100,,84.17
CeraVe,121019102,"<p><strong>Highlights:</strong></p><ul><li>Non-greasy and fast absorbing daily hand cream to help protect cracked skin, especially to help relieve frequently washed or over-worked hands.</li><li>[ Ingredients THAT KEEP HYDRATION ] Formulated with Hyaluronic Acid to help retain skin's natural moisture, Niacinamide to help calm skin, Dimethicone as a skin protectant, and ceramides to help restore the skin's barrier.</li><li>Ceramides are naturally found in the skin and make up 50</li></ul>",141.0
CeraVe,121019103,,105.0
CeraVe,121019104,<p><strong>Highlights:</strong></p><ul><li>Deep moisturizing.</li><li>Without a greasy feeling.</li><li>Fragrance free.</li><li>Developed in collaboration with dermatologists.</li><li>It can be used for face and body.</li><li>Suitable for day or night use.</li></ul>,134.01
Derma,121019137,<p><strong>Highlights:</strong></p><ul><li>The Roller Will Diminish The Appearance of Cellulite Stretch Marks</li><li>The Roller Will Lean Heavy Pitted Skin</li><li>The Roller Also Stimulates The Hair To Maintain Its Thickness</li></ul>,40.0
La Roche Posay,121019143,,170.43
La Roche Posay,121019144,<h3><strong>Highlights:</strong></h3><ul>  <li><strong>Visibly reduces spots and blemishes  </strong></li>  <li><strong> Unclogs pores and improves skin texture  </strong></li>  <li><strong> All the benefits of spf30 protection with the comfort of a daily moisturizer.&nbsp;</strong></li></ul>,144.83
La Roche Posay,121019155,<p><strong>Highlights:</strong></p><ul><li>Eye cream for dark circles reduces the look of under-eye discolorations</li><li>Light reflective pigments instantly brighten the eye contour</li><li>Cooling metal applicator helps decongest</li></ul>,195.4
ISIS,121019213,,282.9
Gillette,121019215,"<p><strong>Highlights:</strong></p><ul><li>Comfort glide</li><li>Triple action: soothes, hydrates, protects</li><li>Refreshing</li><li>Works into a rich, comforting lather</li></ul>",28.0
Gillette,121019217,"<p><strong>Highlights:</strong></p><li>Microfins That Gently Stretch And Smooth Skin For A Close Shave</li><li>Back Edging Blade On The Back Side, Great For Edging Tough Areas (Nose And Sideburns)</li><li>Enhanced Lubrastrip (Vs. Fusion5)</li>",83.0
Hot,121019236,,258.0
Maybelline,121019238,<p><strong>Highlights:</strong></p><ul>  <li>All-day metrifying powder with SPF 28  </li>  <li> Enriched with metrifying minerals that fight sweat  </li>  <li> Does not clog pores. Non-comedogenic.</li></ul>,36.0
Ghalior Paris,121019245,,73.9
Ghalior Paris,121019246,,73.9
Ghalior Paris,121019247,"<p><strong>Highlights:</strong></p><ul><li>Its smooth and silky texture promises a pleasant application, for a perfectly matte look.</li><li>Conceals all skin imperfections for a flawless finish</li><li>Does not dry your skin and leaves it perfectly silky</li></ul>",73.9
Ghalior Paris,121019248,<p><strong>Highlights:<br></strong></p><ul><li>Suitable for all skin types. </li><li>Available in 4 shades</li><li>Perfect combination offering natural beauty and skin care.</li></ul>,73.9
Ghalior Paris,121019251,,50.0
Ghalior Paris,121019252,<p><strong>Highlights:<br></strong></p><p>Its vegan formula protects your skin softly.<br>leaving a feeling of comfort and pleasure thanks to its delicate fragrance.<br>Does not dry your skin and leaves it perfectly silky<br>long-lasting & High coverage<br>no transfer & Matte finish<br>Easily applied with a sponge<br>Suitable for all skin types<br>Available in 4 shades</p>,50.0
Ghalior Paris,121019253,<p><strong>Highlights:<br></strong></p><ul><li>Its vegan formula protects your skin softly.</li><li>leaving a feeling of comfort and pleasure thanks to its delicate fragrance.</li><li>Does not dry your skin and leaves it perfectly silky</li><li>long lasting & High coverage</li><li>no transfer & Matte finish</li><li>Easily applied with a sponge</li><li>Suitable for all skin types</li><li>Available in 4 shades</li></ul>,50.0
Ghalior Paris,121019254,<p><strong>Highlights:<br></strong></p><p>Its vegan formula protects your skin softly.<br>leaving a feeling of comfort and pleasure thanks to its delicate fragrance.<br>Does not dry your skin and leaves it perfectly silky<br>long lasting & High coverage<br>no transfer & Matte finish<br>Easily applied with a sponge<br>Suitable for all skin types<br>Available in 4 shades</p>,50.0
Ghalior Paris,121019255,,52.0
Ghalior Paris,121019289,,27.8
Ghalior Paris,121019357,"<p><strong>Highlights:</strong></p><ul><li>A comfortable, lightweight liquid lipstick that delivers smoothing and long-lasting wear on the lips.</li><li>Excellent spread ability enriched with emollients made from renewable sources such as sugar and coconut.</li></ul><p><strong><br></strong></p>",57.7
Ghalior Paris,121019358,<p><strong>Highlights:<br></strong></p><ul><li>High coverage</li><li>Long lasting wear</li><li>Matte finish</li><li>Enriched with vitamins C and E.</li><li>Velvety look and feel</li><li>For all skin types</li><li>Available in 4 shades</li></ul>,46.9
Ghalior Paris,121019359,"<p><strong>Highlights:<br></strong></p><ul><li>Long lasting wear Matte finish Enriched with 
vitamins C and E.</li><li>Velvety look and feel.</li><li>For all skin types.</li><li>Available in 4 
shades</li></ul>",46.9
Ghalior Paris,121019360,"<p><strong>Highlights:<br></strong></p><ul><li>High coverage.</li><li>Long lasting wear Matte finish Enriched with 
vitamins C and E.</li><li>Velvety look and feel.</li><li>For all skin types.</li><li>Available in 4
 shades</li></ul>",46.9
Ghalior Paris,121019361,<p><strong>Highlights:<br></strong></p><ul><li>High coverage</li><li>Long lasting wear</li><li>Matte finish</li><li>Enriched with vitamins C and E.</li><li>Velvety look and feel</li><li>For all skin types</li><li>Available in 4 shades</li></ul>,46.9
Ghalior Paris,121019376,,67.8
Ghalior Paris,121019377,<p><strong>Highlights:<br></strong></p><ul><li>High coverage</li><li>Long lasting wear.</li><li>12H tested</li><li>Finish matte</li><li>Enriched with vitamins C and E.</li><li>Velvety look</li><li>UV filter</li><li>For all skin types</li><li>Available in 4 shades</li></ul>,67.8
Ghalior Paris,121019378,,67.8
Ghalior Paris,121019379,"<p><strong>Highlights:</strong></p><li>It\'s a medium to full coverage foundation with a buildable formula  </li><li> It provides 24 hours of hydration, making it a great foundation for dry skin and combination skin</li><li>It instantly brightens and evens out the skin tone, and conceals 
imperfections, for healthy skin and a natural looking complexion </li>",67.8
Ghalior Paris,121019395,,58.0
Ghalior Paris,121019397,<p><strong>Highlights:</strong></p><ul><li>12-hour lasting</li><li>Well separated lashes</li><li>Easy make-up removal</li><li>A brush suitable for the formula</li><li>Take care of lashes</li></ul>,57.0
Ghalior Paris,121019403,,46.0
Ghalior Paris,121019404,"<p><strong>Highlights:<br></strong></p><ul><li>Smooth skin</li><li>Reduced pores</li><li>Unified complexion</li><li>Soft, velvety texture</li><li>Matte effect all day</li><li>Improves the hold of the foundation during the day.</li><li>For all skin types</li></ul>",62.6
Colgate,121019408,<p><strong>Highlights:</strong></p><ul><li>Blocks & Repairs</li><li>Prevents sensitivity coming back</li><li>Helps to strengthen gums and prevent gum recession.</li></ul>,40.0
Cantu,121019417,"<p><strong>Highlights:</strong></p><p>Hydrates & quenches thirsty strands<br>Adds moisture & manageability<br>Infused with shea butter, coconut oil & honey</p>",48.3
Titania,121019436,,12.0
La Roche Posay,121019462,<p><strong>Highlights:</strong></p><ul>  <li>All skin types  </li>  <li> Skin Friendly ingredients  </li>  <li> 100 percent genuine item</li></ul>,148.7
CeraVe,121019474,,92.0
Titania,121019511,,20.0
Oral B,121019558,,273.0
Ducray,121019588,<p><strong>Highlights:</strong></p><ul>  <li>Shampoo is a salon-quality formula with a blend of natural ingredients  </li>  <li> This shampoo gently cleanses whilst smoothing and nourishing hair  </li>  <li> Ensures excellent hair treatment and leaves hair feeling moisturised and beautifully soft&nbsp;</li></ul>,93.0
Ducray,121019590,"<p><strong>Highlights:</strong></p><ul><li>Helps reduce the appearance of chronic hair loss</li><li>A revitalizing lotion to revitalize and strengthen for stronger, healthier looking hair. </li></ul>",332.0
Yardly,121019632,,20.0
Gillette,121019636,,30.0
Gillette,121019638,<p><strong>Highlights:</strong></p><ul><li>Intensely hydrates the skin making it supple and silky</li><li>Give You A Clean Look After Shaving</li></ul>,31.0
Gillette,121019642,,60.0
Nexcare,121019652,"<p><strong>Highlights:</strong></p><ul><li>A gel-filled pack to use either cold or hot to help relief pain</li><li>Ideal for toothaches, nosebleeds, insect bites for pain and swelling</li><li>Essential product for the household if you have kids</li></ul>",28.0
Nexcare,121019653,,21.0
Professional,121019664,"<p><strong>Highlights:</strong></p><li> Their gentle exfoliating properties buff away dead surface 
cells, promoting greater hydration and enhancing the absorption of your 
skincare products.  </li><li>
 A natural exfoliator made from the fibrous interior of the loofah 
plant.</li><li>Use with your favorite liquid or bar soap to remove dead skin 
cells, stimulates blood circulation, and leaves your skin smooth.  </li><li>
 Also great for household cleaning and scrubbing. </li>",19.0
NOW,121019720,,100.0
Lee Stafford,121019741,,95.45
La Roche Posay,121019754,,131.0
La Roche Posay,121019756,,128.7
Vichy,121019760,,216.53
Royce,121019773,,165.0
Kooln Soothe,121019786,,45.0
Durex,121019798,<p><strong>Highlights:<br></strong></p><ul><li>Durex Play Sweet Strawberry is a fun and tasty way to sweeten up your sex life</li><li>Infused with the fresh taste and aroma of strawberries for a guilt free pleasure</li><li>Water Based</li><li>Safe to use with all Durex Condoms</li><li>Durex meets worldwide quality standards</li></ul>,47.0
CeraVe,121019802,"<p><strong>Highlights:</strong></p><ul><li>It cleans, moisturizes and helps restore the skin’s protective defenses</li><li>Enriched with 3 Essential Ceramides and Hyaluronic Acid</li><li>Gentle on the complexion</li></ul>",117.99
La Roche Posay,121019806,,103.47
Dr Brush,121019909,"<h3><strong>Highlights:</strong></h3><ul><li><strong>Dr Brush Dental Wax is a dental care product formulated with natural ingredients, designed to help protect sensitive teeth and fill gaps caused by missing or damaged teeth.&nbsp;</strong></li><li><strong>The wax is easy to use, certified safe, and helps to reduce tooth sensitivity & discomfort.</strong></li><li><strong> It effectively seals gaps, and is gentle for daily use.</strong></li></ul>",10.0
CeraVe,121019983,,66.7
Cetaphil,121020003,"<h2><strong>Highlights:</strong></h2><h3>Rich cream is clinically proven to provide intense and lasting 48-hour hydration.</h3><ul>
<li><strong>Specially formulated with a dermatologist-backed blend of niacinamide (vitamin B3), panthenol (pro-vitamin B5) and hydrating glycerin to help improve the resilience of sensitive skin</strong></li><li><strong>Significant skin barrier improvement in 3 days with complete restoration in 1 week</strong></li><li><strong>97% of users reported that skin seems more hydrated</strong></li><li><strong>Dermatologist tested and clinically proven to be gentle on sensitive skin</strong></li></ul><p><strong><br></strong></p><p><strong><br></strong></p>",149.57
Blade,121020160,,105.0
Gillette,121020198,<p><strong>Highlights:</strong></p><ul>  <li>Closer shave with fewer nicks and cuts (vs 2-bladed disposables)  </li>  <li> Easy-glide MoistureRich Strip helps razor glide over skin for a comfortable shave  </li>  <li> Skin protective microfins help reduce nicks and cuts  </li>  <li> Specially designed handle to maneuver easily around hard-to-shave spots like ankles and knees </li></ul>,41.4
Green Wealth,121020606,,120.0
Professional,121020623,"<p><strong>Highlights:</strong></p><li> It helps smooth the body and lighten the skin tone, and is also used to stimulate blood circulation.</li><li> It is used to get rid of dead cells that are found on the skin, eliminate skin appendages, and eliminate all dry skin cells.</li><li> It lightens the pores of the body.</li>",21.85
Bioderma,121020625,"<p><strong>Highlights:</strong></p><ul><li>It Raises The Skin\'s Tolerance Threshold.</li><li>The Skin Is Resistant And Thus Better Protected Against External Attack, So It Becomes Less Reactive.</li><li>Bioderma Sensibio Eye Contour Gel Instantly Soothes Feelings Of Discomfort And Irritation.     </li></ul>",133.0
Kiss,121020651,"<p><strong>Highlights:</strong></p><ul>  <li>Glue Free, Chip Proof, No Dry Time!  </li>  <li> Safe On Natural Nails, With Hassle-Free Removal.  </li>  <li> Superhold Adhesive Allows Nails To Stay Put And Stay Perfect </li></ul>",67.0
Kiss,121020652,,72.0
Kiss,121020653,,85.0
Kiss,121020656,<p><strong>Highlights:</strong></p><ul><li>Dries in seconds</li><li>Dispensing tip</li><li>Secure hold</li></ul>,27.0
Kiss,121020661,"<p><strong>Highlights:</strong></p><ul>  <li>Created with Multi-Angle Technology  </li>  <li> Adds length, depth & volume  </li>  <li> Contact lens friendly </li></ul>",48.0
Kiss,121020664,,41.0
Kiss,121020665,,133.0
Laperva,121020669,"<p><strong>Highlights:</strong></p><ul><li>No added sugar.</li><li>Suitable for vegetarians.</li><li>Rich in fiber.</li><li>Cholesterol free.</li><li>It is also suitable for keto dieters.</li><li>Rich in protein, contains 30 grams for two pieces.</li></ul>",16.0
Laperva,121020670,,18.0
Laperva,121020673,,14.0
La Roche Posay,121020674,,209.57
Vichy,121020675,,153.91
Vichy,121020676,,164.36
Jullyderm,121020681,,170.0
ISDIN,121020722,"<p><strong>Highlights:</strong></p><ul><li>Absorbs immediately</li><li>Doesn’t leave greasy residue</li><li>Doesn’t irritate eyes, is non-comedogenic and mineral oil free, and provides oil control.</li></ul>",170.0
Afle,121020726,"<p><strong>Highlights:</strong></p><li>Daily soft contact lenses provide clear and comfortable vision.</li><li>The lenses are soft, flexible, and fit comfortably against your eyes.</li><li>They are convenient to use and don\'t require nightly cleaning or storage when not in use.</li>",30.0
Louis Widmer,121020749,,77.0
Vichy,121020760,,217.3
Eucerin,121020762,,105.8
Eucerin,121020764,,138.0
Laino,121020767,,145.0
La Roche Posay,121020774,"<p><strong>Highlights:</strong></p><ul><li>Apply 30 minutes before exposure and re-apply frequently and generously every two hours to maintain protection especially after swimming, perspiring or towelling. Avoid exposure to the sun during the hottest hours of the day</li><li>Comes 50 ml </li></ul>",149.5
Manzanilla,121020778,,70.0
Bambi,121020779,<p><strong>Highlights:</strong></p><ul><li>With pure water and mild ingredients to clean baby\'s skin upon diapering.</li><li>It is enriched with Vitamin E to nourish the skin and enhanced with Aloe Vera for a moisturizing effect.</li></ul>,33.0
Holista,121020809,,152.0
La Roche Posay,121020812,,200.0
Lee Stafford,121020834,"<p><strong>Highlights:</strong></p><ul><li>Apply to wet hair, massage gently into a lather and rinse well. Repeat if necessary</li><li>Violet shampoo the ideal shampoo for blonde hair coloured should be used once or twice weekly hair magazine 2013 - best shampoo for blondes</li><li>You can use dry shampoo to cleanse hair more t</li></ul>",95.45
Lee Stafford,121020835,,95.45
Lee Stafford,121020838,,52.0
Uriage,121020841,,110.0
Lee Stafford,121020844,,53.0
Otosan,121020893, ,46.0
Star Pharma,121020895,,49.5
Dymatize,121020898,,339.0
Optimum Nutrition,121020899,"<h3><strong>Highlights:</strong></h3><ul><li><strong>By using WPI as the primary ingredient along with premium ultra-filtered whey protein concentrate (WPC), we're able to pack 24g blended protein consisting of whey protein isolate, whey protein concentrate, and whey peptides/hydrolysates to support lean muscle mass.</strong></li><li><strong>The primary protein source is Isolate, they don't call it the Gold Standard of quality for nothing. pack 24 grams of protein into every serving to support your muscle-building needs after training.</strong></li><li><strong>This superior quality powder has been proved to mix easily using a shaker cup or just a glass and spoon. There's no doubt that this is the standard by which all other whey proteins are measured.</strong></li><li><strong>Each serving of Gold Standard 100% Whey contains 24 g of premium whey protein to support muscle growth and recovery, 11 grams of naturally occurring EAAs, including 5.5 grams of naturally occurring BCAAs, and over",320.0
Dymatize,121020903,,260.0
Dymatize,121020904,,147.0
Optimum Nutrition,121020905,<p><strong>Highlights:</strong></p><ul><li>More Than 59 Grams of High-Quality Protein</li><li>260 Grams of Carbohydrates</li><li>1500mg Of Added Creatine Blend</li><li>Rich In Vitamins and Minerals and Digestion Enzymes</li><li>10 gm of BCAA\'s Essential Amino Acids</li></ul>,210.0
Optimun Nutrition,121020908,<p><strong>Highlights:</strong></p><ul><li>For Muscle Support & Recovery</li><li>24 g Protein - Helps Build and Maintain Muscle‡</li><li>5.5 g BCAAs** - Supports Endurance and Recovery</li><li>Whey Protein Isolate</li><li>Primary Source</li><li>Banned Substance Tested</li><li>Artificially Flavored</li><li>100% of the Protein from Whey</li><li>Protein Powder Drink Mix</li><li>No Artificial Growth Hormones</li><li>Authentic Optimum Nutrition Product</li><li>Gluten Free</li></ul>,154.0
Basix,121020910,"<h3><strong>Highlights:</strong></h3><ul><li><strong>Designed to aid in your weight loss efforts when used in combination with a healthy diet and regular exercise.</strong></li><li><strong>Contains 200 mg of caffeine to provide continuous energy during extended workouts, enhance metabolism, and aid fat loss.</strong></li><li><strong>Each scoop features a precise amount of l-carnitine, green tea, choline, l-tyrosine, and B- Vitamins.</strong></li><li><strong>Allows your Abs muscles to “Burst Out,” allowing for deeper muscle definition and separation.</strong></li></ul>",123.0
Basix,121020911,,123.0
Gillette,121020918,,94.0
Laperva,121020919,"<p><strong>Highlights:</strong></p><li>Provides a good source of protein to support muscle maintenance and recovery after workouts and physical activities.</li><li>Enjoy
 a delicious passion fruit flavor, sweetened with sucralose for a 
low-calorie, guilt-free treat that helps maintain healthy hair, skin, 
and nails.</li>",14.0
Normazal,121020969, ,40.87
Vichy,121020985,,85.22
Laperva,121021001,,210.0
Helenvita,121021016,<p><strong>Highlights:</strong></p><ul><li>Dermatologically tested.</li><li>Clinically tested.</li><li>Paraben Free.</li></ul>,180.0
Helenvita,121021022,<p><strong>Highlights:</strong></p><ul><li>Clinically tested.</li><li>Dermatologically tested.</li><li>Ophthalmologically tested.</li><li>Without parabens.</li></ul>,150.0
Helenvita,121021026,,150.0
Helenvita,121021028,"<p><strong>Highlights:</strong></p><ul><li>Clinically Tested</li><li>Dermatologically Tested</li><li>Without Parabens</li><li>Boosts cell renewal during nighttime.</li><li>Its enhanced formula, increases elasticity and firmness of the skin, visibly improving lines and wrinkles.</li></ul>",220.0
Petal Fresh,121021032,,60.0
Armalla,121021034,,76.0
Eco Styler,121021036,,45.0
ISDIN,121021046,"<p><strong>Highlights:</strong></p><ul><li>Potassium nitrate, sodium fluoride and bioadhesive agent for a 
cleaning action, reducing sensitivity, promoting enamel mineralization 
and anti-plaque</li><li>Attenuates toothache</li><li>Pro protects and maintains healthy gums</li><li>Reduces sensitivity</li><li>Pro moves the enamel mineralization</li><li>Pro protects against plaque</li><li>Ideal for cases of dental hypersensitivity or after hygiene or professional bleaching</li><li>Pleasant taste to ensure long-term use</li><li>Long-term results</li><li>Protected and healthy teeth and gums</li></ul>",52.0
Eucerin,121021049,<h3><strong>Highlights:</strong></h3><ul><li><strong>Suitable for rough and wrinkled skin.</strong></li><li><strong>Gently exfoliates the skin and improves the condition of dry skin.</strong></li><li><strong>Provides the skin with 48-hour hydration.</strong></li><li><strong>Fragrance free.</strong></li></ul>,111.0
Giovanni,121021053,,60.0
Petal Fresh,121021054,,45.0
Giovanni,121021057, ,60.0
Lapreva,121021086,,135.0
Laperva,121021087,<h3><strong>Highlights:</strong></h3><ul><li><strong>Enhance Physical Performance and Reduce Tiredness</strong></li><li><strong>Maximizing Your Bodies Potential</strong></li><li><strong>Enhance Fat Loss</strong></li><li><strong>Support Peak Mental and Physical Performance</strong></li></ul>,134.78
Laperva,121021088,"<h3><strong>Highlights:</strong></h3><ul>  <li><strong>&nbsp;LAPERVA ISO TRIPLE ZERO: Whey Isolated from laperva is a pure protein
 supplement that includes both whey peptides and whey isolate. 28g of 
quality whey protein, 5.5g of BCAA, 4g of glutamine, and precursors are 
all included in every serving  </strong></li>  <li><strong>ABSORBS QUICKLY & DIGESTS EASILY:Whey peptides are a highly pure, 
quickly absorbed, and quickly digested form of whey protein that helps 
to maintain and build muscle mass.  </strong></li>  <li><strong>DELESIOUS and EASY TO MIX: There is no aftertaste or chalky texture. 
We offered around nine fantastic milkshake flavors that blend. In a 
glass or shaker cup, combine with cold water or skim milk. And here we 
are trying to bring more flavors to you.  </strong></li>  <li><strong>LOW FAT AND SUGAR: We created this amazing whey protein isolate powder
 with no sugar, fats, or carbs. This makes this protein powder perfect 
for losing weight. Also, it d",365.0
Nivea,121021187,"<p><strong>Highlights:</strong></p><ul><li>Provides reliable 48h antiperspirant protection</li><li>Infused with Vitamin C</li><li>For softer, fairer and even toned underarms</li><li>Anti-yellow staining formula and quick dry</li><li>Skin tolerance dermatologically proven</li></ul>",26.0
Owala,121021210,"<p><strong>Highlights:</strong></p><ul><li>The Owala FreeSip Made of BPA- and phthalate-free, stain and odor-resistant durable Eastman Tritan plastic with Locking Push-Button Lid easily tackles every thirst.&nbsp;</li><li>With a built-in, easy-clean straw and a wide-mouth opening, the FreeSip reusable bottle is designed for drinking two different ways: sipping upright through the straw or tilting back to swig from the wide-mouth spout opening. - Flip-top lid: With the flip-top lid, you simply press the button and this bottle springs open ready for action.</li></ul>",52.17
Color Wow,121021291,"<h2><strong>Highlights:</strong></h2><ul>  <li><strong>innovative, ultra-light, alcohol-free spray for natural curls and waves</strong></li><li><strong>all-in-one solution for most wavy, classic curls and spirals</strong></li><li><strong>delivers all the advantages of a gel, serum and cream in one product</strong></li><li><strong>does not weigh the hair down</strong></li><li><strong>light-weight formula</strong></li><li><strong>supplies curls with moisture and frizz protection</strong></li></ul>",145.0
Color Wow,121021292,,150.0
Urban Decay,121021293,,155.0
The Ordinary,121021294,,70.0
beauty of Joseon,121021295,"<h3><strong>Highlights:</strong></h3><ul><li><strong>Beauty Of Joseon Sun Screen Contains 30% rice extract and fermented grain extract providing moisture and nourishment to the skin.</strong></li><li><strong>Beauty Of Joseon Soothing Rice Probiotics Rich in vitamins B, C, and E, amino acids, and minerals that help moisturize and soothe dry skin.</strong></li><li><strong>Beauty Of Joseon SPF The skin gently absorbs it without leaving a white or greasy film</strong>.</li></ul>",90.85
La Roche Posay,121021344,<p><strong>Highlights:</strong></p><ul>  <li>Brand: La Roche-Posay  </li>  <li> Category Type: Face  </li>  <li> Suitable Skin Type: Oily  </li>  <li> Size: 15 ml  </li>  <li> Type: Creams  </li>  <li> Texture: Cream  </li>  <li> Recommended Use: Blemishes&nbsp;</li></ul>,95.0
Filorga,121022149,"<p><strong>Highlights:</strong></p><li>Highly concentrated for visibly regenerated skin and a more youthful appearance</li><li>Formula incorporating ncef, a unique polyrevitalizing complex derived from aesthetic medicine</li><li>Power of retinol is combined with a dna complex + Vitamin C for younger-looking skin</li><li>Ultra-light texture with high absorption</li><li>Ultra-light high-penetration gel water texture</li>",400.0
La Roche Posay,121022251,"<p><strong>Highlights:</strong></p><ul>
<li>This ultra hydrating hyaluronic acid face and neck serum leaves skin feeling plump to the touch.</li><li>Repairs by replenishing skin’s natural moisture barrier. </li><li>This serum combines concentrated pure hyaluronic acid| madecassoside and vitamin B5 for optimal effectiveness.</li></ul>",209.57
Vaseline,121022279,"<p><strong>Highlights:</strong></p><ul>
<li>Infused with Vaseline Jelly and Hyaluronic acid formula, this body Lotion hydrates and cools down your skin</li><li>Contains vitamin E and vitamin C for nourished, fresh and radiant looking skin</li><li>This body lotion is crafted for hot and humid climates, it soothes the skin from heat and dryness</li><li>Lightweight, non-sticky and fast-absorbing body lotion that is perfect for summer</li></ul>",53.23
Aptamil,131000005,"<p><strong>Highlights:</strong></p><ul>
<li>AptamilAdvance 1 infant formula with Pronutra Advance is specifically tailored to support you baby’s nutritional requirements from 0-6 months.</li><li>It is the only formula with Pronutra® - ADVANCE combining our unique blend of ingredients with our advanced unique process.</li><li>Special features: Regular Formula</li></ul>",53.51
Cerelac,131000049,<p><strong>Highlights:</strong></p><ul><li>Easy Digestibilitycerelac Stage 2 (6 Months +)</li><li>Made With 100% Natural Ingredients</li></ul>,67.0
Progress,131000224,"<p><strong>Highlights:</strong></p><ul>
<li>S-26 Progress GOLD with the Nutrilearn system, contains a nutrition system designed to ensure your growing baby receives essential nutrients in the right amounts to empower him to learn and achieve</li><li>For toddlers from 1-3 years</li></ul>",37.0
Deiters,131000724, ,55.0
Bambi,141000824,"<p><strong>Highlights:</strong></p><ul>  
<li>Baby wet wipes with a special formula that cleans baby\'s skin and help prevent rashes  </li>  
<li> It has great moisturizing properties and is effective in regulating the skin leaving it soft and radiant  </li>  
<li> Alcohol-free and dermatologically tested </li></ul>",35.0
Bambi,141000826,"<p><strong>Highlights:</strong></p><ul>  
<li>Baby wet wipes with a special formula that cleans baby\'s skin and help prevent rashes  </li>  
<li> It has great moisturizing properties and is effective in regulating the skin leaving it soft and radiant  </li>  
<li> Alcohol-free and dermatologically tested </li></ul>",39.0
Durex,142000018,<p><strong>Highlights:</strong></p><ul><li>Overwhelmed with sensation from Warming Lube.</li><li>Silky Lube that creates a tingling sensation .</li><li>Sensi-fit Condoms .</li><li>Smells Better.</li></ul>,88.5
Durex,142000026,<p><strong>Highlights:</strong></p><ul>  <li>ENHANCE THE PLEASURE: Durex Play Tingle is a long lasting silky lube with a cooling sensation  </li>  <li> FLAVOURED INTIMATE LUBE: A completely new zingy sensation to add tingles to your love making  </li>  <li>CONDOM FRIENDLY: Safe to use with all Durex Condoms</li>  <li> DERMATALOGICALLY TESTED: Durex meets worldwide quality standards </li></ul>,57.0
Always,143000020,"<p><strong>Highlights:<br></strong></p><ul>
<li>Comfortable pads that allow airflow and absorb light menstrual flow or vaginal secretions.</li><li>It gives you high protection throughout the day and controls odors.</li><li>Fixed in place and soft on your skin.</li><li>It features a top layer that always leaves you dry to keep your skin soft, healthy and fresh</li><li>An ideal choice to keep you feeling fresh and clean throughout your day.</li></ul>",16.0
Private,143000150,"<p><strong>Highlights:<br></strong></p><ul><li>Sanita Feminine Tri Fold Private Maxi Pocket Normal Napkins 30 Pads 
offers feminine protection with glamour all the way.</li><li>comes with 30 
compressed pads.</li><li>Sanita Feminine are soft pads and cotton pads for women 
pads and wings pads.</li><li>Cotton Soft are sanitary pads designed compressed 
7mm thick to provide maximum discretion and protection with a natural 
cotton-feel cover.</li></ul>",22.9
Fam,143000154,<p><strong>Highlights:<br></strong></p><ul><li>Practical soft Maternity Napkins</li><li>Made of Soft cotton-like material</li><li>Ultra-absorbent for maximum comfort</li><li>Unites per Pack: 20 Pads</li></ul>,19.0
Fam,143000206,"<p><strong>Highlights:<br></strong></p><ul>
<li>The pad has wings for better fit, flexibility and leak control.</li><li>Femme feminine pads have theallure of a natural cotton feel.</li><li>Designed for your comfort and softer than ever before</li><li>The design and security of each femme provides round-the-clock protection, leaving you feeling confident to go on with your day.</li><li>Pad features wings for better fit,flexibility, and leakage control.</li><li>Top cover in natural cotton feel for unique softness and comfort</li></ul>",7.0
Freshdays,143000301,"<p><strong>Highlights:</strong></p><ul><li>Freshdays Breathable panty liners</li><li>Natural Cotton feel</li><li>So flexible & Soft, you can barely feel it</li></ul>",28.0
Carefree,143000330,"<p><strong>Highlights:<br></strong></p><ul><li>CAREFREE Vented Feminine Sanitary Pads for a Fresh Feeling with Natural 
Cotton Extract for the Cottony Feel of Underwear.</li><li>It has a light, 
refreshing scent. Skin compatibility dermatologically tested.</li></ul>",44.63
Kotex,143000349,<p><strong>Highlights:</strong></p><ul><li>Natural made of 100% Cotton.</li><li>Tested to be gentle on your skin</li><li>100% recycled and environmentally friendly.</li></ul>,23.0
Methycobal,14987028666919,"<p><strong>Highlights:</strong></p><ul>
<li>Methycobal 500 mcg Ampoul Mecobalamin: Product of Eisai, Japan</li><li>Contain Mecobalamin (Vitamin B12) 500 mcg in each ampoule</li><li>Effective by Supportive for Adult Peripheral nerve health.</li></ul>",59.8
Methycobal,15000000000000, ,24.0
Accu Check,151000005,<p><strong>Highlights:<br></strong></p><ul><li>Accu-Chek Active Diabetic Test Strips</li><li>Comes 50 strips</li><li>Refer to the packaging for information on use</li><li>Comes in Hygienic packaging</li></ul>,70.0
Geratherm,151000530,<h3><strong>Highlights:</strong></h3><ul><li><strong>Ability to display time and date.</strong></li><li><strong>Its memory is sufficient for two people to accommodate 50 readings.</strong></li><li><strong>Can be connected to the mains adapter.</strong></li></ul>,285.0
Contour,151001146,"<p><strong>Highlights:</strong></p><ul>
<li>High-performance test strips with next generation accuracy</li><li>Multi-pulse technology evaluates a single blood sample 7 times for exceptional accuracy</li><li>Provide accurate blood glucose level readings without the use of manual coding</li></ul>",110.0
Louis Widmer,151001331,"<p><strong>Highlights:</strong></p><ul><li>Aluminium chlorohydrate reduces excessive perspiration.</li><li>the products contain high quality active ingredients</li><li>Inhibits sweating</li><li>Optimally tolerated, even by extremely sensitive skin</li><li>24-hour effect</li><li>No alcohol</li><li>Also suitable for use on hands and feet</li></ul>",66.95
Uriage,151001363,,140.0
Avene,151001416,,129.0
Braun,151001470,"<h3><strong>Highlights:</strong></h3><ul>
<li><strong>Memory for 40 measurements with time and date for 2 users</strong></li><li><strong>Soft inflation technology for more comfortable measurement</strong></li><li><strong>Two cuff sizes for most accurate reading</strong></li></ul>",450.0
Contour,151001589,"<p><strong>Highlights:</strong></p><ul>
<li>Features a generously sized display that makes reading the data easy</li><li>Crafted with high quality material</li><li>Features an easy-slide strip ejector that avoids blood contact</li><li>Consumes minimal blood with fast and accurate results</li><li>Presents an easy and simple operative design</li><li>Easy To Carry and Store</li></ul>",140.0
Accu Check,151001643,"<p><strong>Highlights:</strong></p><ul>
<li>Get instant clarity of your blood glucose level with Accu-Chek Instant meter</li><li>Delivers accurate results in just 5 seconds</li><li>Easy-to-read display for convenient operations</li><li>Two button functioning for intuitive handling</li><li>Stores up to 500 results for user comfort</li><li>Perfect for both fasting and post meal markers</li><li>Easy and fast as checking your phone messages</li></ul>",220.0
Philips,151001723,"<p><strong>Highlights:</strong></p><ul>
<li>Fast aerosol medication treatment</li><li>Sturdy handle for easy transportation</li><li>Compatible with commonly prescribed nebulizer medications</li><li>Robust home use device designed for continuous use</li><li>Built-in storage to house your nebulizer, masks, tubing and power cord</li></ul>",300.0
PIC,151001760,"<p><strong>Highlights:</strong></p><ul>
<li>mmediate well-being thanks to the instant action of intense cold</li><li>Helps minimise damage by decreasing blood flow</li><li>Effective cooling spray that works to deliver cold therapy to the affected or swollen area</li></ul>",58.0
Surealy,151001764,"<p><strong>Highlights:</strong></p><ul>
<li>Surearly Digital Ovulation Test Kit Includes Easy to Use Reader and 7 Interchangeable Testing Strips. Maximize Chances of Natural Pregnancy. Over 99 percent Accurate in LH Surge Detection</li><li>We don\'t know when or if this item will be back in stock. Surearly digital ovulation test helps you in maximizing the chances of getting pregnant naturally. You on longer have to play the guessing game on which days are the best for you With our test, you can easily find your 2 most fertile days</li><li>Our ovulation test is over 99 percent accurate in detecting the Luteinizing Hormone (LH) Surge. During LH Surge, ovulation is most likely to occur and Surearly helps detect the most fertile period for you</li><li>With our easy to read and understand digital reader, you on longer have to deal with confusing lines to see the results. When It\'s the perfect time for you, the reader will show \""YES\"" with a heart. It will show a simple \""on\"" if It\'s n",138.0
Beurer,151001776,"<p><strong>Highlights:</strong></p><ul>
<li>Infrared heat massage</li></ul><ul>
<li>Depth effect through infrared heat</li></ul><ul>
<li>Adjustable non-slip handle </li></ul>",225.0
Astroglide,15594010830, ,35.0
Astroglide,15594010847,"<p><strong>Highlights:</strong></p><ul><li>Thick, Stay-Put Formula</li><li>Easy Clean-Up, Gentle Warming Sensation</li><li>Long-Lasting, Condom-Compatible</li><li>Compatible with natural rubber latex and polyurethane condoms</li></ul>",35.0
Astroglide,15594011134, ,75.0
Aloedent,161000007,<p><strong>Highlights:</strong></p><ul><li>Helps to prevent cavities and offers natural whitening</li><li>Supports in the fight against gum disease and dental decay</li><li>Menthol gives fresh minty taste and reduces mouth odour</li></ul>,33.01
Vitanes Nature,204000611376,"<p><strong>Highlights:</strong></p><ul><li>Contains both EPA and DHA which when combined contribute to the normal function of the heart.</li><li>Essential Fatty Acids are considered essential as they cannot be made by the body and have to be consumed within the diet.</li><li>VITANE Omega 3-6-9 combines fish oil with flaxseed oil and Borage seed oil to help you obtain sufficient quantities of essential fatty acids in a contaminant-free, pure form.</li><li>Fish oil Omega is a highly concentrated and purified Omega-3 Fish Oil selected from the finest deep sea, cold water fish.</li><li>VITANE Omega 3-6-9 provides superior absorption of Omega-3 EPA and DHA fatty acids by the body.</li><li>VITANE Omega 3-6-9 is molecularly distilled to remove mercury and heavy metals.</li></ul>",180.0
Dolvic,26285157000105, ,11.15
Naphcon,300650287036, ,17.25
Oral B,3014260020866,"<h3><strong>Highlights:</strong></h3><ul><li><strong>Reduces gingivitis to improve gum health. Positioned in opposing directions, CrissCross bristles are designed to flex and then straighten, actively penetrating between the teeth and along the gum line to lift and sweep plaque away.</strong></li><li><strong>Helps Clean hard-to-reach areas with longer Power Tip bristles, which penetrate deeper between teeth than a flat trim toothbrush with 16° CrissCross bristles.</strong></li><li><strong>Removes odor-causing germs, significantly reducing oral malodor.</strong></li><li><strong>Whiter smile. Fresher breath.</strong></li><li><strong>Thanks to its flexibility, the Clinic Line Pro-Flex delivers an outstanding clean, gentle on enamel and gums</strong></li><li><strong>Ergonomic, nonslip handle provides comfortable and secure handling.</strong></li></ul>",33.0
Oral B,3014260782818,<h3><strong>Highlights:</strong></h3><ul>  <li><strong>Helps keep germs away from teeth  </strong></li>  <li><strong> Cleanse the teeth  </strong></li>  <li><strong> Easy to use  </strong></li>  <li><strong> Recommended by dentists worldwide&nbsp;</strong></li></ul>,18.0
Cetaphil,302993917533,"<p><strong>Highlights:</strong></p><ul>
<li>#1 Doctor Recommended Sensitive Skincare Brand</li><li>Very Dry to Dry, Sensitive Skin</li><li>Hydrates for 48 hours & Fully Restores Skin Barrier</li><li>Sweet Almond Oil & Essential Vitamins B5 & B3</li><li>5 Skin Sensitivity Signs</li><li>Paraben Free</li><li>Won\'t Clog Pores</li><li>Hypoallergenic</li><li>Trusted by Dermatologist for 75 Years</li></ul>",32.67
PanOxyl,303160227066,"<p><strong>Highlights:</strong></p><ul>
<li>Dermatologist Recommended</li><li>Clears Existing Acne Blemishes and Helps Prevent New Blemishes from Forming</li><li>Treats Acne on Face and Body</li><li>Formulated to be Gentle on Skin</li><li>Contains Benzoyl Peroxide, an Antibacterial Ingredient</li><li>For Daily Acne Control and Maintenance</li><li>Clears Existing Acne, Helps Prevent New Breakouts From Forming</li><li>Contains Moisturizers to Prevent Dryness</li><li>Free of Parabens, Fragrances & Phthalates</li></ul>",64.0
PanOxyl,303160228551,"<p><strong>Highlights:</strong></p><ul>
<li>Dermatologist Recommended</li><li>Clears Existing Acne and Helps Prevent New Breakouts from Forming</li><li>Treats Acne on Face and Body</li><li>Maximum Strength without a Prescription</li><li>Contains Benzoyl Peroxide, an Antibacterial Ingredient</li><li>Contains Moisturizers to Prevent Dryness</li><li>Free of Parabens, Fragrances & Phthalates</li></ul>",58.77
Vaseline,305210206779,"<p><strong>Highlights:</strong></p><ul>
<li>Protects dry, chapped lips provides long-lasting moisturization. </li><li>Helps to lock in moisture for beautiful, healthy lips. New product.&nbsp;</li><li>Gives lips a natural, glossy shine. </li><li>Made from pure Vaseline Jelly. Non sticky, non greasy formula, suitable for regular use.</li></ul>",10.75
Vaseline,305210231597,"<p><strong>Highlights:</strong></p><ul><li>MOISTURIZES AND PROTECTS: Packed with petrolatum, a proven moisturizer, this creates a protective barrier, locking in moisture and shielding the lips from dryness throughout the day</li><li>SUBTLE ROSY TINT: A touch of sheer pink adds a natural hint of color, perfect for those who want a healthy-looking flush without a full-on lipstick</li><li>KISS DRYNESS GOODBYE: This balm's long-lasting formula hydrates for hours, keeping the lips comfortably soft</li><li>SOFT, GLOSSY FINISH: Smooths and softens, leaving a beautiful, subtle sheen for a healthy touch</li><li>ON-THE-GO LIP CARE: Toss it in a purse, pocket, or bag – this keeps the lips happy wherever you go</li></ul>",10.75
Vaseline,305210232518,"<p><strong>Highlights:</strong></p><ul>
<li>Moisturizes lips.</li><li>It gives lips a natural gloss.</li><li>Treats dry lips.</li><li>Small size fits your bag.</li></ul>",10.75
Vaseline,305210464728,"<p><strong>Highlights:</strong></p><ul><li>Helps lock in moisture for beautiful, healthy lips</li><li>Gives lips a natural, glossy shine</li><li>Made with pure Vaseline Jelly</li><li>Provides long-lasting hydration and lip care</li><li>Choose from the original lip balm with the scent of rose, cocoa butter and brulee</li></ul>",9.67
Loreal,3061375361018,,70.15
Cottage,3141380059022,"<p><strong>Highlights:</strong></p><ul>  
<li>Detangle your knots today with Wet Hair Brush scientifically designed with flexible bristles  </li>  
<li> This brush also prevents split ends and breakage for healthy-looking hair from root to tip.  </li>  
<li> glide through wet or dry hair and gives you immense volume after each stroke </li></ul>",36.0
Cottage,3141380059053,<h3><strong>Highlights:</strong></h3><ul>  <li><strong>Neutral pH for skin  </strong></li>  <li><strong> Tested under dermatological supervision  </strong></li>  <li><strong> 100 Percent recyclable bottle and cap  </strong></li>  <li><strong> Specifically designed for regular use  </strong></li>  <li><strong> Removes the accumulation of dead cells&nbsp;</strong></li></ul>,36.0
Cottage,3141380059084,"<h3><strong>Highlights:</strong></h3><ul>  <li><strong>&nbsp;A fragrance: A refreshing evocation of a tropical cocktail revealing an
 explosion of thirst-quenching citrus on a melting and creamy heart of 
coconut  </strong></li>  <li><strong>
 A formula of natural origin* in a family format: Le Douche & Bain 
Lait Cottage 97% ingredients of natural origin* is specifically 
formulated to offer your skin all the qualities of a milk shower and a 
bubble bath, combined in a single product in a family size of 750 ml. 
More convenient, more economical and more ecological! (ISO16128 
standard)  </strong></li>  <li><strong> Respect for the skin and pH neutral nature for the skin. Dermatologically tested tolerance. Easily biodegradable formula.</strong></li></ul>",36.0
Ducray,3282770000000,"<h2><strong>Highlights:</strong></h2><ul>  
<li><strong>Nourishes and repairs intensely.</strong></li><li><strong>Makes detangling easier.</strong></li><li><strong>Dry hair&nbsp;</strong></li><li><strong>For Very dry and very damaged hair</strong></li><li><strong>Cream mask</strong></li><li><strong>Easy to style</strong></li><li><strong>Soft hair</strong></li><li><strong>Nourished hair</strong></li><li><strong>Summer fragrance</strong></li><li><strong>Apply to damp hair after using the shampoo</strong></li><li><strong>Leave on for 5 minutes</strong></li><li><strong>Rinse thoroughly</strong></li><li><strong>Once or twice a week</strong></li></ul>",122.0
Ducray,3282770037418,"<p><strong>Highlights:</strong></p><ul>
<li>Deeply moisturizing cream suitable for
            acne-prone skin that exhibits signs of irritation and dryness.</li><li>helps repair the damaged cutaneous barrier and restores skin comfort.</li><li>Skin is immediately soothed and moisturized, and sensations of irritation are reduced (redness, dryness, flakiness).</li></ul>",123.0
Avene,3282770049381,"<h3><strong>Highlights:</strong></h3><li><strong>Fills the wrinkles and tightens the skin around the eye contour.&nbsp;</strong></li><li><strong>The
 skin benefits from the complementary action of AscofillineTM, 
Hyaluronic Acid Mono-Oligomers, and Retinaldehyde: the skin is 
replenished with collagen and hyaluronic acid.</strong></li><li><strong>Reduces stubborn puffiness and dark circles, thanks to the decongestant effects of dextran sulfate.</strong></li><li><strong>Soothes: rich in Avène Thermal Spring Water, soothing and anti-irritating.</strong></li><li><strong>REDUCES visible wrinkles with Ascofilline&trade; and Hyaluronic Acid.</strong></li><li><strong>SMOOTHS AND TIGHTENS the skin around the eyes.</strong></li>",291.0
Ducray,3282770204780,"<p><strong>Highlights:</strong></p><ul>  <li>HYDRATION FORMULATED FOR NORMAL TO DRY SKIN ICTYANE lotion protects the
 skin from dehydration and provides hydration to restore suppleness and 
softness  </li>  <li> DOUBLE EFFICACY Protects the skin from dehydration caused by cold (-10°C) and heat (+35°C)  </li>  <li> FLUID, NON-STICKY TEXTURE Guarantees rapid absorption and allows immediate dressing  </li>  <li> Daily hydrating body care for normal to dry skin  </li>  <li> 48-hour* hydration to restore suppleness and softness  </li>  <li> Non-sticky texture </li></ul>",101.0
Avene,3282770207774,<p><strong>Highlights:</strong></p><ul><li>Gently removes impurities and excess oil while respecting the skin\'s natural balance and pH.</li><li>For face and body.</li><li>Manufacturer: Avene</li><li>Product form: Gel</li><li>Product function: Purifying</li></ul>,135.0
Avene,3282770208177,"<p><strong>Highlights:</strong></p><ul>  <li>Equivalent to 15% Pure Vitamin C* *In-vitro study  </li>  <li> Hyaluronic Acid: intense hydration, smoothing  </li>  <li>
 95% skin is brighter after 5 days** **% of satisfaction - user test on 
100 women, serum applied at least once daily for 5 days.&nbsp;</li></ul>",220.0
Ducray,3282770208818, ,71.0
Vichy,3337871324599,"<p><strong>Highlights:</strong></p><ul>  
<li>Controls odor and soothes skin  </li>  
<li> Gives you an immediate fresh sensation with up to 48-hour anti-perspiration efficacy  </li>  
<li> It works to resist moisture and unpleasant odours  </li>  
<li> Ultra dry antiperspirant protection  </li>  
<li> No smell, no irritation, no dryness and no itchiness&nbsp;</li></ul>",97.99
La Roche Posay,3337872413025,<p><strong>Highlights:</strong></p><ul>  <li>Body - moisturizing creams  </li>  <li> Sample of Effaclar Purifying Foaming Cleansing Gel for oily skin may or may not come with item  </li>  <li> Brand : La Roche-Posay&nbsp;</li></ul>,80.87
La Roche Posay,3337872414145,"<p><strong>Highlights:</strong></p><ul><li>Immediately soothes damaged and dry to very dry hands</li><li>Resistant to hand washing</li><li>Moisturizes for up to 48 hours</li><li>Helps replenish lost moisture</li><li>Fast-absorbing, non-greasy hand cream</li></ul><p><strong>How to use&nbsp;</strong></p><p><strong>Step 1:</strong> Use dime sized amount.</p><p><strong>Step 2:</strong> Apply and massage into hands daily as needed.</p><ul>
</ul>",73.04
CeraVe,3337875597272,"<p><strong>Highlights:</strong></p><ul><li>Reduce the appearance of dark circles and eye puffiness</li><li>Non-greasy, fast-absorbing formula</li><li>Suitable for all skin types</li><li>Non-comedogenic, fragrance-free</li><li>Ophthalmologist-tested for safety and allergy-tested</li><li>Developed with dermatologists</li><li>MVE Technology: Continually releases moisturizing ingredients for all-day hydration</li><li>Hyaluronic acid: Helps retain the skin’s natural moisture</li><li>Niacinamide: Helps calm your skin</li></ul>",89.0
La Roche Posay,3337875613491,<p><strong>Highlights:</strong></p><ul>  <li>With salicylic acid and micro-exfoliating lha  </li>  <li> Clears blackheads and smooths skin\'s texture  </li>  <li> Use as a moisturizer for mild acne.&nbsp;</li></ul>,170.43
La Roche Posay,3337875708289,"<h3><strong>Highlights:</strong></h3><ul><li><strong>Exfoliating dead cells without irritation, EFFACLAR Micro-peeling Purifying Gel helps remove dirt and excess sebum and clogs pores.&nbsp;</strong></li><li><strong>Reduces the size of dark spots and controls gloss. Leaves skin clean, soft and refreshed.</strong></li><li><strong>Salicylic acid: Decongests pores and eliminates serious imperfections.</strong></li><li><strong>LHA: Provides gentle micro-exfoliation and minimizes pores.</strong></li><li><strong>Zinc: Deeply heals the skin and reduces sebum.<br>Evaluation by people with acne prone skin *:<br></strong><ul><li><strong>The skin is smoother: 98%</strong></li><li><strong>The product does not leave oil on the skin: 98%</strong></li><li><strong>The aroma of the product is pleasant: 99%</strong></li></ul></li></ul>",155.0
Vichy,3337875734905,"<p><strong>Highlights:</strong></p><ul><li>15% Niacinamide [B3], Glycolic Acid [AHA], peeling actives</li><li>Corrects uneven skin tone and reduce appearance of wrinkles</li><li>Up to 71% of Dark spots are reduced</li><li>Fragrance-free, alcohol-free, no colorants</li><li>Hypoallergenic and tested on sensitive skin</li></ul>",230.43
Vichy,3337875796583,"<p><strong>Highlights:</strong></p><ul><li>Increased brightness by 40% and evenness by 51%</li><li>Fragrance-free, oil-free, silicone-free and absorbs quickly into skin\'s surface</li><li>Non-greasy, non-stick, and non-shiny feel</li><li>Boosts skin’s antioxidant protection & reduces oxidative damage</li><li>Reduces the visible discoloration caused by pollution</li><li>Helps in reducing fine lines and wrinkles</li></ul>",248.7
Vichy,3337875805025,"<p><strong>Highlights:</strong></p><ul>  
<li>Easy to maintain  </li>  
<li> Assures long lasting durability  </li>  
<li> Seamless functionality  </li>  
<li> Comes in a good packaging&nbsp;</li></ul>",88.55
La Roche Posay,3337875816809,"<p><strong>Highlights:</strong></p><ul>
<li>Madecassoside promotes the restoration of the epidermis to resorb the irritation.</li><li>Panthenol concentrated at 5% intensely relieves and reduces the discomfort sensations of irritated and dry areas.</li><li>Tribioma, complex of prebiotic active ingredients, that allows to rebalance the microbiome of irritated skin.</li></ul>",86.9565
La Roche Posay,3337880000000,"<p><strong>Highlights:</strong></p><ul><li>Effaclar Micropeeling gel helps remove dead skin cells without breakouts.</li><li>It also helps to remove impurities, get rid of excess sebum, and open pores deeply.</li><li>Reduces the appearance of blackheads and controls shine.</li><li>Leaves skin soft, clean and refreshed.</li></ul>",112.17
Careprost,342571128289,"<p><strong>Highlights:</strong></p><ul><li>Kereprost to lengthen and intensify the head hair</li><li>Eyebrow growth and thickening</li><li>Growth and volume of eyelashes</li><li>Known
 for improving the growth of hair follicles. This particular chemical 
compound is making up the prime component of Careprost Eyelash Serum, 
and it is working as an effective therapeutic solution for enhancing 
eyelashes growth.</li></ul>",38.26
Cetaphil,3499320009287,"<p><strong>Highlights:</strong></p><ul><li>Sunscreen lotion for face and body with SPF 50+.</li><li>Protects the skin from damage caused by exposure to sunlight.</li><li>Its formula is non-greasy, waterproof, fragrance-free, and paraben-free.</li><li>Designed for sensitive skin to protect and reduce sun-induced irritation.</li></ul>",97.0
Differen,3499320010832, ,18.75
Cetaphil,3499320011921, ,69.0
Cetaphil,3499320012423,"<p><strong>Highlights:</strong></p><ul>
<li>This gentle| low-foaming facial cleanser is perfect for everyday use. </li><li>Cetaphil Oily Skin Cleanser leaves your skin feeling soothed and balanced. </li><li>Removes excess oil without drying the skin</li><li>Soap-free|Non-comedogenic</li><li>Removes surface oils| dirt| skin debris and light make-up with a gentle-foaming action</li></ul>",98.0
Filorga,3540550008288,<p><strong>Highlights:</strong></p><ul>  <li>An Ultra-Lifting Serum  </li>  <li> Derived From Aesthetic Procedures  </li>  <li> For A Radical Anti-Ageing Effect </li></ul>,315.0
Filorgo,3540550009636,"<p><strong>Highlights:</strong></p><p>Filorga Age Purify Smoothing Purifying Cleansing Gel 150ml is a smoothing and purifying facial cleansing gel with an intensive new skin effect.</p><p>Its formula is enriched with smoothing and purifying active ingredients for simultaneously smoother and sharper skin:</p><p>Wrinkle Correction: Hyaluro Youth CX contains plumping hyaluronic acid, a smoothing peptide and a filling glycopeptide to smooth wrinkles and correct signs of aging.</p><p>Correction of imperfections: Dermo-Rescue CX combines five micro-peeling acids, sebum-regulating zinc, and a multi-purifying agent to reduce pores, redness, shine, pimples, and blackheads.</p>",110.0
johnsons,3574660674293,"<p><strong>Highlights:</strong></p><ul><li>Clinically proven mildness formula</li><li>Free from Dyes, Parabens, and phthalates</li><li>Enriched with honeysuckle extract</li><li>Helps protect baby skin from rubbing and chaffing</li><li>Gently cools and refreshes skin</li><li>Hypoallergenic & free from dyes, paraben</li><li>Paediatrician and dermatologist-tested.</li></ul>",25.3
Regaine,3574661047485,"<p><strong>Highlights:</strong></p><ul><li>Regaine 5% spray contains Minoxidil as an active ingredient, and it is used for men and women to treat baldness and hair loss.</li><li>Effective in cases of genetic baldness</li><li>Regaine 5% spray is specially designed for men because of its 5% concentration, it helps to treat male baldness</li><li>Regaine 5% spray , effective in treating beard hair loss and increasing its growth</li></ul>",86.35
Imodium,3574661089584, ,22.35
Imodium,3574661382470, ,6.45
johnsons,3574661458755,"<p><strong>Highlights:</strong></p><ul><li>Clinically proven mildness formula</li><li>Free from Dyes, Parabens, and phthalates</li><li>Made with purified talc, fully evaluated by scientific and medical experts</li><li>Helps protect baby skin from rubbing and chaffing</li><li>Absorbs moisture to leave skin soft, dry and feeling healthy</li><li>Hypoallergenic & free from dyes, paraben</li><li>Paediatrician and dermatologist-tested</li></ul>",24.96
johnsons,3574661464350,"<p><strong>Highlights:</strong></p><ul>
<li>Clinically proven suitable for newborn skin from day 1</li><li>Clinically Proven Mildness formula is specially designed for newborn baby’s delicate skin</li><li>Absorbs two times more moisture to protect newborn skin (vs. regular powder)</li><li>Blended with real cotton</li><li>Free from parabens and dyes</li><li>Contains naturally-derived corn starch</li><li>Ultralight airy formula</li></ul>",51.0
johnsons,3574669907316,"<p><strong>Highlights:</strong></p><ul>
<li>Specifically designed to be gentle versus regular adult products</li><li>NO MORE TEARS® formula is as gentle to the eyes as pure water</li><li>Enriched with a drop of argan oil</li><li>Boosts natural shine for silky smooth and healthy looking hair</li><li>Hypoallergenic (formulated to minimise the risk of allergies)</li><li>Free from dyes, parabens and alcohol</li><li>Paediatrician and dermatologist-tested</li></ul><p><strong><br></strong></p>",31.75
Rhinathiol,3582910020912, ,11.35
Enterogermina,3582910032373, ,74.8
Rhinathiol,3582910038139, ,8.7
Rhinathiol,3582910038146, ,8.1
Tizo,358892317011,"<h3><strong>Highlights:</strong></h3><ul><li><strong>20% Zinc Oxide formula calms and soothes</strong></li><li><strong>Gentle protection is ideal post-procedure use and sensitive skin</strong></li><li><strong>Photostable, will not degrade in sunlight</strong></li><li><strong>FREE of chemical sunscreen filters, dyes, fragrances, oils and preservatives</strong></li><li><strong>Reef Friendly</strong></li><li><strong>Non-tinted</strong></li><li><strong>Net Wt. 3.5 oz/100 g</strong></li></ul>",141.05
Tizo,358892326501,"<h3><strong>Highlights:</strong></h3><ul>
<li><strong>TiZO 3 SPF 40 Primer Sunscreen is an invisible primer that can be used 
in place of foundation primer.&nbsp;</strong></li><li><strong>It provides elegant, matte cosmetic 
protection from the harmful rays of the sun and contains many skin 
moisturizing substances.&nbsp;</strong></li><li><strong>It also has a superior ability to protect the 
skin from the effects of aging and pigmentation that appear due to 
exposure to harmful sunlight.</strong></li><li><strong>Can be used as a makeup primer and layers invisibly under foundation</strong></li><li><strong>Suitable for all skin types, including sensitive skin</strong></li><li><strong>Photostable, will not degrade in sunlight</strong></li><li><strong>Free of chemical sunscreen filters, dyes, fragrances, oils, and preservatives</strong></li></ul>",141.05
Tizo,358892336500,"<h3><strong>Highlights:</strong></h3><ul>  
<li><strong>Helps to prevent early skin aging  </strong></li>  
<li><strong> Mineral sunscreen for the face provides broad spectrum  </strong></li>  
<li><strong> Lightly mineral body sunscreen that offers stylish sun protection&nbsp;</strong></li></ul>",141.05
Tizo,358892339457,"<h3><strong>Highlights:</strong></h3><ul>
<li><strong>A sheer, plant-based sunscreen with SPF 45 and a colorless dewy finish.&nbsp;</strong></li><li><strong>A
 silky, plant-based, mineral-enriched sunscreen for face and body.&nbsp;</strong></li><li><strong>
Glides on easily to provide a smooth, almost invisible finish.</strong></li></ul>",33.15
Loreal,3600523627141,,36.8
Vichy,3612622152868,"<h3><strong>Highlights:</strong></h3><ul><li><strong>Purifies hair and scalp</strong></li><li><strong>Increases hair volume</strong></li><li><strong>Suitable for frequent use</strong></li><li><strong>Tested under dermatological control</strong></li><li><strong>Hypoallergenic formula</strong></li><li><strong>No silicone, no parabens</strong></li></ul>",90.0
Wella,3614226807298,"<p><strong>Highlights:</strong></p><ul>
<li>A gel used for all hair types and gives your hair an unparalleled shine.</li><li>It is preferable to use it for short hair to give your hair a wonderful look.</li><li>It provides your hair with strong stability, as the strength of its effect on hair stability is the sixth degree, which means the strongest degree of stability and its stability continues for 24 hours.</li><li>It is easy to wash, so there is no need to worry.</li></ul>",26.0
Uriage,3661434003639,<p><strong>Highlights:</strong></p><ul>  <li>Thermal micellar waters are perfectly suited for removing make-up  </li>  <li> Features uriage thermal water  </li>  <li> Enriched with apricot extract for its soothing power.&nbsp;</li></ul>,59.13
Uriage,3661434003660,"<p><strong>Highlights:</strong></p><ul>
<li>Cleanse and remove make-up</li><li>Enriched with green apple extract and Pore refiner, this product normalizes the amount of sebum on the skin.</li><li>Protects against dryness</li><li>Enriched with moisturizing Uriage Thermal Water.</li></ul>",74.0
Uriage,3661434006272,"<p><strong>Highlights:</strong></p><ul>
    
<li>Helps to reduce dark spots for a radiant, even-toned complexion</li>    
<li>The combination of active ingredients smoothens features and visibly diminishes wrinkles and fine lines</li>    
<li>The concentrate delivers the hydration needed, leaving skin revitalized and comfortable</li></ul>",201.74
Uriage,3661434009310,"<p><strong>Highlights:</strong></p><ul>  
<li> Eliminates Dandruff  </li>  
<li> Gives Smooth And Clean Hair  </li>  
<li> Apply Twice A Week For 3 Weeks Combines With D.S Lotion </li></ul>",75.65
Dulcolax,3664798044249, ,11.2
Dr Frei,3800046407293,"<p><strong>Highlights:</strong></p><p>Multivitamins Lollipops deliver 10 key vitamins and Calcium for healthy growth, proper development and a stronger immune system in children from the age of 3.</p><p>MULTIVITAMINS + CALCIUM SUPPORTS:<br>- Overall health and growth<br>- Immune system<br>- Brain and cognitive functions<br>- Bones and teeth</p>",60.0
Dr Frei,3800046407316,"<p><strong>Highlights:</strong></p><ul>
<li>Great-tasting Immunity lollipops with vitamins, zinc and selenium deliver nutritious key vitamins and essential minerals for healthy growth, proper development and a stronger immune system.</li><li>For children ages 3 and up.</li><li>Support of Immune System</li><li>Increase of the body\'s resistance to infections</li><li>Source of vitamins and minerals</li><li>Support overall child health and development</li></ul>",60.0
Dr Frei,3800046407439,"<h3><strong>Highlights:</strong></h3><ul><li><strong>Fruit lollipops for travel by car, plane, ship enriched
 with ginger extract and essential oils of lemon and orange.&nbsp;</strong></li><li><strong>Helps relieve: Nausea, Dizziness, Feelings of discomfort</strong></li><li><strong>Suitable 
for pregnant women in the first trimester of pregnancy and children from
 3 years old.</strong></li><li><strong>Ginger extract + essential oils of lemon and orange</strong></li></ul>",23.48
Bioherba,3800223410849,<p><strong>Highlights:</strong></p><p>Dietary supplement with Plant Extract and Pantothenic Acid.&nbsp;</p><p>The recommended daily consumption must not be exceeded.&nbsp;</p><p>Dietary supplements are not a substitute for a balanced and varied diet.</p>,89.0
Bioherba,3800223411921,"<p><strong>Highlights:</strong></p><li>Pure frankincense essential oil</li><li>Balances emotions, eliminates anxiety</li><li>Has a relaxing effect. Anti-aging skin care</li>",89.0
Bioherba,3800223413345,<p><strong>Highlights:</strong></p><p>Dietary supplement with Plant Extract and Zinc.</p><p>The recommended daily consumption must not be exceeded. Dietary supplements are not a substitute for a balanced and varied diet.</p>,89.0
Bioherba,3800223414588,"<p><strong>Highlights:</strong></p><p>Dietary supplement with Plant Powder, Plant Extract, Phytosterine, Amino acid and Zinc.&nbsp;</p><p>The recommended daily consumption must not be exceeded.&nbsp;</p><p>Dietary supplements are not a substitute for a balanced and varied diet.</p>",99.0
Aveeno,381371187607,"<h3><strong>Highlights:</strong></h3><ul>
<li><strong>Colloidal Oatmeal Skin Protectant + Ceramide</strong></li><li><strong>Recommended by Pediatricians & Dermatologists</strong></li><li><strong>Clinically Proven to Relieve Itchy, Dry, Irritated Skin Due to Eczema</strong></li><li><strong>Fragrance-Free</strong></li><li><strong>Hypoallergenic</strong></li><li><strong>Steroid-Free</strong></li><li><strong>Accepted National Eczema Association</strong></li><li><strong>Free of Parabens, Phthalates, Phenoxyethanol</strong></li></ul>",88.0
Body Builder,4001860146385,<p><strong>Highlights:</strong></p><ul><li>Faster Recovery</li><li>Enhanced Metabolic Processes</li><li>Supports Resistance Training</li><li>Improved Exercise Performance</li></ul>,130.0
Laperva,4001860146545,<p><strong>Highlights:</strong></p><ul><li>Powerful Antioxidants</li><li>Maintains The Freshness of The Skin</li><li>Eliminates The Appearance of Wrinkles & Signs of Aging</li></ul>,195.0
Body Builder,4001860146583,"<p><strong>Highlights:</strong></p><ul><li>Body Builder Clear ISO Whey 25000 is a high-quality muscle-building fuel.&nbsp;</li><li>Ultra-pure whey isolates are able to get into your system rapidly, enabling your muscles to start recovering.&nbsp;</li><li>It's for any fitness enthusiast looking to increase muscle growth and get lean at the same time.&nbsp;</li><li>Scoops are estimated only, and weighing scales are recommended.</li></ul>",160.0
Body Builder,4001860146590,"<p><strong>Highlights:</strong></p><ul><li>Body Builder Clear ISO Whey 25000 is a high-quality muscle-building fuel.&nbsp;</li><li>Ultra-pure whey isolates are able to get into your system rapidly, enabling your muscles to start recovering.&nbsp;</li><li>It's for any fitness enthusiast looking to increase muscle growth and get lean at the same time.&nbsp;</li><li>Scoops are estimated only, and weighing scales are recommended.</li></ul>",160.0
Body Builder,4001860146712,"<p><strong>Highlights:</strong></p><ul>
<li>25 g of Whey Protein Per 1 Scoop</li><li>Contains 5 Digestive Enzymes</li><li>Lean Muscles Growth</li></ul>",198.26
Laperva,4002860000000,<p><strong>Highlights:</strong></p><ul><li>Enhances immune system function</li><li>Powerful antioxidant</li><li>Metabolic Support</li><li>Improves energy </li></ul>,35.0
Sanosan,4003583190256,"<h3><strong>Highlights:</strong></h3><ul>  <li><strong>Safety first: outstanding compatibility with babies’ skin – clinically tested</strong></li><li><strong>No tears formula</strong></li><li><strong>0 % parabens, silicones, paraffins, SLS/ SLES, phenoxyethanol</strong></li><li><strong>93 % ingredients of natural origin (according to ISO Standard 16128)</strong></li><li><strong>Contains high-quality organic olive extract</strong></li><li><strong>Biodegradable</strong></li></ul>",69.0
Sanosan,4003583190270,"<h3><strong>Highlights:</strong></h3><ul>  
<li><strong>Safety first: outstanding compatibility with babies’ skin – clinically tested</strong></li><li><strong>No tears formula</strong></li><li><strong>0 % parabens, silicones, paraffins, SLS/ SLES, phenoxyethanol</strong></li><li><strong>93 % ingredients of natural origin (according to ISO Standard 16128)</strong></li><li><strong>Contains high-quality organic olive extract</strong></li><li><strong>Biodegradable</strong></li></ul>",46.0
Sanosan,4003583190317,"<h3><strong>Highlights:</strong></h3><ul>  
<li><strong>Mild plant-based soap with Hydrolysed milk protein and Organic olive oil  </strong></li>  
<li><strong> Gentle cleansing for delicate skin.  </strong></li>  
<li><strong> Clinically tested under specialist supervision.  </strong></li>  
<li><strong> Hypoallergenic.  </strong></li>  
<li><strong> No paraffin oil, dyes, silicones, or parabens.&nbsp;</strong></li></ul>",29.9
Sanosan,4003583190478,"<p><strong>Highlights:</strong></p><ul><li>Safety first: outstanding compatibility with babies’ skin – clinically tested</li><li>0 % parabens, silicones, paraffins, phenoxyethanol</li><li>96 % ingredients of natural origin (according to ISO Standard 16128)</li><li>Contains high-quality organic olive oil</li><li>Biodegradable</li></ul>",79.35
Sanosan,4003583190492,"<h3><strong>Highlights:</strong></h3><ul><li><strong>Safety first: outstanding compatibility with babies’ skin – clinically tested</strong></li><li><strong>0 % parabens, silicones, paraffins, phenoxyethanol</strong></li><li><strong>96 % ingredients of natural origin (according to ISO Standard 16128)</strong></li><li><strong>Contains high-quality organic olive oil</strong></li><li><strong>Biodegradable</strong></li></ul>",51.75
Sanosan,4003583197682,"<h3><strong>Highlights:</strong></h3><ul><li><strong>Specially balanced filter system for a highly effective and broad range of UVA+UVB protection SPF 50+</strong></li><li><strong>Water resistant for 2 x 20 min</strong></li><li><strong>High level of protection even for sensitive baby skin</strong></li><li><strong>With natural milk protein – the best from milk for healthy baby skin</strong></li><li><strong>With an additional care complex of plant-based glycerine, panthenol, vitamin E and organic olive extract</strong></li><li><strong>Moisturises for 24 hours</strong></li></ul>",96.6
Sanosan,4003583207190,"<h3><strong>Highlights:</strong></h3><ul><li><strong>Free from paraffin oil, dyes, silicones or parabens.</strong></li><li><strong>98 % ingredients of natural origin (according to ISO Standard 16128)</strong></li><li><strong>With a collagen-elastin complex to keep tissue firm and supple.</strong></li><li><strong>Vegetable oils and shea butter keep the skin from drying out and supply long-lasting moisture.</strong></li><li><strong>Keeps the skin supple and helps prevent stretch marks.</strong></li><li><strong>Clinically tested – proven skin compatibility.</strong></li><li><strong>Ideal for massages.</strong></li></ul>",120.75
Sanosan,4003583207213,"<h3><strong>Highlights:</strong></h3><ul>
<li><strong>It helps in preventing skin from drying out</strong></li><li><strong>It helps in maintaining skin\'s softness and elasticity</strong></li><li><strong>It prevents appearance of stretch marks</strong></li><li><strong>Free from paraffin oil, dyes, silicones and parabens.</strong></li><li><strong>97 % ingredients of natural origin (according to ISO Standard 16128)</strong></li><li><strong>With omega 3, 6 and 9 fatty acids.</strong></li><li><strong>Combination of 4 natural oils whose effects complement one other.</strong></li><li><strong>Keeps the skin supple and helps prevent stretch marks.</strong></li><li><strong>Clinically tested – proven skin compatibility.</strong></li><li><strong>Ideal massage oil</strong></li></ul>",101.2
Sanosan,4003583207237,<h3><strong>Highlights:</strong></h3><ul><li><strong>Safe for mother and baby. Does not need to be removed before breastfeeding.</strong></li><li><strong>Without parabens and fragrances.</strong></li><li><strong>100% pure and natural lanolin (medical grade wool wax).</strong></li><li><strong>Strengthens the skin’s natural protective barrier.</strong></li><li><strong>Helps the skin to restore its natural oil and moisture content.</strong></li><li><strong>Clinically tested – proven skin compatibility.</strong></li><li><strong>Also ideal for dry lips or nose and dry baby skin.</strong></li></ul>,82.8
Sanosan,4003583207275,"<h3><strong>Highlights:</strong></h3><ul>
<li><strong>Highly effective fluid for the successful treatment of stretch marks.</strong></li><li><strong>Free from paraffin oil, dyes, silicones and parabens.</strong></li><li><strong>90 % ingredients of natural origin (according to ISO Standard 16128)</strong></li><li><strong>Proven to reduce the average depth of stretch marks by 72%*.</strong></li><li><strong>Reduces the width by 26%*.</strong></li><li><strong>Reduces discolouration by 21%*.</strong></li><li><strong>Reduces roughness by 21%*.</strong></li><li><strong>The formulation with collagen and elastin keeps tissue firm and supple.</strong></li><li><strong>Clinically tested – proven skin compatibility.</strong></li></ul>",120.75
Sanosan,4003583211425,"<h3><strong>Highlights:</strong></h3><ul><li><strong>Safety first: outstanding compatibility with babies’ skin – clinically tested</strong></li><li><strong>0 % parabens, silicones, paraffins, phenoxyethanol</strong></li><li><strong>95 % ingredients of natural origin (according to ISO Standard 16128)</strong></li><li><strong>Contains high-quality organic olive oil</strong></li><li><strong>Biodegradable</strong></li></ul>",57.5
Sanosan,4003583211463,"<p><strong>Highlights:</strong></p><ul>
<li>Safety first: outstanding compatibility with babies’ skin – clinically tested</li><li>0 % parabens, silicones, paraffins, phenoxyethanol</li><li>91 % ingredients of natural origin (according to ISO Standard 16128)</li><li>Reliable protection from moisture</li><li>Contains high-quality organic olive oil</li></ul>",42.0
Sanosan,4003583213238,"<h3><strong>Highlights:</strong></h3><ul>
<li><strong>Safety first: outstanding compatibility with babies’ skin –clinically tested.</strong></li><li><strong>0 % parabens, silicones, paraffins, phenoxyethanol</strong></li><li><strong>All sanosan nappy care products help to keep your baby’s bottom dry to avoid inflammation.</strong></li><li><strong>The zinc content has antimicrobial properties and reduces the growth of microorganisms.</strong></li><li><strong>90 % ingredients of natural origin</strong></li><li><strong>Milk protein.</strong></li><li><strong>5 % PANTHENOL
</strong></li><li><strong>Reliable protection from moisture, With a high zinc content</strong></li><li><strong>Contains high-quality organic olive oil.</strong></li></ul>",63.25
Sanosan,4003583213276,"<p><strong>Highlights:</strong></p><ul><li>Safety first: outstanding compatibility with babies’ skin – clinically tested</li><li>0 % parabens, silicones, paraffins, phenoxyethanol</li><li>98 % ingredients of natural origin (according to ISO Standard 16128)</li><li>Contains nourishing sweet almond oil, organic olive oil and sunflower oil</li><li>Biodegradable</li></ul>",57.5
Eucerin,4005800036149,"<h3><strong>Highlights:</strong></h3><ul><li><strong>It's a light and gentle everyday moisturiser for dry to very dry and tight skin.</strong></li><li><strong>Enriched with Urea and Lactate, two naturally occurring compounds that bind in moisture,</strong></li><li><strong>It instantly hydrates dry facial skin, reducing the feeling of tightness to give it a smooth, supple feel.</strong></li><li><strong>Rough skin is also usually caused by a lack of moisture, and Eucerin UREA REPAIR Face Cream reduces roughness by maintaining skin hydration.</strong></li><li><strong>It is ideal for use under make-up or after shaving.</strong></li><li><strong>It's designed for this kind of dry facial skin.</strong></li><li><strong>It's ideally suited to relieving the dry skin symptoms of Psoriasis.</strong></li><li><strong>This gentle, non-greasy moisturiser absorbs easily while still giving dry to very dry facial skin the nourishing care it needs.</strong></li></ul>",87.63
Eucerin,4005800128561,"<h3><strong>Highlights:</strong></h3><ul>
<li><strong>In addition to limiting evaporation and binding water into the outer layers of skin, Eucerin Aquaporin active enhances skin’s own hydration system.</strong></li><li><strong>Eucerin Aquaporin active Revitalizing Eye Care additionally contains refreshing Ginseng and comes with a cooling applicator to counteract the appearance of puffiness and dark circles.</strong></li><li><strong>It works against puffiness, counteracts appearance of dark circles and diminishes fine lines.</strong></li><li><strong>It is clinically and dermatologically proven to be compatible with sensitive skin and is free from fragrance and parabens.</strong></li><li><strong>It has also been ophthalmologically tested and found suitable for contact lenses wearers.</strong></li></ul>",82.23
Eucerin,4005800161445,"<h2><strong>Highlights:</strong></h2><p><strong><u>With ageing, skin undergoes structural changes. It loses elasticity, firmness, radiance and the number of wrinkles increase.</u></strong></p><strong><u>This innovation from Eucerin provides:</u></strong><br><ul><li><strong>More elasticity: Arctiin can be shown to accelerate the renewal process of collagen in skin cells and Silymarin helps protect collagen and elastin from oxidative stress*. Skin feels firmer and elasticity is increased.</strong></li><li><strong>More radiance: The antioxidant Silymarin is also shown to activate skin's micro circulation system on a cellular level*. Skin looks fresh and radiant.</strong></li><li><strong>Less wrinkles: The formula with high and low molecular Hyaluronic Acid visibly plumps up appearance of deep wrinkles.</strong></li><li><strong>Additionally, the formula with Argan Oil, rich in caring lipids, helps to regenerate and intensively nourish the skin overnight. Clinical and dermatological studies",132.0
Eucerin,4005800181757,"<h3><strong>Highlights:</strong></h3><ul>
<li><strong>Gentle but effective cleansing</strong></li><li><strong>Removes excess sebum</strong></li><li><strong>Soap-free formula with 6% Ampho-Tensides</strong></li><li><strong>For blemish-prone skin</strong></li><li><strong>Soap- and fragrance-free, Eucerin Dermo Purifyer Cleansing Gel is a non-comedogenic daily face wash for blemish- and acne-prone skin.</strong></li><li><strong>With 6% Ampho-Tensides, it cleanses skin gently but effectively removing dirt, make-up and any excess sebum.</strong></li><li><strong>The cleansing gel can be used alongside medical acne treatment and during pregnancy.</strong></li></ul>",103.0
Nivea,4005808817009,"<p><strong>Highlights:</strong></p><ul>  
<li>Enriched with aloe vera extract and provitamin B5  </li>  
<li> Provides a close and comfortable shave  </li>  
<li> Protection against micro cuts and irritations  </li>  
<li> Effective razor glide with ultra glide technology  </li>  
<li> Effective razor glide with ultra glide technology </li></ul><p><strong><br></strong></p>",34.5
Nivea,4005808837328,,29.9
Nivea,4005900517951, ,33.0
Eucerin,4005900542724,,126.5
Nivea,4005900634849,"<p><strong>Highlights:</strong></p><ul><li>The ultra light formula with CAMOMILE cleanses and protects the scalp from drying out and irritations</li><li>Selected ingredients for SENSITIVE BABY SKIN, skin compatibility clinically and dermatologically approved</li><li>Zero Percent alkali scalp, skin friendly pH value, Zero Percent Alcohol, Paraben, Colorant</li><li>Developed in cooperation with dermatologists and pediatricians</li><li>Eye compatibility ophthalmologically approved, protects from tears</li></ul>",37.5
Nivea,4005900739414,"<h3><strong>Highlights:</strong></h3><ul>  <li><strong>The delightful and refreshing 98% biodegradable formula  </strong></li><li><b style=""background-color: initial;"">Blended with naturally derived ingredients, fruit extracts, and plant-based milk</b></li><li><b style=""background-color: initial;""></b><b style=""background-color: initial;"">Enriched with apricot, mango and rice milk</b></li><li><b style=""background-color: initial;""></b><b style=""background-color: initial;"">For soft & supple skin</b></li><li><b style=""background-color: initial;""></b><b style=""background-color: initial;"">90% naturally derived ingredients</b></li><li><b style=""background-color: initial;""></b><b style=""background-color: initial;"">Bottle made of 100% recycled pet plastic&nbsp;</b></li></ul>",43.0
Nivea,4005900749932,"<p><strong>Highlights:</strong></p><p>The gentle foaming formula of Nivea Men\'s Beard and Face Wash cleans your beard and skin without drying it out. Removes excess oil, dirt and residue from beard and skin. Contains witch hazel and chamomile that reduce itching, irritation and discomfort, while Vitamin E soothes.</p>",35.0
Nivea,4005900751621,"<p><strong>Highlights:</strong></p><ul><li>NEW FORMULA: Alcohol-free formula with hamamelis and chamomile</li><li>Softens beard and RELIEVES skin FROM ITCHINESS</li><li>Helps with inflamed and irritated skin</li><li>FAST ABSORBING, non-greasy, non-sticky</li><li>For professional grooming and care of facial hair</li></ul>",39.0
Eucerin,4005900767844,"<p><strong>Highlights:</strong></p><ul>
<li>PROTECTS AND RESTORES DAMAGE AT SKIN’S CELLULAR LEVEL: Eucerin Even Pigment Perfector Body Lotion protects, repairs and strengthens sensitive skin at cellular level to restore damage.</li><li>ENRICHED WITH VITAMIN E, LICORICE EXTRACT AND SPF 7: Infused with Vitamin E and a unique combination of mild and natural Licorice extract, the body cream helps shield moisture and brighten pigment spots. It also provides sun protection with SPF 7.</li><li>FOR SMOOTH, CLEAR, EVEN AND RADIANT SKIN: With regular use, the body lotion effectively smooths and clears skin, while also helping correct pigment spots for an even and radiant skin.</li><li>FRAGRANCE FREE, CLINICALLY AND DERMATOLOGICALLY PROVEN: The body lotion contains no artificial fragrance. Additionally, the formula is clinically and dermatologically proven to be suitable for sensitive skin.</li><li>RECEIVE COMPLETE CARE: Discover the entire Eucerin Even Pigment Perfector range to provide complet",147.2
Eucerin,4005900836762,,166.7
Titania,4008576010559,"<h3><strong>Highlights:</strong></h3><ul><li><strong>These nail clippers are made with stainless steel .</strong></li><li><strong>The product is water-resistant .</strong></li><li><strong>The pack contains one pair of nail clippers .</strong></li><li><strong>They have been expertly designed and have strong, sharp blades that cut through the nail with ease .</strong></li><li><strong>The product can be used for cutting both, fingernails and toenails .</strong></li><li><strong>The product comes in the color gold .</strong></li><li><strong>These nail clippers are suitable for use by both men and women .</strong></li><li><strong>The product is reusable .</strong></li></ul>",15.0
Vicks,4015600000530,"<p><strong>Highlights:</strong></p><ul>
<li>Vicks Vaporub Ointment temporarily relieves on chest and throat.</li><li>The Vicks VapoRub medicated vapors begin to work immediately to relieve your cough.</li><li>VapoRub is applied externally, so it doesn\'t interact with other medication the way pills can.</li><li>VapoRub is a topical cough medicine, it may be an alternative for diabetics looking for an alternative to oral cough medicines that may contain sugar.</li></ul>",25.5
Vicks,4015600000547,"<p><strong>Highlights:</strong></p><p>Causes quick-relief in various cold-related symptoms like muscular pain, dry cough, nasal congestion, chest congestion</p>",17.71
Lacalut,4016369546710,"<h3><strong>Highlights:</strong></h3><ul><li><strong>Prevents cavities and keeps your gums clean and healthy.</strong></li><li><strong>This paste reduces aluminum lactate, natrium fluoride, and amine fluoride.</strong></li><li><strong>Designed for sensitive teeth to keep and comfort your teeth.</strong></li></ul>",26.0
Lacalut,4016369546727,"<h3><strong>Highlights:</strong></h3><li><strong>This toothpaste whitens your teeth and fights bacteria, preventing plaque formation</strong></li><li><strong>It removes existing stains and prevents new stains from forming</strong></li><li><strong>This toothpaste protects your enamel and prevents new cavities from forming</strong></li><li><strong>The Lacalut whitening toothpaste does not contain bleaching agents</strong></li><li><strong>This toothpaste can be used by those who have sensitive teeth and gums</strong></li><li><strong>This product can be used by people of all age groups</strong></li>",38.95
Geratherm,4018674401593,<p><strong>Highlights:</strong></p><ul><li>Constructed with premium quality material that ensures prolonged life</li><li>Contains visual and acoustic fever indicator</li><li>Contactless infrared thermometer with intelligent sensor technology</li><li>Features fever indicator and automatic switch off functions that allows for convenient use</li></ul>,35.0
Ocean,4020799612006,,45.0
Iron Man,4028403148484,"<h3><strong>Highlights:</strong></h3><ul>
<li><strong>Enjoy more time with its natural based formula. </strong></li><li><strong>Iron man provides a longer love experience with natural ingredients and a fresh natural scent.</strong></li><li><strong>Subject to constant quality control.</strong></li><li><strong>Subject to regular medical and dermatological testing.</strong></li><li><strong>Features long-lasting lubricating properties.</strong></li><li><strong>Highly effective, keeps you going for a longer time.</strong></li><li><strong> Suitable for use with condoms.</strong></li><li><strong>PH-optimized.</strong></li></ul>",157.55
Nyda,4029125066926,,49.0
Nyda,4029130000000,,87.0
Agiolax,4030041001793, ,18.7
Reparil,4030041001892, ,27.9
Hot,4042342000320,"<p><strong>Highlights:</strong></p><ul>
<li>Improve Erections Increase Feelings Of Desire And Intensify Climax</li><li>Promotes Blood Circulation</li><li>For More Intense Feeling During Your Next Sexual Adventure </li></ul>",130.0
Hot,4042342000399,"<h3><strong>Highlights:</strong></h3><ul>
<li><strong>Stimulating cream for women with selected essential oils.</strong></li><li><strong>It has a stimulating effect on the body and mind and increases the feeling of vigor and vitality.</strong></li><li><strong>The cream is based on natural materials that stimulate blood circulation and stimulate response.</strong></li></ul>",112.0
Hot,4042342001334, ,126.0
Hot,4042342004090, ,128.0
Hot,4042342006698,"<h3><strong>Highlights:</strong></h3><ul>
<li><strong>It works proactively and effectively with its natural ingredients for a long and safe conjugal pleasure.</strong></li><li><strong>Stimulates blood flow to blood vessels.</strong></li><li><strong>It gives a strong and long-lasting moisturizing effect to the skin<br></strong></li><li><strong>Just massaging for a few minutes after spraying will allow the ingredients to take their desired effect</strong></li></ul>",85.0
Contractubex,4046222312046, ,28.65
Vicks,4084500208872,"<p><strong>Highlights:</strong>&nbsp;</p><ul>
<li>Provides fast & effective relief.</li><li> Relieves nasal congestion due to a cold.</li><li> Relieves your sore throat Mon cold.</li></ul>",12.0
Sebamed,4103040114228,"<p><strong>Highlights:</strong></p><ul>
<li>Especially mild wash active substances for gentle cleansing, promoting a healthy scalp</li><li>With excellent skin tolerance, it makes the hair easy to comb and leaves hair fragrant and silky</li><li>Consolidates the resistance of baby’s delicate skin</li><li>Promotes a healthy scalp for the growth of healthy hair</li><li>Free from nitro-mochus compounds, formaldehyde, nitrosamines, dioxan</li></ul>",19.0
Oral B,4210201262039,"<h3><strong>Highlights:</strong></h3><ul><li><strong>The Oral-B brush features a technology that enables it to rotate to clean teeth more effectively. </strong></li><li><strong>It removes tartar and food debris from the teeth. </strong></li><li><strong>An electric toothbrush that reaches all hard-to-reach places. </strong></li><li><strong>Cleans between teeth and gum lines easily. </strong></li><li><strong>The brush contains a timer to brush the teeth for two minutes, as recommended by doctors.</strong></li></ul>",240.0
Nivea,42355182,<p><strong>Highlights:</strong></p><ul><li>Anti bacterial formula with black carbon</li><li>Provides reliable 48hour antiperspirant protection</li><li>For long lasting dryness and clean after shower feel</li><li>No visible black residue</li><li>Skin compatibility dermatologically approved</li></ul>,24.0
Flormar,4251903318334,<p><strong>Highlights:</strong></p><ul><li>The entire volume of the bottle is filled by a sponge that has been pre- dabbed in the remover formula.</li><li>The remover formula has nourishing properties with orchid extracts that enhance nail health.</li><li>The net volume of the product is about 75 ml.</li><li> This amount is more than sufficient to last for a long while as it takes only a little amount. </li><li>The product is based on a simple yet innovative technology that saves a lot of time and effort!</li></ul>,34.99
Solaray,43985210123,<h3><strong>Highlights:</strong></h3><ul><li><strong>Est. 1973</strong></li><li><strong>True Herbs</strong></li><li><strong>+Herbal Support</strong></li><li><strong>Dietary Supplement</strong></li><li><strong>Lab Verified</strong></li><li><strong>Vegan</strong></li><li><strong>A Brighter Way</strong></li></ul>,149.0
Acorus,4770161101774,"<p><strong>Highlights:</strong></p><ul><li>Passion flower herb, balm leaves, peppermint leaves, oat herb, hop cones and motherwort can help maintain normal nerve function, improve sleep quality and help fall asleep.</li><li>The tea does not lead to impairments and can therefore also be drunk during the day.</li><li>To achieve a better effect, use together with Realx Night.</li></ul>",51.13
Acorus,4770161101798,"<p><strong>Highlights:</strong></p><ul>
<li>Reduces sore throat</li><li>contributes to the normal functioning of the immune system</li><li>30 tea bags</li><li>Vegan</li><li>Does not contain lactose</li></ul>",40.17
Acorus,4770161101804,"<p><strong>Highlights:</strong></p><ul>
<li>Relieves constipation</li><li>accelerates metabolic processes</li><li>30 tea bags</li><li>Vegan</li><li>Does not contain lactose</li></ul>",33.86
Acorus,4770161101811,"<p><strong>Highlights:</strong></p><ul><li>A source of vitamin C</li><li>Increases the protective function of the skin from environmental factors</li><li>Ensures the maintenance of healthy hair, skin & nails</li><li>30 tea bags</li><li>Vegan</li><li>Does not contain lactose</li></ul>",50.3
Acorus,4770161101828,"<p><strong>Highlights:</strong></p><ul>
<li>improves the quality of sleep</li><li>Ensures normal functioning of the nervous system</li><li>30 tea bags</li><li>Vegan</li><li>Does not contain lactose</li></ul>",44.32
Acorus,4770161101842,"<p><strong>Highlights:</strong></p><ul><li>It has soothing & pain-relieving action</li><li>For relief of menstrual pain, menopause, uterine bleeding or other female disorders</li><li>30 tea bags</li><li>Vegan</li><li>Does not contain lactose</li></ul>",33.37
Acorus,4770161101859,<p><strong>Highlights:</strong></p><ul><li>Increases energy & accelerates metabolism</li><li>Cleanses the body & expels toxins</li><li>30 tea bags</li><li>Vegan</li><li>Does not contain lactose</li></ul>,38.68
Acorus,4771645222329,"<p><strong>Highlights:</strong></p><ul>
<li>Antibacterial</li><li>Restores irritated & swollen tissue</li><li>Improves the general condition of the upper respiratory tract</li><li>30 tea bags</li><li>Vegan</li><li>Does not contain lactose</li></ul>",39.84
Acorus,4771645222336, ,38.844
Pigeon,4902508105590,"<p><strong>Highlights:</strong></p><ul>
<li>When usin always hold baby in your arms</li><li>Never compress rubber pump while soft nozzle is inserted in baby's nostril</li><li>Rubber pump must be compressed first before placing soft nozzle into baby's nostril</li></ul>",28.0
Pigeon,4902508108089,"<p><strong>Highlights:</strong></p><ul>
<li>Rounded corners prevent injury to baby’s tender skin when trimming corners of baby’s nails</li><li>Easy-grip handle allows trimming of baby’s nail safely</li><li>9+ months</li></ul>",43.0
Pigeon,4902508136266,<p><strong>Highlights:</strong></p><ul><li>Relieves gum and tooth pain during teething in children.</li><li>Accelerates the appearance of teeth.</li><li>Strengthens the gum muscles.</li></ul>,16.0
Kaminomoto,4987046700322,<p><strong>Highlights:</strong></p><li> Helps to stop premature hair loss and fights germs on your scalp  </li><li> Leave you with a clean scalp and healthy hair</li><li>Effective against thinning and falling hair </li>,158.0
Bigen,4987205001079,"<p><strong>Highlights:</strong></p><p>Just comb through, applying Non-Drip cream with Applicator Comb.</p><p>The 
unique \""Special-Conditioning Formula\"" gives your hair silky-smooth 
texture., Contains 6 Natural Herbal Extracts (Balm Mint, Fennel, Hops, 
Chamomile, Mistletoe and Yarrow), Covers your gray in 5 minutes.</p>",37.9
Bigen,4987205937033,"<p><strong>Highlights:</strong></p><li>Contains 3 Conditioning Ingredients Are Glycine, Olive Oil And Pullulan  </li><li> Natural Healthy Looking</li><li>You Can Use Only The Necessary Amount Of Cream To Cover Partially Grey 
Hair Or Short Hair. Keep The Remainder For Future Application. </li>",35.0
Lifebuoy,5000158063709,<p><strong>Highlights:</strong></p><ul><li>Lifebuoy lemon fresh germ protection hand wash - with the power of zesty lemons to keep you fresh all day while preventing body odour</li><li>Powered by activ silver formula – gives you 99.9% protection from infection causing germs in just 10 seconds</li><li>Pump bottle packaging that is convenient and hygienic to use for the whole family</li></ul>,15.0
Gaviscon,5000158065734,<p><strong>Highlights:</strong></p><ul>  <li>Hygienic packaging  </li>  <li> Formulated with care  </li>  <li> Packed with a host of goodness  </li>  <li> Refer to the packaging for information on use </li></ul>,12.65
Gaviscon,5000158066960, ,8.0
Gaviscon,5000158068414, ,25.35
Gaviscon,5000158068957, ,9.85
Femfresh,5000167002126,"<h3><strong>Highlights:</strong></h3><ul>
<li>
<h5>Made with Calendula & Silk extracts</h5></li><li>
<h5>Odour protection</h5></li><li>
<h5>Long-Lasting freshness</h5></li><li>
<h5><b style=""background-color: initial; color: rgb(51, 51, 51);"">Safe for daily use.</b></h5></li><li>
<h5><b style=""background-color: initial; color: rgb(51, 51, 51);""></b><b style=""background-color: initial; color: rgb(51, 51, 51);"">Hypoallergenic.</b></h5></li><li>
<h5><b style=""background-color: initial; color: rgb(51, 51, 51);""></b><b style=""background-color: initial; color: rgb(51, 51, 51);"">Suitable for all skin types.</b></h5></li><li>
<h5><b style=""background-color: initial; color: rgb(51, 51, 51);""></b><b style=""background-color: initial; color: rgb(51, 51, 51);"">24-hour protection.</b></h5></li><li><strong>Refreshing smell.</strong></li></ul>",29.56
Vicks,5000174726046,<p><strong>Highlights:</strong></p><ul><li>Soothing and refreshing</li><li>Relieves minor sore throat</li><li>Relieves cough due to a cold or inhaled irritants</li></ul>,7.5
Corega,5000198021202,"<h3><strong>Highlights:</strong></h3><ul>
<li><strong>It helps secure your dentures, making sure you feel comfortable while using your dentures.</strong></li><li><strong>It creates a barrier between the denture and the gums, to prevent the accumulation of food debris, the occurrence of any infections, or possible ulcers.</strong></li><li><strong>It does not contain any food that can disturb you during use.</strong></li><li><strong>Easy to use and clean.</strong></li><li><strong>Gives a Refreshing Smell To The Surfaces</strong></li><li><strong>High Quality</strong></li></ul>",42.0
Corega,5000198124422,"<p><strong>Highlights:</strong></p><li>Helps you enjoy foods that are difficult to eat, and forms a seal to
 help keep food from getting stuck between your dentures and gums.</li><li>Gives you the confidence you need, you will speak with ease, and laugh with confidence.</li>",69.0
Nexium,5000456007337, ,68.7
Nexium,5000456007344, ,35.25
Nexium,5000456007399, ,77.25
Nexium,5000456007429, ,48.05
Rhinocort,5000456007634, ,50.65
Laperva,5001860147541,"<p><strong>Highlights:</strong></p><ul><li>Contains vitamins and mineral salts, to promote ideal hydration levels during exercise, to improve health and to support all vital functions of the body.</li><li>It enhances the speed of muscle recovery after exercise and prevents the breakdown of muscle mass because it contains glutamine.</li><li>20 mg of Digezyme digestive enzymes, which include: (Alpha Amylase - Protease - Lactase - Lipase - Cellulase), which plays an important role in improving the bioavailability of the product, as it improves the ideal digestion process and enhances the speed of absorption of all nutrients, and also reduces the occurrence of dig</li></ul>",360.0
Wowtein,5002860346354,"<p><strong>Highlights:</strong></p><ul>  
<li>Perfect choice for energy production, strength enhancement, endurance 
and muscle growth. Is micronized, so the particles have a very little 
average diameter, which improves solubility  </li>  
<li> Absorption and increased bioavailability Suitable for vegetarians.  </li>  
<li> Sugar-Free. Free of gluten, lactose, soy, flavours and colours.  </li>  
<li> Fat-free.&nbsp;</li></ul>",120.0
Laperva,5002860346378,<p><strong>Highlights:</strong></p><ul><li>Helps reduce Muscle Fatigue During Training</li><li>Helps Build Muscle and Increase Muscle Size</li><li>Helps Keep The Body Hydrated During Exercise or During Daily Exertion</li><li>Helps to Enhance The Production of Hormones in The Body (Testosterone)</li></ul>,199.0
Laperva,5002860346385,<p><strong>Highlights:</strong></p><ul><li>Free of caffeine & creatine</li><li>Delay muscle fatigue during exercise</li><li>Improving oxygen intake during workouts</li><li>Convert fatty acids into energy for burning fat</li></ul>,135.0
Laperva,5002860346484,"<p><strong>Highlights:</strong></p><ul><li>Rapidly Absorbed</li><li>No Sugar, Carb, or Fat</li><li>Supports Muscle Growth</li><li>Supports muscle recovery</li><li>28g Protein per serving</li></ul>",365.0
Laperva,5002860346798,<p><strong>Highlights:</strong></p><ul><li>24.95 Grams of Carbohydrates</li><li>Increase Endurance and Build Muscle</li><li>Source of Energy to Enhance Performance</li></ul>,160.0
Laperva,5002860347375,"<p><strong>Highlights:</strong></p><ul>
<li>Enhance mental focus and cognitive function</li><li>Support fat burning and increase metabolic rate</li><li>Improve endurance and promote muscle mass growth</li></ul>",135.0
Feromin,6281080002953, ,12.0
Mebagen,6281080010101, ,21.65
Coxicam,6281080011009, ,13.3
Flamazin,6281080011177, ,19.4
Folic,6281080011252, ,6.9
Folic,6281080011276, ,6.9
Riazolin,6281080011832, ,16.65
Rumafen,6281080012181, ,21.05
,ABG03,,597.66
,ABG05,,931.55
,ABG10,,1142.6
,ABG15,,1207.26
,EA14,,165.48
,EA38,,226.18
,ISCM1015,,2040.64
,ISCM1022,,2765.93
,ISCM1520,,2968.47
,ISCM2025,,860.72
,ISCM2030,,2682.65
,ISCM3030,,866.4
,NSTM1015E,,6144.4
,NSTM1520E,,9338.2
,NSTM2030E,,12502.33
,OXF14,,24.36
,OXF15,,235.12
,OXF16,,582.16
,OXK14,,36.54
,OXK15,,48.72
,OXK16,,121.8
,OXN11,,212.63
,OXN12,,403.86
,OXN13,,720.0
,OXN16,,648.0
,OXP03,,750.0
,OXP03-EA14D,,505.78
,OXP04,,234.6
,OXP05,,0.0
,OXP05-EA14,,373.2
,OXP05-EA38,,382.28
,OXS16,,28.42
,OXS20,,117.67
,OXS25,,69.2
Riagesic,6281080012563, ,5.65
Rumafen,6281080014222, ,23.5
Tedo,6281080015083,"<p><strong>Highlights:</strong></p><ul>
<li>Treatment of erectile dysfunction.</li><li>Tadalafil 20 mg is a treatment for adult men with erectile dysfunction.</li><li>This is when a man cannot have, or maintain a hard, erection suitable for sexual activity.</li><li>Tadalafil has been shown to significantly improve the ability to obtain a hard erected penis suitable for intercourse.</li></ul>",129.7
Tedo,6281080015175, ,136.15
Rofenac,6281086000120, ,19.8
Histop,6281086000182, ,6.9
Ferose,6281086000502, ,14.35
Claritine,6281086000519,"<p><strong>Highlights:</strong></p><ul><li>Claritine tablets relieves multiple symptoms, including sneezing, runny nose, itchy & watery eyes and itchy nose or throat</li><li>Claritine is suitable for above 12 years and weight more than 30 kg</li><li>The Claritine effect lasts for 24 hours</li><li>Claritine is non-drowsy; it gives relief from symptoms without drowsiness, so you can make the most of your day     </li></ul>",19.6
Ferose,6281086000540, ,19.3
Claritine,6281086000557,"<p><strong>Highlights:</strong></p><ul>
      
<li>Claritin syrup relieves multiple symptoms, including sneezing, runny
        nose, itchy & watery eyes and itchy nose or throat
      </li>      
<li>Claritine syrup is suitable for above 2 years</li>      
<li>The Claritine effect lasts for 24 hours</li>      
<li>
        Claritine is non-drowsy; it gives relief from symptoms without
        drowsiness, so you can make the most of your day       </li></ul>",20.75
Lorine,6281086000625,"<p><strong>Highlights:</strong></p><ul>
<li>Claritin syrup relieves multiple symptoms, including sneezing, runny nose, itchy & watery eyes and itchy nose or throat</li><li>Loratidine syrup is suitable for above 2 years</li><li>The Loratidine effect lasts for 24 hours</li><li>Loratidine is non-drowsy; it gives relief from symptoms without drowsiness, so you can make the most of your day</li></ul>",18.65
Rofenac,6281086000663, ,11.45
Fevadol,6281086000830, ,7.95
Flutab,6281086001004, ,9.9
Flutab,6281086001011, ,9.25
Ferose,6281086001172, ,19.4
,PM1015,,1171.17
,PM3DL-L,,900.0
,PM3DL-R,,900.0
,PM3DM-L,,765.6
,PM3DM-R,,676.0
,PM3DXL-L,,990.0
,PM3DXL-R,,990.0
,PMB1015,,151.64
,PMB1515,,307.0
,PMB1520,,129.78
,PMB2025,,177.27
,PML3DL-L,,576.74
,PML3DL-R,,706.34
,PML3DM-L,,691.51
,PML3DM-R,,721.89
,PML3DXL-L,,442.46
,PML3DXL-R,,459.95
,SCM0611,,370.15
,SCM1015,,1169.41
,SCM1515,,548.14
,SCM1520,,732.98
,SCM2025,,1738.49
,SCM3030,,886.06
Parafon,6281080012402, ,25.4
Pigmanorm,6281080012419, ,63.1
Peptazol,6281086001233, ,39.05
Peptazol,6281086001240, ,78.1
Verine,6281086001769, ,19.45
Snafi,6281086001783, ,88.95
Aerius,6281086002056, ,23.95
Neorin,6281086002063, ,22.7
Lorine,6281086002575,"<p><strong>Highlights:</strong></p><ul>
<li>Loratadine FM are used to relieve symptoms associated with seasonal allergic rhinitis (hay fever) and perennial allergic rhinitis.</li><li>Symptoms of these conditions can include sneezing, runny nose, nasal itching, in addition to burning, itching and watering of the eyes.</li><li>Loratadine FM are also used to relieve symptoms of chronic idiopathic urticaria (skin rash consisting of hives and wheals).</li></ul>",17.65
Snafi,6281086003961, ,136.15
Fevadol,6281086010099, ,4.2
Exylin,6281086010174, ,7.7
Histop,6281086010235, ,6.9
Fevadol,6281086010532, ,9.65
Exylin,6281086010563, ,6.0
Fevadol,6281086010921, ,5.8
Fevadol,6281086010938, ,10.05
Rofenac,6281086010945, ,8.5
Sapofen,6281086011065, ,17.4
Lorinase,6281086011980, ,22.9
Rofenac,6281086012161, ,11.15
Verine,6281086012208, ,43.2
Lejam,6281086012901,,67.0
Lorinase,6281086104484, ,24.6
Betadine,6281086110201, ,45.0
Betadine,6281086110225,<p><strong>Highlights:</strong></p><ul><li>Treatment of vaginitis</li><li>Helps to fight off infection</li><li>Strong antiseptic solution</li><li>Kills germs and microorganisms</li><li>Quick action</li></ul>,55.0
Sapofen,6281086221044, ,7.2
Liblab,6281086240328, ,38.65
Cialis,6281086650028, ,109.5
Canesten,6285074000321, ,16.15
Canesten,6285074000338, ,17.95
Canesten,6285074000345, ,29.2
Canesten,6285074000352, ,17.95
Rennie,6285074000765,"<p><strong>Highlights:</strong></p><ul><li>Rennie Peppermint chewable work fast to relieve symptoms of heartburn and indigestion</li><li>Antacids formulated to neutralise excess stomach acid in the stomach</li><li>Rennie antacid tablets convert excess stomach acids into water</li><li>Vegan-friendly, suitable for children over 12 and during pregnancy </li></ul>",9.3
Bepanthen,6285074000857,,19.95
Aspirin,6285074001113,"<p><strong>Highlights:</strong></p><ul>
    
<li>Aspirin Protect tablets are low-dose Aspirins that are used to help
      prevent heart attacks as well as recurrent clot-related strokes, and
      mini-strokes in high-risk patients
    </li>    
<li>
      The active ingredient of Aspirin Protect tablets is acetylsalicylic acid
    </li>    
<li>
      These heart protection pills are formulated with a special coating to be
      less likely to cause stomach discomfort
    </li>    
<li>Aspirin Protect pills can be taken to prevent heart attacks</li></ul>",19.05
Bepanthen,6285074002974,"<p><strong>Highlights:</strong></p><ul><li>Bepanthen skin moisturizer is a daily moisturizer for dry, damaged skin</li><li>A skin moisturizer that is formulated with Pro Vitamin B5, which heals and protects vulnerable skin</li><li>A light, easily absorbed cream to care for skin exposed to everyday stresses</li><li>Bepanthen skin moisturizer is used for daily routine use, but can also be used to help rehydrate skin after sunburns</li><li>This hydrating cream is suitable for both adults</li></ul>",24.95
Bepanthen,6285074002981,"<p><strong>Highlights:</strong></p><ul><li>Bepanthen moisturizing cream is a daily moisturizer for dry, damaged skin</li><li>A moisturizing cream that is formulated with Pro Vitamin B5, which heals and protects vulnerable skin</li><li>A light, easily absorbed cream to care for skin exposed to everyday stresses</li><li>Bepanthen moisturizing cream is used for daily routine use, but can also be used to help rehydrate skin after sunburns</li></ul>",69.85
Primolut N,6285074004145, ,18.4
Priorin,6285074004534,<p><strong>Highlights:</strong></p><ul>  <li>Priorin Capsules 90\'s  </li>  <li> Increase immune system  </li>  <li> Provide Essential Energy  </li>  <li> Good for Health</li></ul>,86.55
Pharmaton,6285079000326, ,29.0
Ezolvin,6285085000327, ,6.2
Fludrex,6285085000372, ,12.0
Dilanyl,6285085000389,,10.35
I Profen,6285085000907,"<p><strong>Highlights:</strong></p><p>What Ibuprofen is and what it is used for:</p><p>Ibuprofen is used for the symptomatic treatment of mild to moderate pain (headache, toothache, muscle ache, backache, and menstrual cramps), fever, and pain and inflammation in arthritic diseases.</p>",13.6
Panadrex,6285085001003, ,5.05
Fludrex,6285085001560, ,12.3
Telfast,6285088001260,"<p><strong>Highlights:</strong></p><ul>
<li>Telfast® is an anti-histamine that provides fast, non-drowsy relief from the symptoms of seasonal allergic rhinitis (hay fever) in adults and children over 12 years old.</li><li>It helps in treating itchy skin rashes or hives with a trusted formulation.</li><li>Fexofenadine hydrochloride, a second-generation antihistamine that relieves allergy symptoms without causing drowsiness keeps you focused when you need it the most.</li><li>With just one tablet a day you can get on with your life without worrying about your allergies.</li></ul>",26.55
Telfast,6285088001277, ,28.65
Buscopan,6285088002243, ,12.75
Mucosolvan,6285088002304, ,15.0
Mucosolvan,6285088002311, ,34.9
Pantomax,6285094000110, ,31.65
Levozin,6285094000691, ,15.95
Avalon,6285095000089,,34.0
Avalon,6285095004643, ,22.4
Avalon,6285095004698, ,23.0
Avalon,6285095005374, ,41.6
Rhinase,6285095005701, ,22.1
Avalon,6285095006388, ,12.15
Avalon,6285095008726,"<p><strong>Highlights:</strong></p><ul>
<li>Erectile Dysfunction.</li></ul><p><strong><br></strong></p>",64.0
Avalon,6285095010347, ,38.8
Zovirax,6285096000200, ,16.3
Xyzal,6285096000743, ,21.6
Zyrtec,6285096000750, ,16.2
Zyrtec,6285096000767, ,19.35
Panadol,6285096000798,<p><strong>Highlights:</strong></p><ul><li>Film coated tablet</li><li>Assist with cold and flu</li><li>Relieves sore throat</li><li>Relieves muscle pain and toothache</li></ul>,5.8
Panadol,6285096000804, ,9.15
Panadol,6285096000811,"<p><strong>Highlights:</strong></p><p><strong>Panadol Advance is effective for:</strong></p><ul>
<li>Headache Muscle Pain</li><li>Colds & Influenza Neuralgia</li><li>Backache Toothache</li><li>Period Pain Rheumatic Pain</li><li>Pain of Osteoarthritis</li></ul>",6.05
Panadol,6285096000828,<p><strong>Highlights:</strong></p><ul>  <li>Assist with blocked and runny nose  </li>  <li> Relieves headache and body ache  </li>  <li> Relieves sinus pain and congestion  </li>  <li> Assist with itchy and watery eyes </li></ul>,12.3
Panadol,6285096000835,"<p><strong>Highlights:</strong></p><ul><li>Panadol Extend is a sustained release formulation that can provide long-lasting relief from joint pain such as that associated with osteoarthritis.</li><li>Panadol Extend can be a convenient choice, containing a higher dose of paracetamol than regular Panadol tablets. Panadol Extend may provide up to 8 hours relief from pain.<br>Panadol Extend is a unique bi-layer tablet incorporating an immediate-release and a sustained release dose of paracetamol.</li><li>Paracetamol is released in 2 stages, with the first stage being released quickly, for rapid onset of action, and the second stage being released slowly over the day or night, to provide prolonged pain relief.</li></ul>",15.75
Panadol,6285096000842,"<p><strong>Highlights:</strong></p><ul><li>Panadol Extra is ideal for those who want the benefits of Panadol, plus a little extra relief from mild to moderate pain such as headaches, toothache and period pain. The ingredients in Panadol Extra provide up to 37% more powerful pain relief than standard paracetamol. It is also gentle on stomach when used as prescribed .</li><li>Panadol Extra is a paracetamol-based analgesic that provides relief from fever and strong pain such as: headaches, including migraine, muscular aches and pains, period pain, toothache, and sore throat.</li></ul>",8.0
Panadol,6285096000873, ,6.9
Panadol,6285096002853,"<p><strong>Highlights:</strong></p><ul><li>This product consists of three active ingredients: paracetamol, chlorpheniramine and pseudoephedrine hydrochloride.</li><li>Paracetamol is a medication that belongs to a class of medications known as analgesics (pain relievers) and antipyretics (fever reducers).</li><li>Chlorpheniramine is an antihistamine that acts by decreasing the effects of histamine in your body and therefore helps in relieving allergy signs and symptoms, like, sneezing, watery eyes, itching, and runny nose. Pseudoephedrine is a medication that belongs to a class of medicines known as “decongestants” and acts by decreasing nasal stuffiness that you may experience during cold and flu.</li><li>It is used for the night time relief from cold and flu symptoms.</li></ul>",12.3
Panadol,6285096002877, ,11.6
Otriallergy,6285096003706, ,26.0
Betnovate,6285097000209,,10.1
Dermovate,6285097000223, ,9.45
Dermovate,6285097000230, ,9.45
Ventolin,6285097000704,"<p><strong>Highlights:</strong></p><ul>
<li>It is also used to prevent asthma brought on by exercise.</li><li>It is a quick-relief medication.</li><li>Salbutamol belongs to a class of drugs known as bronchodilators.</li><li>It works by relaxing the muscles around the airways so that they open up and you can breathe more easily.</li><li>Controlling symptoms of breathing problems can decrease time lost from work or school.</li></ul>",15.64
Panadol,6285097002487,,11.85
Rinofed,6285101000003, ,7.3
Rinofed,6285101000010, ,3.85
Diclomax,6285101000041, ,19.8
Rinofed,6285101000508, ,7.65
Diclomax,6285101000751, ,10.55
Repaderm,6285101000775, ,20.0
Repaderm,6285101000782, ,9.85
Paraxone,6285101000881, ,14.3
Oflam,6285101000911, ,20.5
Fallah,6285101001673, ,43.7
Xefo,6285101001734, ,23.95
Delaxin,6285101003608, ,47.75
Acical,6285104000024,"<p><strong>Highlights:</strong></p><h4>Mechanism Of Action Of antacid</h4><ul><li>The antacids act by neutralizing the acid in the stomach</li><li>Simethicone is anti-flatulent that changes surface tension of gas bubbles, allowing easier elimination of gas.</li></ul>",7.0
Pantoloc,6285104000093, ,28.5
Evit,6285104000116, ,36.3
Diclopid,6285105000337, ,9.1
Lohist,6285105000795, ,10.4
Pediamol,6285105001624, ,3.15
Aciloc,6285128000024, ,61.0
Betazol,6285128000215, ,13.6
Clara,6285128000260, ,17.65
Dompy,6285128000307, ,16.25
Dompy,6285128000314, ,19.0
Elica,6285128000338,,19.2
Elica,6285128000345, ,18.0
Elica,6285128000352,<p><strong>Highlights:</strong></p><ul>  <li>Formulated with care  </li>  <li> Hygienic packaging  </li>  <li> Refer to the packaging for information on use  </li>  <li> Packed with a host of goodness </li></ul>,25.55
Fast Flam,6285128000376, ,26.95
Hyfresh,6285128000499, ,34.15
Optifresh,6285128000680, ,12.3
Relaxon,6285128000765,"<p><strong>Highlights:</strong></p><p>Relaxon™ capsule offers quick relief of pain and restores mobility even in</p><p>severe painful spasms of skeletal muscles.</p><p>Relaxon™ exerts a fast pain relief and it is indicated as an adjunct to</p><p>rest, physical therapy, and other measures for the relief of discomfort</p><p>associated with acute, painful musculoskeletal conditions.</p>",24.15
Salibet,6285128000772,"<p><strong>Highlights:</strong></p><ul>
<li>This product consists of two active ingredients; betamethasone di-propionate and salicylic acid.</li><li>Betamethasone di-propionate belongs to a class of medicines known as” topical corticosteroids” that acts by reducing inflammation, itchiness and redness of the skin.</li><li>Salicylic acid is a medicine that acts by softening the top layer of scales present on the surface of your skin, allowing betamethasone di-propionate to reach the affected skin area below the scales in order to help with your skin disease recovery.</li><li>This product is used for the treatment of adults and children with skin problems involving a layer of scales covering the affected skin.</li><li>This product will help in decreasing the itchiness and redness of your skin and removing the layer of scales.</li></ul>",12.9
Voltic,6285128000901, ,26.6
Deslor,6285128000987, ,23.3
Triopan,6285128001014, ,39.65
Erecta,6285128001021, ,48.55
Acretin,6285128001076,"<p><strong>Highlights:</strong></p><li>Effectively narrows the wide pores in your skin.</li><li>It has an effective effect in regulating oily secretions in the skin.</li><li>Acretin cream contains the active ingredient tretinoin, which is a form of Vitamin A, which is used to treat and prevent acne.</li><li>It also has a significant effect in reducing wrinkles.</li><li>It exfoliates and stimulates the skin to renew cells, thus restoring the skin\'s freshness.</li><li>It may be used for pigmentation and skin lightening, as it removes the layer of dead cells and helps the body form new cells.</li><li>Acartin can be utilized to lighten the knees and elbows, for its effectiveness in getting rid of dead cells.</li><li>Its results begin to appear after using it for a period of 8 to 12 weeks.</li>",19.5
Croma,6285128001274, ,26.4
Voltic,6285128001540, ,18.95
Acretin,6285128001632,"<p><strong>Highlights:</strong></p><ul>
<li>Acretin 1.2% (clindamycin / tretinoin) is a combination of two medications that treat acne.</li><li>Clindamycin is a lincosamide antibiotic that kills acne-causing bacteria on the skin.</li><li>Tretinoin is a retinoic acid derivative, which is related to vitamin A. It promotes healthy skin growth and lowers the amount of oil on your skin.</li></ul>",26.75
Elicasal,6285128001731, ,25.55
Jp,6285128002028,,33.0
Erecta,6285128002462, ,48.55
Clara,6285128002653,"<p><strong>Highlights:</strong></p><ul>
<li>Claritin syrup relieves multiple symptoms, including sneezing, runny nose, itchy & watery eyes and itchy nose or throat</li><li>Loratidine syrup is suitable for above 2 years</li><li>The Loratidine effect lasts for 24 hours</li><li>Loratidine is non-drowsy; it gives relief from symptoms without drowsiness, so you can make the most of your day</li></ul>",17.65
Jp,6285128003773, ,67.0
Jp,6285128003780,,19.25
Levozal,6285128006316,"<p><strong>Highlights:</strong></p><ul><li>Levocetirizine dihydrochloride is a medication that belongs to a class of medicines called “antihistamines”. </li><li>It is used for the relief of signs and symptoms related to seasonal allergic rhinitis (allergic reactions triggered by seasonal allergens such as tree pollen, grass pollen, and weed pollen causing stuffy and runny nose) and perennial allergic rhinitis (allergic reactions triggered by perennial allergens such as dust mites, mold, pet dander, and some insects causing stuffy and runny nose). </li><li>It is also used for the treatment of uncomplicated skin manifestations of chronic idiopathic urticaria (chronic hives that result in itchy, red bumps or wheals).</li></ul>",19.4
Vitalife,6285128011426, ,110.65
Dapox,6285128012973,,52.65
Jp,6285128014779,"<p><strong>Highlights:</strong></p><ul>
<li>JP Melatonin™ 5mg can help restore day-and-night night rhythm and reduce the symptoms of disturbed sleep patterns.</li><li>You must talk to a doctor if you do not feel better or worsen after 5 days.</li><li>JP Melatonin™ Helps improve sleep quality related to:</li><li>Primary insomnia (insomnia which is not due to some secondary cause)</li><li>Age-related insomnia</li><li>Jet lag</li><li>Shift work</li><li>Post-traumatic brain injury</li><li>Neuro-degenerative disorders</li></ul>",159.0
Rapidus,6285147000289,,17.15
Derma T,6285147000876, ,22.15
Divido,6285147000920, ,30.65
Fexodine,6285147001194, ,16.85
Fexodine,6285147001200, ,16.85
Herox,6285147001514, ,20.0
Herox,6285147001538, ,186.8
Neuro B,6285147002771, ,13.45
Prof,6285147003365,,11.35
Prof,6285147003396,,15.65
Prof,6285147003419, ,12.45
Rapidus,6285147003730, ,29.1
Tabunex,6285147004621,"<p><strong>Highlights:</strong></p><ul>
<li>Mometasone is a corticosteroid that mediates anti-inflammatory actions.</li><li>Mometasone works by attenuating the inflammatory responses associated with asthma, allergic rhinitis, nasal polyps, and corticosteroid-responsive dermatoses.</li><li>It suppresses the actions of inflammatory cells, such as mast cells, eosinophils, basophils, lymphocytes, macrophages, and neutrophils.</li></ul>",46.25
Tabuvan,6285147004706,"<p><strong>Highlights:</strong></p><ul><li>Treatment of high blood pressure in children and adolescents aged 6 to under 18 years.</li><li>High blood pressure increases the workload on the heart and arteries. If left untreated, it can damage the blood vessels in the brain, heart and kidneys, and can lead to stroke, heart failure or kidney failure. High blood pressure increases the risk of heart attack.</li></ul>",32.95
Aspicard,6285147014590,<p><strong>Highlights:</strong></p><ul><li>Mild and moderate pain relief</li><li>Non-steroidal anti-inflammatory drug</li><li>Protection from the formation of clots</li><li>Helps reduce the risk of blood clots</li><li>Acts as an antiplatelet agent</li></ul>,30.0
Ezilax,6285147800230, ,18.45
Ezipan,6285147800247, ,39.65
Prof,6285147802128,,6.45
Nasonex,6285193000141,,47.55
Deslin,6285312000021, ,15.9
X Max,6285756001196,<h3><strong>Highlights:</strong></h3><ul><li><strong>Lubricating lotion with a balanced formula</strong></li><li><strong>It is used to moisturize men\'s sensitive areas and gives a sense of comfort and softness with a pleasant scent</strong></li><li><strong>How to use: An appropriate amount is placed on the sensitive area and massaged well until absorption</strong></li><li><strong>Warning: For external use only and keep out of reach of children</strong></li></ul>,56.64
Megatone,6286127000275,,115.0
Centrum,6286740000027, ,55.0
Centrum,6286740000041, ,55.0
Tahara,6287001780047,"<h3><strong>Highlights:</strong></h3><ul>
<li><strong>The Tahara wipes are antibacterial.</strong></li><li><strong>These wipes have been dermatologically testes.</strong></li><li><strong>They have a pH level of 5.5, which is neutral for the skin.</strong></li><li><strong>They can be carried on trips and can easily fit in cars and handbags.</strong></li><li><strong>The box contains 20 wet wipes, of two types – water wipes and musk purity wipes.</strong></li><li><strong>Each wipe comes in an individual packet.</strong></li><li><strong>They are sterile water wipes and can be used as a substitute for water.</strong></li><li><strong>The product can be used by both men and women.</strong></li></ul>",25.3
V Wash,6287002339510, ,68.7
Soma,6288002700607,,13.8
Actodryl,6288030000038, ,6.9
Vega,6288030000045, ,43.7
Vega,6288030000106, ,43.7
Healax,6288030000472,"<p><strong>Highlights:</strong></p><ul>
<li>Healax Cream is used for skin rashes caused by diapers.</li><li>Moisturizer to treat or prevent dry, rough, flaky, itchy skin and minor skin irritations</li></ul>",30.43
Curasept,6288030000489, ,27.5
Povidone,6288030001165,,12.0
Spi Ipa,6288030002667,<p><strong>Highlights:</strong></p><ul><li>Isopropyl Alcohol 70% m First Aid Sanitizer We recommend using with Air Queen Muzzle Nano-Fiber Composition: Alcohol 70% Isopropyl Alcohol H/h Purified Water up to 100% H/H</li><li>Item form: Liquid</li><li>Skin type: All</li><li>Container Type: Bottle</li></ul>,10.0
Spi Ipa,6288030002704,<p><strong>Highlights:</strong></p><ul><li>Isopropyl Alcohol 70% m First Aid Sanitizer We recommend using with Air Queen Muzzle Nano-Fiber Composition: Alcohol 70% Isopropyl Alcohol H/h Purified Water up to 100% H/H</li><li>Item form: Liquid</li><li>Skin type: All</li><li>Container Type: Bottle</li><li>Liquid volume: 250 milliliters</li><li>Item form: Liquid</li></ul>,15.0
Wow,6290360501024,"<p><strong>Highlights:</strong></p><ul>
<li>Helps in the Freshness of the Skin</li><li>Helps Nourish and Strengthen Joints</li><li>Helps in The Ideal Nutrition of The Muscles</li></ul>",350.0
Laperva,6290360501031,"<p><strong>Highlights:</strong></p><ul>
<li>Rapidly Absorbed</li><li>No Sugar, Carb, or Fat</li><li>Supports Muscle Growth</li><li>Supports muscle recovery</li></ul>",365.0
Laperva,6290360501055,"<p><strong>Highlights:</strong></p><ul>
<li>Rapidly Absorbed</li><li>No Sugar, Carb, or Fat</li><li>Supports Muscle Growth</li><li>Supports muscle recovery</li><li>26g Protein per serving</li></ul>",365.0
Laperva,6290360501970,<p><strong>Highlights:</strong></p><ul><li>Improve Mental Focus</li><li>Support Testosterone Production</li><li>Enhance Athletic Performance and Energy</li></ul>,145.0
Laperva,6290360502144,"<p><strong>Highlights:</strong></p><ul>
<li>High protein content per serving</li><li>Free of sugar, fat, and carbohydrates</li><li>Support muscle growth and aid in muscle recovery</li></ul>",347.0
Body Builder,6290360503837,<p><strong>Highlights:</strong></p><ul><li>Ease of Carrying it Anywhere</li><li>Provided with Measuring Marks</li><li>Easy to Use</li></ul>,25.0
Laperva,6290360503981,"<p><strong>Highlights:</strong></p><ul>
<li>Versatile Creatine Blend: Harness the power of six distinct forms of creatine meticulously blended to deliver unparalleled benefits. This comprehensive spectrum optimizes your body's response to creatine, unlocking enhanced results.</li><li>Electrolyte Enrichment: Elevate your athletic performance with the infusion of essential electrolytes. These vital minerals contribute to improved hydration, muscle function, and overall physical resilience.</li><li>Amplified Athletic Performance: Unlock your true potential as Laperva Triple Creatine Next Gen drives improvements in strength, power, and endurance. Elevate your performance on the field, in the gym, or wherever your passion takes you.</li><li>Accelerated Muscle Growth and Recovery: Experience accelerated muscle growth and efficient recovery with this cutting-edge formula. Your muscles are primed to thrive, repair, and rejuvenate after intense workouts.</li><li>Cognitive Enhancement: Elevate&",150.0
Vatika,6291069702897,"<p><strong>Highlights:</strong></p><ul>
<li>provides long-lasting hold</li><li>Gives intense shine for organized styling without falling out or stickiness</li><li>Strengthens and protects your hair while styling</li></ul>",15.0
Vatika,6291069741766,"<p><strong>Highlights:</strong></p><ul>
<li>Vatika Hair Styling Gel for Men.</li><li> Gives hair a natural shine for a healthy and attractive look.</li><li> Creates a unique hairstyle and keeps it for a long time.</li><li> Suitable for all hair types.</li><li> It consists of an advanced formula that provides strong hold, hair hydration and a shiny appearance.</li><li> Does not leave a greasy residue.</li><li> Long lasting, water resistant hair hold.</li></ul>",25.0
Adol,6291100080045,"<p><strong>Highlights:</strong></p><ul><li>It is used to relieve minor to moderate pain, including teething pain.</li><li>Reducing fever and relieving discomfort that may result from infections, especially in the case of cold and flu.</li></ul>",6.1
Adol,6291100080069, ,5.05
Amydramin,6291100080274,,5.15
Profinal,6291100080427, ,7.9
Betasone,6291100080458,"<p><strong>Highlights:</strong></p><ul>
<li>IT IS USED TO TREAT PSORIASIS. </li><li>IT IS USED TO TREAT SKIN IRRITATION. </li><li>IT IS USED TO TREAT SKIN RASHES.</li></ul>",5.15
Adol,6291100080557,,5.7
Scopinal,6291100080953, ,7.4
Alfacort,6291100081059, ,8.2
Adol,6291100081394, ,7.5
Amydramin,6291100081868, ,7.15
Amydramin,6291100082278,,8.3
Adol,6291100082377, ,5.8
Mebo,6291100083367, ,36.0
Dizinil,6291100086306, ,9.4
Premosan,6291100088232, ,3.6
Enegry,6291100270675,<p><strong>Highlights:</strong></p><ul><li>Rich in natural nourishing properties</li><li>Makes hair look renewed and vibrant</li><li>Moisturizes hair to give it a beautiful look</li></ul>,52.9
Nexcare,6291103651082,,15.0
Emifenac,6291103730459, ,18.85
Vaseline,6291105153263,"<p><strong>Highlights:</strong></p><ul>
<li>Provides 24 hours moisturization</li><li>Repairs dry and chapped lips</li><li>Lip balm for soft and glossy lips</li><li>Contains essential nourishment of vitamin E</li><li>Delivers a gorgeous, healthy tint</li></ul>",13.0
Vaseline,6291105153270,"<p><strong>Highlights:</strong></p><ul>
<li>Provides 24 hours moisturization</li><li>Repairs dry and chapped lips</li><li>Lip balm for soft and glossy lips</li><li>Delivers a gorgeous, healthy tint</li></ul>",13.0
Vaseline,6291105153287,<p><strong>Highlights:</strong></p><ul><li>Provides 24 hours moisturization</li><li>Repairs dry and chapped lips</li><li>Lip balm for soft and glossy lips</li></ul>,13.0
Vaseline,6291105153294,<p><strong>Highlights:</strong></p><ul><li>Provides 24 hours moisturization</li><li>Repairs dry and chapped lips</li><li>Lip balm for soft and glossy lips</li></ul>,13.0
Nurofen,6295120005385, ,15.3
Dettol,6295120010730,,14.95
Mucinex,6295120012345, ,28.85
Gaviscon,6295120040225, ,20.9
Durex,6295120050491,"<p><strong>Highlights:<br></strong></p><ul>
<li>Durex Condoms are created for longer-lasting pleasure</li><li>Made with special ingredient, Silicon to give the maximum pleasure</li><li>Newly improved and with an odor masker – no distracting latex smell, when you’re getting it on</li><li>Suitable for all skin types</li></ul>",80.0
Artelac,6297000720180,,74.0
Artelac,6297000720258,"<p><strong>Highlights:</strong></p><ul>  
<li>Artelac Night-time Gel is designed to supplement the tear film 
including the important outer-lipid layer for maximum relief and 
moisture retention on the surface of the eye.  </li>  
<li> It has a calm and soothing effect on the eyes while at the same time it locks in moisture to provide long term relief.  </li>  
<li>
 It is an ideal product for everybody suffering from a range of symptoms
 of dry eyes such as tired, stressed, gritty, burning and/or tearing 
eyes. </li></ul>",30.1
Nizoral,6297000859002, ,30.55
MuscleTech,631656703306,<p><strong>Highlights:</strong></p><ul><li>Protein powder contains a research-proven 3-gram dose of creatine monohydrate</li><li>Helps to build more strength than regular whey protein</li><li>Contains bioengineered food ingredients</li><li>Ultimate muscle building formula</li><li>Increase strength and performance</li></ul>,250.0
CHI,633911842799,"<p><strong>Highlights:</strong></p><ul><li>The secret is the intense nourishment & hydration of silk proteins that will give your hair results as the cold treatment sessions in the salon.</li><li>A magic solution in which you save your hair before every occasion and after dyeing, highlighting, if you use heat styling tools regularly & to define your curly hair.</li><li>Sulfates & paraben free, suitable for all hair types.</li></ul>",199.0
CHI,633912000000,"<p><strong>Highlights:</strong></p><ul>
<li>It rebuilds the hair\'s cuticle, and penetrates deep into the hair to retain moisture and smooth the cuticle</li><li>It improves elasticity and prevents future breakage, while adding intense hydration that restores softness and shine. </li></ul>",149.0
Applied Nutrition,634158679865,"<p><strong>Highlights:</strong></p><ul>
<li>25.4 G Protein Per Serving</li><li>Maintenance & Growth of Muscle Mass</li><li>Slow Absorbing Protein</li></ul>",265.0
Applied Nutrition,634158722950,"<p><strong>Highlights:</strong></p><ul>
<li>Over 24g of Protein Per Serving</li><li>Soy Protein & Pea Protein & Brown Rice Protein & Hemp Protein</li><li>contribute to the growth & Maintenance of Muscle Mass</li></ul>",199.0
Applied Nutrition,634158743429,"<p><strong>Highlights:</strong></p><ul>
<li>Help to lose weight.</li><li>Supports athletic performance and endurance.</li><li>Supports energy production.</li></ul>",185.0
Applied Nutrition,634158767487,"<p><strong>Highlights:</strong></p><ul>  <li>INCREASE YOUR PHYSICAL PERFORMANCE: Applied Nutrition’s ABE combines 
some of the most vital and extensively researched active ingredients. 
These ingredients are proven to boost physical performance, reduce the 
onset of fatigue during a workout and enhance focus during training.  </li>  <li>
 HIGH IN B12: All Black Everything pre-workout powder contains vitamin 
B12. B12 encourages normal red blood cell formulation. These, in 
combination with other vital nutrients, aid healthy living.  </li>  <li>
 MANY DELICIOUS FLAVOURS: The ABE pre-workout powder comes in an array 
of different tasty flavours to help fuel your training session. From 
bubblegum to tropical flavours, there is something for everyone to make a
 scrumptious shake.  </li>  <li>
 TESTED FOR ATHLETES: Every ingredient in this pre-workout powder is 
rigorously tested. This ensures that it has a high nutritional value and
 can be used by professional athlete</li></u",125.0
Applied Nutrition,634158794018,"<p><strong>Highlights:</strong></p><ul>  
<li>Essential amino acid cannot be synthesised or created by the body and therefore must be supplied from the diet  </li>  
<li> Amino acids are complex chemicals that are the building blocks of protein  </li>  
<li> Amino fuel is the perfect blend delivering 11g of amines per serving </li></ul>",160.0
Applied Nutrition,634158794285,"<p><strong>Highlights:</strong></p><ul><li>Fuel for training and perfect for before, during and after exercise</li><li>Carb-x highly branched cyclic dextrin carbs (cluster dextrin) are highly soluble and provide a quick source of energy</li><li>Recommended to be taken with i-drive for maximum results</li><li>Highly soluble carbohydrates + 50 mg astragin added highly soluble and provide a fast source of energy</li><li>Precursor to nitrogen oxide vegan vegetarian gluten free</li></ul>",165.0
Biosoft,6420618265259, ,31.1
Jamieson,64642073983,"<h3><strong>Highlights:</strong></h3><ul><li><strong>highly absorb-able zinc formula</strong></li><li><strong>Immune system support.</strong></li><li><strong>It helps the body metabolize carbohydrates, fats and protein</strong></li></ul><p><a title=""\&quot;\\\&quot;"" tabindex=""\&quot;\\\&quot;"" class=""\&quot;\\\&quot;""></a></p>",55.0
Bioglan,647125805051,"<p><strong>Highlights:</strong></p><ul>
<li>Up to 10 Times More Fish Oil Than Other Kids Brands</li><li>Up to 8 Times More DHA than Other Kids Brands</li><li>Guaranteed No Fishy Taste</li><li>Each Burstlet- 500 mg Natural Fish Oil</li><li>Dietary Supplement</li></ul><p>Omega-3 is perhaps the single</p>",42.0
Avalon Organics,654749350010,"<p><strong>Highlights:</strong></p><ul>  <li>One 1 fl oz bottle of Avalon Organics Natural Vitamin C Radiance Serum  </li>  <li> Daily Serum to use morning and evening; suitable for sensitive skin, dermatologist tested  </li>  <li> Biodegradable and certified organic formula made with plant-based botanicals and essential oils  </li>  <li> No GMOs, parabens, harsh preservatives, synthetic colors or fragrances, phthalates or sulfates  </li>  <li> Always cruelty-free, never tested on animals; recognized by the Leaping Bunny Program&nbsp;</li></ul>",317.4
Avalon Organics,654749350027,<p><strong>Highlights:</strong></p><ul><li>Contains Organic Ingredients</li><li>Nourish - Brighten - Renew</li><li>Renewal Creme Riche</li><li>Triple C Complex</li><li>Suitable for Sensitive Skin</li><li>Dermatologist Tested</li><li>NSF Certified</li><li>Vegan</li><li>Biodegradable</li><li>No GMOs</li></ul>,125.0
Avalon Organics,654749350041,"<p><strong>Highlights:</strong></p><ul>  
<li>One 1.7 oz. jar of Avalon Organics Natural Vitamin C Gel Cream Moisturizer  </li>  
<li> Lightweight gel cream to use morning and night; Dermatologist tested, suitable for sensitive skin  </li>  
<li> Certified organic formula made with plant-based botanicals and essential oils  </li>  
<li> No GMOs, parabens, harsh preservatives, synthetic colors or fragrances, phthalates or sulfates  </li>  
<li> Always cruelty-free, never tested on animals; recognized by the Leaping Bunny Program&nbsp;</li></ul>",287.5
Avalon Organics,654749351109,"<h2><strong>Highlights:</strong></h2><ul>
<li><strong>Normalize oil production,&nbsp;</strong></li><li><strong>Encourage healthy circulation</strong></li><li><strong>Improve scalp conditions.</strong></li><li><strong>Strengthen the hair strands giving your hair a fuller.<br></strong></li></ul>",78.0
Avalon Organics,654749351178,<p><strong>Highlights:</strong></p><li>ncourages Scalp Well-Being and Leaves Hair Soft and Healthy-Looking</li><li>NSF Certified</li><li>No GMOs</li><li>Vegan</li><li>Biodegradable</li><li>Contains Organic Ingredients</li><li>Deep Roots Beauty Care&trade;</li><li>Hain Celestial</li><li>Leaping Bunny Certified</li><li>pH Balanced</li><li>Certified by QAI to NSF/ANSI</li>,56.52
Avalon Organics,654749351369,"<h3><strong>Highlights:</strong></h3><p><strong>SMOOTH SHINE CONDITIONER with Apple Cider Vinegar Formulated for hair 
that is overworked or weighed down by product buildup, our 3-step Apple 
Cider Vinegar hair care regimen, containing a medley of raw Apple Cider 
Vinegar, Nettle Extract and Argan and Babassu Oils, works together to 
condition hair and help lock in shine and reduce fly-aways.</strong></p>",149.5
Avalon Organics,654749351505,"<p><strong>Highlights:</strong></p><ul>
<li>EWG Verified - For Your Health</li><li>NSF Contains Organic Ingredients</li><li>No GMOs</li><li>Vegan</li><li>Biodegradable</li><li>pH Balanced</li><li>Certified Organic Ingredients</li><li>Deep Rooted - Beauty Care&trade;</li><li>Hain Celestial</li><li>Leaping Bunny Certified</li><li>Certified by QAI</li></ul>",65.0
Avalon Organics,654749351604,"<h3><strong>Highlights:</strong></h3><ul><li><strong>Rosemary Has Traditionally Been Used To Normalize Oil Production.</strong></li><li><strong>Encourage Healthy Circulation And Improve Scalp Conditions.</strong></li><li><strong> Wheat Protein Helps Strengthen The Hair Strands Giving Your Hair A Fuller, Healthier Look And Feel.</strong>:</li></ul>",165.6
Avalon Organics,654749351673,<p><strong>Highlights:</strong></p><li>EWG Verified - For Your Health</li><li>NSF Certified</li><li>No GMOs</li><li>Vegan</li><li>Biodegradable</li><li>pH Balanced</li><li>Deep Rooted - Beauty Care </li><li>Hain Celestial </li><li>Leaping Bunny Certified&nbsp;</li>,165.6
Avalon Organics,654749352007,"<p><strong>Highlights:</strong></p><ul>  <li>One 12 oz. bottle of Avalon Organics Nourishing Lavender Hand & Body Lotion  </li>  <li> Deeply nourishes and moisturizes extra dry skin for long lasting hydration  </li>  <li> Certified organic, plant-based formula made with organic botanicals and essential oils  </li>  <li> No GMOs, parabens, harsh preservatives, synthetic colors or fragrances, phthalates or sulfates  </li>  <li> Vegan and not tested on animals&nbsp;</li></ul>",156.4
Avalon Organics,654749361061,"<p><strong>Highlights:</strong></p><ul>
<li>Gentle cleansing and nourishing properties make it a must-have choice</li><li>Strengthens and revitalises tresses, effectively reducing hair fall</li><li>Helps gently cleanse and nourish hair without weighing it down</li></ul>",70.0
Avalon Organics,654749361283,<p><strong>Highlights:</strong></p><ul><li>Encourages Scalp Well-Being and Leaves Hair Soft and Healthy-Looking</li><li>NSF Certified</li><li>No GMOs</li><li>Vegan</li><li>Biodegradable</li><li>Deep Rooted Beauty Care</li><li>Hain Celestial</li><li>Leaping Bunny Certified</li><li>Certified by QAI to NSF/ANSI 305 </li><li>pH balanced</li><li>Contains Organic Ingredients</li></ul>,149.5
ALLMAX,665553227870,"<p><strong>Highlights:</strong></p><ul>
<li>Science • Innovation • Quality • Results</li><li>Essentials</li><li>Promotes Nitric Oxide Production</li><li>Supports Vascular Blood Flow</li><li>Reduces Muscle Fatigue</li><li>Free Scoop</li><li>Dietary Supplement</li><li>Quality Guarantee - Purity & Potency Tested</li><li>Lab Tested Every Lot</li><li>cGMP Registered Facility</li><li>Vegan</li></ul>",119.97
Mommys Bliss,679234052996,"<p><strong>Highlights:</strong></p><ul>
<li>#1 Selling Brand</li><li>Relieves Occasional Stomach Discomfort from Gas-Colic-Fussiness-Hiccups</li><li>Free of Dyes, Alcohol & Parabens</li><li>Liquid Dietary Supplement</li><li>No-Spill Syringe Adapter</li><li>Fennel & Ginger Extracts</li><li>Safe & Gentle</li><li>100% Vegetarian & Vegan</li><li>No Refrigeration Needed</li><li>No Artificial Flavors or Colors</li><li>Women Owned and Led</li><li>NSF - Contents Certified</li><li>All Packaging is Free of BPA, PVC\'s and Phthalates</li></ul>",61.65
Mommys Bliss,679234058035,"<h3><strong>Highlights:</strong></h3><ul>
<li><strong>Simethicone-based remedy</strong></li><li><strong>Recommended by pediatricians</strong></li><li><strong> Healthful ingredients for healthy families</strong></li><li><strong>Safe for newborns</strong></li><li><strong>No Artificial colors or flavors or Gluten</strong></li><li><strong>Soy-free; alcohol and paraben free.</strong></li><li><strong>Dropper included in every box</strong></li><li><strong>No refrigeration required after opening;</strong></li><li><strong>Newborn + of age</strong></li></ul>",69.0
Parodontax,6805699533327,"<p><strong>Highlights:</strong></p><ul>
<li>Perfection toothpaste will remove up to 100% surface stains in 3 days</li><li>Whitening Accelerator to protect from new surface stains for up to 24 hours</li><li>For best results use twice per day</li></ul>",30.0
Sensodyne,6805699533907,"<p><strong>Highlights:</strong></p><ul>  
<li>Gently clean teeth and gentle on gums</li>  
<li> Designed to adapt to delicate areas on your teeth and gums, providing all round cleaning  </li>  
<li> Gently clean teeth and gentle on gums  </li>  
<li> Designed to adapt to delicate areas on your teeth and gums, providing all round cleaning </li></ul>",26.0
Parodontax,6805699954542,<p><strong>Highlights:</strong></p><ul>  <li>Helps whiten teeth as you brush regularly  </li>  <li> Helps fight cavities with an explosion of freshness  </li>  <li> To maintain good oral hygiene&nbsp;</li></ul>,34.5
Sensodyne,6805699955082,"<p><strong>Highlights:</strong></p><ul>  
<li>Features bristles which flex on contact with the teeth and gums to help provide gentle cleaning  </li>  
<li> Brushes very handy to reach all the zones of the mouth adapts with precision to contours of the teeth  </li>  
<li> Conceived to act in the narrowest places  </li>  
<li> Brings softness and protection of the gums during brushings  </li>  
<li> Packaging / Colour May Vary </li></ul>",30.0
Sensodyne,6805699956027,"<p><strong>Highlights:</strong></p><ul>
<li>Sensodyne Extra Fresh builds round the clock sensitivity protection and cleans effectively</li><li>It builds soothing protection around the nerve, deep inside the tooth</li><li>So you don’t need to worry when you eat or drink.</li><li>Also contains fluoride to strengthen teeth and protects against decay</li></ul>",27.0
Parodontax,6805699957192,"<p><strong>Highlights:</strong></p><ul><li>Plaque removal cleanses along the gum line</li><li>Gentle on gums and enamel</li><li>Helps to restore natural whiteness, with tongue cleaner and ergonomic handle</li><li>It provides protection from cavities</li><li>Keep out of reach of children</li></ul>",30.0
Sensodyne,6805699958120,"<p><strong>Highlights:</strong></p><li> Why choose 
Sensodyne Advanced Repair & Protect Extra Fresh Toothpaste? 
Sensodyne Advanced Repair & Protect Extra Fresh helps repair* 
sensitive areas and strengthen your teeth.  </li><li>
 It also has a fresh minty taste to leave your mouth feeling clean and 
fresh. *Forms a protective layer over the sensitive areas of the teeth. 
Brush twice a day for lasting sensitivity protection.  </li><li>
 How to use Sensodyne Advanced Repair & Protect Extra Fresh 
Toothpaste? Sensodyne Advanced Repair & Protect Extra Fresh is a 
daily toothpaste. </li>",41.95
Sensodyne,6805699958168,<p><strong>Highlights:</strong></p><p>Toothbrush and sensitive gums with medium strength bristles.<br>Suitable for daily cleaning.<br>Provides up to 5x better access along the gum line and up to 38</p>,28.0
Parodontax,6805699958823,"<p><strong>Highlights:</strong></p><ul>  <li>&nbsp;It helps freshen breath, strengthen enamel, deep clean, whiten, reduce 
bleeding gums, reduce inflamed gums, remove plaque, and reduce swollen 
gums.  </li>  <li> Anti-gingivitis toothpaste that helps prevent bleeding gums (with twice daily brushing)  </li>  <li>
 3x more effective at removing plaque, the main cause of bleeding gums 
(compared to a sodium monofluorophosphate toothpaste after professional 
cleaning and twice daily brushing)  </li>  <li> Offers a pure fresh mint flavour and cavity protection  </li>  <li>
 Parodontax Complete Protection toothpaste is a gingivitis treatment 
that is clinically proven to help reverse the effects of gingivitis, an 
early stage of gum disease (with regular brushing)  </li>  <li> Anti-gingivitis toothpaste that helps prevent bleeding gums (with twice daily brushing)  </li>  <li>
 3x more effective at removing plaque, the main cause of bleeding gums 
(compared to a sodium mon</li></ul",40.25
Sensodyne,6805699959189,"<p><strong>Highlights:</strong></p><ul>  
<li>Sensodyne Herbal Multi Care provides all the benefits of a regular toothpaste but with 24/7 tooth sensitivity protection  </li>  
<li>
 It is for everyone who wants sensitivity relief, lasting sensitivity 
protection, prevention of tooth decay and all the benefits of a regular 
toothpaste  </li>  
<li>
 Brush twice daily with Sensodyne Herbal Multi Care toothpaste for 
sensitivity relief, It reduces the pain of sensitive teeth in as little 
as 2 weeks which improves with continued use </li></ul>",33.95
Laperva,6902860346998,"<p><strong>Highlights:</strong></p><ul>
<li>Round base</li><li>Odor resistance</li><li>Easy to open, close & carry</li></ul>",100.0
Body Builder,6902860347285,"<p><strong>Highlights:</strong></p><ul>
<li>Easy - carry & use</li><li>Odor and stain resistant</li><li>Made of high quality materials</li></ul>",25.0
Roushun,6921199106820,<p><strong>Highlights:</strong></p><li>Moisturizes the skin and repairs damage caused by dryness.</li><li>Nourishes the skin and reduces fine lines and dark spots.</li><li>It works to maintain collagen secretion to maintain skin elasticity.</li><li>The oil is used for the face and body.</li>,28.0
Nitro Canada,6926901802090,"<p><strong>Highlights:</strong></p><ul>  
<li>Argan oil adds shine to your hair  </li>  
<li> Hair growth complex prevents hair loss  </li>  
<li> Plant collagen adds strength to your hair  </li>  
<li> Provides long-term color retention  </li>  
<li> Made of high quality material </li></ul>",60.0
Barak,6971724620017, ,35.0
,769915000000,,36.0
Pantozol,7038319100268, ,49.25
Pantozol,7038319100275, ,87.95
Pantozol,7038319100299, ,54.8
Albothyl,7038319100367, ,14.25
Dymatize,705016373048,<h3><strong>Highlights:</strong></h3><ul><li><strong>25g of Whey Protein Isolate</strong></li><li><strong>5.5g of BCAAs proven to help build muscle and aid in recovery</strong></li><li><strong>1g of Sugar per serving</strong></li><li><strong>Hydrolyzed Whey Protein Isolate - Super fast digesting</strong></li><li><strong>Delicious taste and easy to mix</strong></li><li><strong>Gluten Free - Lactose Free</strong></li><li><strong>Zero Fat - Zero Sugar</strong></li><li><strong>&lt;120 Calorie</strong></li></ul>,243.0
Dymatize,705016375028,"<p><strong>Highlights:</strong></p><ul>  
<li>Known worldwide for quality, taste and purity, ISO100 is produced to our highest quality standards  </li>  
<li>
 ISO100 is formulated using a cross-flow micro Filtration, multi-step 
purification process that preserves important muscle-building protein 
fractions  </li>  
<li> ISO100 is made with pre-hydrolyzed protein sources to ensure fast digestion and absorption  </li>  
<li> Scientifically PROVEN, fast-digesting, hydrolyzed, 100% whey protein isolate  </li>  
<li> Less than 1 gram of fat & sugar per serving&nbsp;</li></ul>",347.0
Dymatize,705016375042,<p><strong>Highlights:</strong></p><ul><li>It ensures you get the best usage for a longer period</li><li>The product will surely meet your expectation</li><li>It is designed to meet your need</li><li>Brand Name: ISO100</li></ul>,347.0
Dymatize,705016375066,"<p><strong>Highlights:</strong></p><ul><li>Dymatize ISO 100 Protein Isolate is simply a muscle-building fuel. Known worldwide for quality, taste, and purity. If your goal is gains in muscle size and strength, then ISO100 is your perfect workout partner. Loaded with muscle building amino acids, ISO100 can support even the most serious resistance-training programs</li><li>Known worldwide for quality, taste and purity, Dymatize ISO 100 is produced to our highest quality standards. Dymatize ISO 100 is formulated using a cross-flow microfiltration, multi-step purification process that preserves important muscle-building protein fractions while removing excess carbohydrates, fat, lactose and cholesterol</li><li>Dymatize ISO 100 Protein Isolate is made with pre-hydrolyzed protein sources to ensure fast digestion and absorption. One look at the facts panel will tell you that Dymatize ISO 100 has a lot to offer</li></ul>",347.0
Dymatize,705016375684,"<p><strong>Highlights:</strong></p><ul>
<li>5 lbs of Dymatize ISO100 Chocolate Peanut Butter Protein Powder (71 Servings)</li><li>25 grams of protein which includes 55 grams of branched-chain amino acids (BCAAs) & 26 grams of Leucine per serving 1 gram or less of sugar and fat per serving</li><li>Scientifically formulated fast-absorbing hydrolyzed whey protein isolate If your goal is gains in muscle size and strength ISO100 is your perfect partner</li><li>Gluten free with less then 1g of lactose</li><li>With 110-120 calories per serving ISO100 can help support your keto diet low carb diet or high protein diet Add to your favorite recipe or high protein shakes!</li></ul>",347.0
Dymatize,705016600496,"<p><strong>Highlights:</strong></p><ul>
<li>Dymatize ISO 100 Protein Isolate is simply muscle-building fuel. Known worldwide for quality, taste, and purity. If your goal is to gain muscle size and strength, then ISO100 Protein is your perfect workout partner. Loaded with muscle-building amino acids, ISO100 Protein can support even the most serious resistance-training programs.</li><li>Known worldwide for quality, taste, and purity, Dymatize ISO 100 Protein is produced to our highest quality standards. Dymatize ISO 100 Protein is formulated using a cross-flow microfiltration, multi-step purification process that preserves important muscle-building protein fractions while removing excess carbohydrates, fat, lactose, and cholesterol.</li><li>Dymatize ISO 100 Protein Isolate is made with pre-hydrolyzed protein sources to ensure fast digestion and absorption. One look at the facts panel will tell you that Dymatize ISO 100 Protein has a lot to offer:</li><li>25 grams of protein, 5.5 grams o",138.0
Eckhart,714654194052,"<p><strong>Highlights:</strong></p><p>- Active Vitamins & Minerals that have been carefully selected to support you on a daily basis.
- Daily vital multivitamins sustain energy, support heart, and blood health & are safe to consume and healthy
- Multivitamin comes with a multitude of health benefits. Though the full list of benefits is too extensive to detail.</p>",228.0
Swedish Nutra,7301238271990, ,90.0
Frudia,8803350000000,,22.44
Lense Me,8809220000000,,15.0
Some By Mi,8809330000000,"<p><strong>Highlights:</strong></p><ul> <li>Relief of your skin, irritation-free exfoliator for every days use </li> <li> Good for skin exfoliation, pore tightening, hydration, brighter skin tone </li> <li> Contains 10000ppm of real teatree extracts </li></ul>",40.0
Move On,8809330000000,"<p><strong>Highlights:</strong></p><ul>
 <li>Quick recovery from muscle, back, joint and body pain and reduce inflammation.</li><li>Quick recovery from muscle, back, joint and body pain and reduce inflammation.</li><li>It can be used safely as it is made of pure natural essential oils.</li></ul>",65.0
Move On,8809330000000,,39.0
Move On,8809330000000,,24.0
COSRX,8809420000000,"<p><strong>Highlights:</strong></p><ul>
 <li>Fades Dark Spots</li><li>Improves Skin Texture</li><li>Anti-Aging</li><li>Intense Hydration</li></ul>",69.0
COSRX,8809420000000,"<p><strong>Highlights:</strong></p><ul>
 <li>Expecting Tomorrow</li></ul><p>Formulated with 92% Snail Secretion Filtrate(Mucin), this cream helps naturally create the appealing glow of healthy skin.</p><p>This Advanced Snail All in one Cream that supports natural regeneration of damaged skin to reduce the appearance of wrinkles.</p><p>\""Snail cream with layering of hyper-moisturization without thirst or broken barriers!\""</p>",46.33
Some By Mi,8809650000000,"<p><strong>Highlights:</strong></p><ul>
 <li>Soap exfoliates and gently cleans skin.</li><li>Toner provides deep cleaning of pores and moisturizes skin.</li><li>Serum removes dirt and prevents loss of skin moisture.</li><li>Removes pimples without drying out the skin.</li><li>It brightens and unifies skin tone.</li><li>The cream contains abundant natural ingredients, so it hydrates the skin deeply and leaves it smooth.</li></ul>",39.0
Airqueen,8809650000000,,17.0
Colgate,8850010000000,<p><strong>Highlights:</strong></p><ul><li>Colgate Plax Tea Fresh Mouthwash offers a refreshing taste with Natural Tea Extracts.</li><li>A less-intense alcohol-free formula protects for 12 hours against plaque and bacteria.</li><li>24/7 bad breath protection with pleasant tea aroma clearing germs completely after each use.</li></ul>,36.0
johnsons,8850010000000,"<p><strong>Highlights:</strong></p><ul><li>Pediatrician and dermatologist-tested, free from dyes, parabens and phthalates, soothe your baby’s senses after bath time or after a nappy change with bedtime powder</li><li>Our clinically proven mildness formula is specially designed for baby’s delicate skin, make the dry skin smooth</li><li>Creates a protective barrier to reduce effects of rubbing and chafing, leaves skin soft, dry and feeling healthy</li><li>Our bedtime powder gently absorbs excess of moisture to keep skin soft and dry during the night time</li><li>Johnsons baby bedtime powderjohnsons baby powder helps to eliminate friction while keeping skin coolfortable, it helps to gently soothe your baby skin whilst it helps to promote better baby sleep</li></ul>",50.0
Green Wealth,8858850000000,"<p><strong>Highlights:</strong></p><ul> 
 <li>Purely Made of All Natural Ingredients Herbal Techniques </li> 
 <li> Helps prevent hair loss. </li> 
 <li> Helps promote Hair Growth </li> 
 <li> Safe & Easy to use </li></ul>",60.0
Lee Stafford,886011000000,"<p><strong>Highlights:</strong></p><ul>
 <li>Contain Keratin & Protein to enhance your keratin effect</li><li>Moisturizing</li><li>Maintain hair treated with keratin for longer time</li><li>Sulfate free, Sodium free</li><li>For hair treated with keratin, protein, bb & collagen</li></ul>",95.45
Vaseline,8886470000000,,15.62
Vaseline,8886470000000,,15.62
Vaseline,8886470000000,,15.62
Ponds,8901030000000,"<h3><strong>Highlights:</strong></h3><ul><li><strong>It helps you stay fresh and keeps your skin soft and smooth all day long.</strong></li><li><strong>Prevents body odor by absorbing sweat and resisting bacteria.<br></strong></li><li><strong>Softens and cools to give you freshness in seconds.<br></strong></li><li><strong>It removes the secretion of excess fat on the face, which leads to unifying skin tone.<br></strong></li><li><strong>It makes your face look brighter and gives a real glow in seconds.</strong></li></ul>",15.0
YumEarth,890146000000,"<h2><strong>Highlights:</strong></h2><ul>
 <li><strong>Individually Wrapped Pops</strong></li><li><strong>Naturally Flavored</strong></li><li><strong>Top 9 Allergy Friendly Free*</strong></li><li><strong>No Artificial Dyes</strong></li><li><strong>Non-GMO Project Verified</strong></li><li><strong>Certified Gluten-Free</strong></li><li><strong>USDA Organic</strong></li><li><strong>Vegan</strong></li><li><strong>Kosher Parve</strong></li></ul>",57.0
Bio Health,8908010000000,"<p><strong>Highlights:</strong></p><h4>Some of the benefits of Coliver 1000Mg Softgels are enumerated here as follows;</h4><ul>
  <li>Maintaining a healthy cardiovascular and nervous system.</li> <li>Supporting strong healthy bones and joint.</li> <li>Contributes to the maintenance of healthy skin, teeth, hair, gum and Eye vision.</li> <li>Formation and development and maintenance of healthy bones.</li> <li>Decreases the risk of heart disease.</li> <li>Reduce LDL cholesterol and increase HDL cholesterol level in body.</li> <li>Promote joint support, flexibility and mobility.</li></ul><p><strong><br></strong></p>",56.52
Bio Health,8908010000000,"<p><strong>Highlights:</strong></p><ul>
 <li>Omega 3 contains EPA and DHA which is \'good \'for human general well-being</li><li>Omega
  6 maintains healthy bones, stimulates hair growth and keeps the skin 
 young and glowing.Omega 7 It may plays a vital role in suppressing fat 
 production & obesity</li><li>Omega 9 may contributes to the maintenance of healthy looking skin</li></ul>",97.39
Bio Health,8908010000000,"<p><strong>Highlights:</strong></p><ul>
 <li>It May help to Reduce the feeling of tiredness and fatigue.</li><li>It May help to contribute normal Metabolism.</li><li>It May help to maintain Blood sugar Level.</li><li>It may help to reduce sugar Cravings.</li></ul>",56.52
Bio Health,8908010000000,"<p><strong>Highlights:</strong></p><ul>
 <li>It May help to Reduce the feeling of tiredness and fatigue.</li><li>It May help to contrubute normal Metabolisum.</li><li>It May help to maintain Blood sugar Level.</li><li>It may help to reduce sugar Cravings.</li></ul>",49.57
Bio Health,8908010000000,"<p><strong>Highlights:</strong></p><ul><li>Vitamin-c
  complex may help to improve low levels of vitamin C in the body for 
 people who do not get enough of the vitamin C from their diets.</li><li>It may help to maintain the good health of skin, cartilage, teeth, bones, and blood vessels</li><li>Its a natural Immunity Booster</li></ul>",40.87
Bio Health,8908010000000,<p><strong>Highlights:</strong></p><p>Melatonin may helps in short-term treatment of sleeping disorder due to which sleeping cycle is disturbed. </p>,21.74
Bio Health,8908010000000,<p><strong>Highlights:</strong></p><li>It is a natural herbal weight loss formula without any side effects</li><li>It is a beneficial natural Fat burner</li><li>Promotes healthy weight loss and weight management</li>,75.65
Bio Health,8908010000000,<h4><strong>Highlights:</strong></h4><ul><li>Helps to fulfil the nutrient need of the children body and helps to prevents nutrient deficiency</li><li>Multivitamin gummys are recommended for kids to boost their immunity and protect them from sickness.</li><li>Vivotrum Children Gummys are chewable and tasty supplement for your children\'s</li></ul>,42.61
Bio Health,8908010000000,"<h4><strong>Highlights:</strong></h4><p>May help to:</p><ul>
  
 <li>Maintain bone health</li> 
 <li>Support for healthy immune system.</li> 
 <li>Reduce micro-nutrient deficiencies.</li> 
 <li>Increases memory, enhance mood.</li> 
 <li>Maintain healthy skin and hair health.</li> 
 <li>Prevent damage to blood vessels.</li> 
 <li>Protecting the various heart condition.</li></ul>",34.78
Bio Health,8908010000000,"<p><strong>Highlights:</strong></p><p>- A supplement that supports healthy hair, skin, and nails<br>- It improves blood circulation and imparts texture<br>- It helps as an antioxidant<br><br>About
  the Brand: Bio- Health Ltd. is a UK based brand that was incorporated 
 in 1981 for the purpose of initiating the first range of vitamin, 
 mineral and herbal supplements totally free from additives. They are 
 specialists in herbal medicines and supplements.</p>",53.91
Bio Health,8908010000000,"<p><strong>Highlights:</strong></p><ul>
 <li>It is an ideal supplement for health skin</li><li>Hermetically sealed capsule to maintain freshness and purity</li><li>Contains Vitamin E for added benefit</li><li>May help improve heart health and reduce high blood pressure</li></ul>",84.35
Bio Health,8908010000000,<p><strong>Highlights:</strong></p><ul> <li>&nbsp;It promotes healthy glowing skin </li> <li> May Helps to reduce acne and pigmentation </li> <li> Helps in reducing skin ageing and Helps to protect skin damage from dirt and pollutants&nbsp;</li></ul>,76.52
Bio Health,8908010000000,"<p><strong>Highlights:</strong></p><ul><li>A deficiencies of any of these B vitamins can lead to decreased energy production</li><li>It
  contains vitamins and minerals which are essential for normal metabolic
  functions especially for normal growth and development</li><li>Improve collagen levels and bone strength</li></ul>",34.78
Bio Health,8908010000000,"<p><strong>Highlights:</strong></p><ul><li>May help to reduce anxiety and stress</li><li>May help in increasing Strength and stamina ,increase the healthy sperm counts</li><li>Increase the longevity</li></ul>",53.91
Bio Health,8908010000000,"<p><strong>Highlights:</strong></p><ul>
 <li>Maintain strong bone health and proper muscle function.</li><li>Maintain Eye health and boost immunity</li><li>It contain Phosphorus which is use in formation of bone and teeth.</li></ul>",34.78
Bio Health,8908010000000,"<p><strong>Highlights:</strong></p><ol><li><strong>High-Quality Collagen:</strong> Bio Health Collagen Blueberry
  Flavour is enriched with high-quality collagen, a vital protein that 
 contributes to the health and elasticity of your skin, hair, and nails.</li><li><strong>Delicious Blueberry Flavor:</strong> Enjoy the enticing taste
  of fresh blueberries with every sip. The pleasant blueberry flavor 
 makes incorporating collagen into your daily routine a tasty and 
 enjoyable experience.</li><li><strong>Hydrolyzed Collagen:</strong> The collagen used in this 
 supplement is hydrolyzed, ensuring optimal absorption by the body. 
 Hydrolyzed collagen is broken down into smaller, easily digestible 
 peptides for better bioavailability.</li><li><strong>Skin and Joint Support:</strong> Collagen is known for its 
 role in promoting skin elasticity and hydration. Additionally, it 
 supports joint health, making it a comprehensive supplement for overall 
 well-being.</li><li><strong>Antiox</",95.65
Bio Health,8908020000000,"<p><strong>Highlights:</strong></p><p>Laxative ,Ayurvedic preperation. Ayurvedic Proprietary Medicine, Useful in Indigestion, constipation and Acidity</p>",16.52
Bio Health,8908020000000,"<p><strong>Highlights:</strong></p><p>Some of the benefits of Bio Health Calcium + Zinc + Magnesium Effervescent Tablets are enumerated here as follows;</p><ul>
  <li>Useful for cell division and growth.</li> <li>Helps to support the body\'s immune system.</li></ul>",16.52
Bio Health,8908020000000,"<p><strong>Highlights:</strong></p><ul>
  <li>It may help to Improve Digestion.</li> <li>May help to Reduce Weight.</li> <li>It has good antioxidant properties.</li> <li>It may increase oxygen levels and help in body detox.</li></ul>",16.52
Bio Health,8908020000000,"<p><strong>Highlights:</strong></p><p>Some of the benefits of Bio Health Apple Cider Vinegar Effervescent Tablets are enumerated here as follows;</p><ul>
  <li>It may aid in weight loss</li> <li>May boost skin health.</li> <li>May help to reduce hair Dandruff.</li></ul>",16.52
Bio Health,8908020000000,"<p><strong>Highlights:</strong></p><p>Some of the benefits of Bio Health Calcium With Vitamin D3 Effervescent Tablets are enumerated here as follows;</p><ul>
  <li>Calcium is a natural mineral that may help in the bone formation process in the body.</li> <li>Vitamin D3 may help your body absorb calcium.</li></ul>",16.52
Bio Health,8908020000000,"<p><strong>Highlights:</strong></p><ul> 
 <li> may help in various bodily processes </li> 
 <li> may help to maintaining acid-base balance and may help in keeping you hydrated. </li></ul>",16.52
Bio Health,8908020000000,"<p><strong>Highlights:</strong></p><ol>
 <li><strong>Deep Pore Formula:</strong> Bio Health Deep Pore Acne 
 Corrector Gel features a unique formula that penetrates deep into pores,
  targeting acne at its source.</li><li><strong>Acne-Targeted Ingredients:</strong> Enriched with ingredients
  known for their acne-fighting properties, this gel includes powerful 
 compounds to reduce inflammation and prevent breakouts.</li><li><strong>Fast-Absorbing and Non-Greasy:</strong> The lightweight and 
 non-greasy texture ensure that the gel is quickly absorbed into the 
 skin, making it suitable for daily use without leaving a residue.</li><li><strong>30gm Size:</strong> Conveniently packaged in a 30gm size, 
 this acne corrector gel is perfect for targeted treatment and easy to 
 incorporate into your skincare routine.</li><li><strong>Targeted Blemish Reduction:</strong> Bio Health\'s formula is 
 crafted to reduce the appearance of blemishes and acne scars, promoting a
  smoother and more eve",19.13
Bio Health,8908020000000,"<p><strong>Highlights:</strong></p><ul> 
 <li>Helps to clean unwanted pore clogging oils </li> 
 <li> Non Irritant </li> 
 <li> PH Balance </li> 
 <li> Exfoliating and Hydrating </li> 
 <li> Moisture Balancing & Healthy Cleansing&nbsp;</li></ul>",19.13
Bio Health,8908020000000,"<p><strong>Highlights:</strong></p><p>Re-Radiance face Wash Safe for sensitive Skin,deeply Cleanses and Hydrate face.Fragrance and soap free&nbsp;</p>",19.13
Bio Health,8908020000000,<p><strong>Highlights:</strong></p><ul> <li>Anti-Ageing Brightening serum </li> <li> reduce pigmentation dark spot </li> <li> Boost Radiance </li></ul>,27.83
Bio Health,8908020000000,<p><strong>Highlights:</strong></p><p>Very Effective for rejuvenating and brightning skin.Reduces dullness dark spot and fine lines&nbsp;</p>,25.22
Bio Health,8908020000000,"<p><strong>Highlights:</strong></p><ol>
 <li><strong>Targeted Under Eye Care:</strong> The under-eye cream is 
 specifically formulated to target common concerns in the delicate 
 under-eye area, such as puffiness, dark circles, and fine lines.</li><li><strong>Dark Circle Reduction:</strong> The cream may contain 
 ingredients known for their ability to reduce the appearance of dark 
 circles, helping to create a more even and radiant skin tone.</li><li><strong>Puffiness Relief:</strong> Designed to address puffiness and 
 under-eye bags, the cream may include ingredients with soothing and 
 anti-inflammatory properties.</li><li><strong>Hydration and Moisture:</strong> Hydrating ingredients in the
  formulation work to provide moisture to the skin, contributing to a 
 smoother and more supple under-eye area.</li><li><strong>Anti-Aging Properties:</strong> The cream may contain 
 anti-aging ingredients that help minimize the appearance of fine lines 
 and wrinkles, promoting a youthful<",16.52
Bio Health,8908020000000,"<p><strong>Highlights:</strong></p><ul> <li>Broad Spectrum Protection: Defend your skin against UVA and UVB rays 
 with our high-performance sunscreen, providing reliable protection 
 throughout the day </li> <li>Tinted Perfection: Achieve a flawless, even skin tone with our sheer,
  tinted formula. It\'s perfect for those no-makeup makeup days </li> <li>Non-Greasy and Lightweight: Our sunscreen feels weightless on your 
 skin, making it ideal for everyday use. Say goodbye to that heavy, 
 greasy feeling! </li> <li>Enriched with Antioxidants: Infused with powerful antioxidants, it 
 helps combat the signs of aging and keeps your skin looking youthful </li> <li>Water-Resistant: Whether you\'re at the beach or going for a jog, this sunscreen stays put, even during water activities </li> <li>Dermatologist-Approved: Formulated by experts to ensure the highest standards of safety and effectiveness.&nbsp;</li></ul>",25.22
Bio Health,8908020000000,"<p><strong>Highlights:</strong></p><ol><li><strong>Broad-Spectrum SPF 50:</strong> The high SPF rating indicates
  strong protection against both UVA and UVB rays, safeguarding your skin
  from the harmful effects of sun exposure.</li><li><strong>Sunburn Prevention:</strong> Sunlock Sunscreen helps prevent sunburn, making it an essential companion for outdoor activities and prolonged sun exposure.</li><li><strong>UVB and UVA Protection:</strong> The broad-spectrum 
 formulation targets both UVB rays (responsible for sunburn) and UVA rays
  (associated with premature aging), providing comprehensive sun 
 protection.</li><li><strong>Prevents Premature Aging:</strong> Regular use of SPF 50 
 sunscreen can contribute to preventing premature aging caused by sun 
 damage, including wrinkles, fine lines, and age spots.</li><li><strong>Non-Greasy Formula:</strong> The sunscreen likely features a 
 non-greasy formula, allowing for comfortable wear without leaving a 
 heavy or oily residue on</l",14.78
Bio Health,8908020000000,"<p><strong>Highlights:</strong></p><ol><li><strong>Kiwi Infusion:</strong> Enjoy the uplifting and fruity fragrance of kiwi, providing a burst of freshness to enhance your shower experience.</li><li><strong>Jojoba Beads Scrub:</strong> The shower gel is enriched with 
 gentle jojoba beads that provide a mild exfoliation, helping to remove 
 dead skin cells and promote smoother, radiant skin.</li><li><strong>Cleansing and Exfoliating:</strong> This dual-action product 
 serves as both a cleansing shower gel and a mild scrub, ensuring 
 effective yet gentle exfoliation during each use.</li><li><strong>Invigorating Shower Experience:</strong> The combination of 
 kiwi fragrance and jojoba beads offers an invigorating and energizing 
 shower experience, uplifting your mood.</li><li><strong>Quick-Rinsing Formula:</strong> The shower gel is formulated to rinse off quickly, leaving your skin feeling clean and revitalized without any residue.</li><li><strong>200ml Size for Extended Use.</stron",19.13
Bio Health,8908020000000,"<p><strong>Highlights:</strong></p><ol><li><strong>Intensive Moisturization:</strong> The body lotion offers intensive moisturization, helping to combat dryness and keep your skin hydrated throughout the day.</li><li><strong>Quick Absorption:</strong> Formulated for quick absorption, the lotion blends seamlessly into the skin without leaving a greasy or sticky residue.</li><li><strong>Rich in Nourishing Ingredients:</strong> Enriched with a 
 blend of nourishing ingredients, the body lotion supports overall skin 
 health, promoting a radiant and supple complexion.</li><li><strong>Long-Lasting Hydration:</strong> Experience long-lasting hydration that keeps your skin feeling comfortable and rejuvenated.</li><li><strong>Silky-Smooth Texture:</strong> The silky-smooth texture of the lotion enhances the application experience, providing a velvety feel on the skin.</li><li><strong>Subtle Fragrance:</strong> Enjoy a subtle and pleasant fragrance that adds a touch of luxury to your skincare</",16.52
Bio Health,8908020000000,"<p><strong>Highlights:</strong></p><p>VitaBody Lip Balm Enrich with Beetroot and 
 Pomogranate gives natarl colourtexture and helps to reduces pigmentation
  other content gives smothing effect to lips </p>",12.17
Bio Health,8908020000000,"<p><strong>Highlights:</strong></p><ol><li><strong>Natural Exfoliation:</strong> The lip scrub provides natural exfoliation, helping to remove dead skin cells and promote smoother, healthier-looking lips.</li><li><strong>Beetroot and Pomegranate Extracts:</strong> Enriched with the
  benefits of beetroot and pomegranate, the lip scrub harnesses their 
 natural properties to nourish and revitalize your lips.</li><li><strong>Gentle Formula:</strong> The scrub features a gentle formula suitable for delicate lip skin, ensuring effective exfoliation without irritation.</li><li><strong>Prepares Lips for Lip Balm:</strong> Use the lip scrub to prepare your lips for lip balm application, ensuring better absorption and enhanced moisturization.</li><li><strong>Hydration Boost:</strong> While exfoliating, the scrub provides a hydration boost, leaving your lips feeling soft and conditioned.</li><li><strong>Compact 15g Size:</strong> The 15g size is compact and travel-friendly.</li></ol>",12.17
Bio Health,8908020000000,"<p><strong>Highlights:</strong></p><ol><li><strong>Dandruff Control Formula:</strong> Bio Health Hair Spring 
 Dandruff Control Shampoo is formulated with active ingredients to 
 effectively control and reduce dandruff, promoting a healthier scalp.</li><li><strong>2-in-1 Shampoo and Conditioner:</strong> Enjoy the 
 convenience of a combined shampoo and conditioner that cleanses and 
 conditions your hair in one step, saving you time and simplifying your 
 hair care routine.</li><li><strong>200ml Size:</strong> The compact 200ml size is perfect for 
 everyday use and travel-friendly, allowing you to maintain your hair 
 care routine wherever you go.</li><li><strong>Nourishing Ingredients:</strong> Infused with nourishing 
 elements, this shampoo and conditioner combination helps keep your hair 
 soft, manageable, and vibrant while addressing dandruff concerns.</li><li><strong>Balanced Cleansing:</strong> Achieve a balanced cleanse that 
 removes excess oil and impurities from the scalp",20.87
Bio Health,8908020000000,"<p><strong>Highlights:</strong></p><ul>
  
 <li>Biohealth Hair spring shampoo enrich with 
 Keratin and Biotin Support healthy hair growth for post keratin 
 treatment,safe as its sulphate and salt free </li></ul>",20.87
Bio Health,8908020000000,<p><strong>Highlights:</strong></p><p>Supports healthy Nutritional rich hair growth as Enrich With Biotin and Keratin&nbsp;</p>,25.22
Bio Health,8908020000000,"<p><strong>Highlights:</strong></p><ol><li><strong>Nourishing Hair Serum:</strong> Bio Health Hair Spring Hair Serum is a nourishing treatment that adds an extra layer of care to your hair care routine.</li><li><strong>60ml Size:</strong> Conveniently packaged in a 60ml bottle, 
 this serum is perfect for daily use and can easily become a staple in 
 your hair care collection.</li><li><strong>Lightweight and Non-Greasy:</strong> The lightweight and 
 non-greasy formula ensure that the serum adds shine without weighing 
 your hair down, making it suitable for all hair types.</li><li><strong>Healthy Shine:</strong> Experience a healthy and natural shine as the serum enhances the vibrancy and luminosity of your hair.</li><li><strong>Frizz Control:</strong> Tame frizz and flyaways with the serum\'s smoothing properties, promoting a sleek and polished appearance.</li></ol>",25.22
Bio Health,8908020000000,"<p><strong>Highlights:</strong></p><ul> <li>Anti-viral, anti-fungal and anti-inflammatory </li> <li> Helps with soothing burns and may aid in relieving acne </li> <li> Helps moisturize and nourish skin </li> <li> Reduces irritation and redness </li> <li> It is filled with the Goodness of Nature </li> <li> Offers deep moisturization&nbsp;</li></ul>",20.0
Mentos,8935000000000,,20.7
Nutrifactor,8964000000000,"<p><strong>Highlights:</strong></p><ul>
 <li>Helps maintain skin hydration and smoothness.</li><li>Helps minimize the symptoms of skin aging.</li><li>Supports collagen synthesis & helps maintain skin rejuvenation and integrity.</li><li>Helps restore hair health by reducing split ends and thinness of hair.</li><li>Helps promote stronger joints and bones.</li><li>Helps increase antioxidant action.</li><li>Supports healthy nails.</li></ul>",153.04
Nutrifactor,8964000000000,"<p><strong>Highlights:</strong></p><ul>
 <li>Helps provide essential nutrient support.</li><li>Helps fight malnutrition and boost immunity.</li><li>Assists in boosting antioxidant action and providing protection against cell damage and oxidative stress.</li><li>Helps boost energy levels.</li><li>Helps promote overall wellness.</li></ul>",95.65
Nutrifactor,8964000000000,,95.65
Nutrifactor,8964000000000,<p><strong>Highlights:</strong></p><ul><li>Helps to promote stamina and performance.</li><li>Supports reproductive health.</li><li>Supports vascular health.</li><li>Supports muscle protein synthesis.</li><li>Helps in vasodilation to enhance blood flow.</li><li>Plays a beneficial role in heart health.</li></ul>,130.43
California Gold Nutrition,898220000000,"<p><strong>Highlights:</strong></p><ul>
 <li>Featuring USP-Grade Vitamin C</li><li>Helps Support Immune Health and Overall Wellness*</li><li>Suitable for Vegetarians</li><li>Formulated without Gluten, GMOs, or Soy</li><li>Produced in a 3rd Party Audited cGMP Registered (Certified) Facility</li><li>100% Gold Guarantee</li></ul>",62.0
California Gold Nutrition,898220000000,"<h3><strong>Highlights:</strong></h3><ul>
 <li><strong><em>California Gold Nutrition</em>®️ Omega-3 Premium Fish Oil</strong></li><li><strong>Featuring Globally-Sourced, Highly-Refined Fish Oil</strong></li><li><strong>Concentrated and Molecularly Distilled</strong></li><li><strong>Supports Overall Immune Health* </strong></li><li><strong>Helps to Maintain Optimal Lipid Profile*</strong></li><li><strong>Formulated without Gluten, GMOs, or Soy</strong></li><li><strong>Produced in a 3rd Party Audited cGMP Registered (Certified) Facility</strong></li><li><strong>100% Gold Guarantee</strong></li></ul>",149.0
California Gold Nutrition,898220000000,<h3><strong>Highlights:</strong></h3><ul><li><strong>Supports Digestive and Gut Health*</strong></li><li><strong>Promotes Immune System Health*</strong></li><li><strong>Suitable for Vegetarians</strong></li><li><strong>Individually Double-Foil Blister Sealed</strong></li></ul>,129.0
California Gold Nutrition,898220000000,"<h3><strong>Highlights:</strong></h3><ul><li><strong>Marine Sourced Collagen Peptides + Hyaluronic Acid + Vitamin C</strong></li><li><strong>Featuring Unflavored, Non-Bovine, Hydrolyzed Fish Collagen</strong></li><li><strong>With Non-Animal Source Hyaluronic Acid and Vitamin C</strong></li><li><strong>Support for Healthy Hair, Skin, Nails, Joints and Bones*</strong></li><li><strong>Enzymatically Hydrolyzed Collagen Broken Down into Bioavailable Peptides</strong></li><li><strong>Formulated without Gluten, GMOs, or Soy</strong></li><li><strong>Produced in a 3rd Party Audited cGMP Registered (Certified) Facility</strong></li><li><strong>100% Gold Guarantee</strong></li></ul>",149.0
California Gold Nutrition,898220000000,"<p><strong>Highlights:</strong></p><ul>
 <li><em>California Gold Nutrition SPORT</em> Whey Protein Isolate, 1 lb</li><li>27 g Protein, 6.1 g BCAAs☉, 4.6 g Glutamic Acid☉</li><li>Unflavored</li><li>Low Lactose♢</li><li>No rbST▣</li><li>Supports Muscle Growth*</li><li>No Fillers, No Gluten, No GMOs, No Soy</li><li>No Artificial Colors, Flavors, or Sweeteners</li><li>Produced in a 3rd Party Audited cGMP Registered (Certified) Facility</li><li>100% Gold Guarantee</li></ul>",122.53
California Gold Nutrition,898220000000,"<p><strong>Highlights:</strong></p><ul>
 <li>Featuring Vitamin D3 (Cholecalciferol) from Lanolin</li><li>Supports Healthy Bones and Teeth*</li><li>Supports Healthy Immune System Function*</li><li>Formulated without Gluten, GMOs, or Soy</li><li>Produced in a 3rd Party Audited cGMP Registered (Certified) Facility</li><li>100% Gold Guarantee</li></ul>",49.0
California Gold Nutrition,898220000000,"<h3><strong>Highlights:</strong></h3><ul><li><strong>A Blend of Essential Vitamins and Minerals</strong></li><li><strong>Natural Strawberry, Orange, and Cherry Flavors</strong></li><li><strong>Supports a Healthy Lifestyle*</strong></li><li><strong>Formulated for Children Over 4 Years</strong></li><li><strong>Suitable for Vegetarians</strong></li><li><strong>Formulated without Gelatin, Gluten, GMOs, or Soy</strong></li><li><strong>Produced in a 3rd Party Audited cGMP Registered (Certified) Facility</strong></li><li><strong>100% Gold Guarante</strong>e</li></ul>",49.0
Agadir,899681000000,"<p><strong>Highlights:</strong></p><ul><li>Colour preserving formula will keep your hair looking great, even after several shampoos</li><li>Hair will feel moisturized, smooth and conditioned</li><li>Derived from morocco and is great for any hair type</li></ul>",94.0
Agadir,899681000000,"<p><strong>Highlights:</strong></p><ul>
 <li>Contains 100% pure and certified Argan Oil.</li><li>Sulfate and paraben-free!</li><li>Anti color fade for long, lasting hair color.</li><li>Detangles, smoothes shines and corrects dry, frizzy hair.</li><li>Super enriched with Vitamin E, antioxidants and unsaturated 
 essential fatty acids with Omega-6 & Omega-9 to keep hair healthy.</li><li>Ideal for all hair types!</li></ul>",94.0
Eucarbon,9120010000000,"<h3><strong>Highlights:</strong></h3><ul>
 <li><strong>It is used for the short-term relief of occasional constipation.</strong></li><li><strong>The laxative effect takes place approximately 8-12 hours after taking the product.</strong></li></ul>",12.95
QV,9314840000000,"<p><strong>Highlights:</strong></p><ul>
 <li>Fragrance free</li><li>Propylene glycol free</li><li>Ph balanced</li><li>Lanolin free</li><li>24 hour moisturising</li><li>Colour free</li></ul><a title=""Justify text"" tabindex=""-1"" class=""redactor_btn redactor_btn_justify""></a>",35.65
QV,9314840000000,<p><strong>Highlights:</strong></p><ul><li>Long lasting formula.</li><li>Deep hydration.</li><li>Super softness.</li></ul>,115.0
QV,9314840000000,"<p><strong>Highlights:</strong></p><ul>
 <li>It is used for cases of baby eczema and diaper rash.</li><li>Helps retain natural moisture by acting as a protective barrier.</li><li>Contains Vitamin B3 which improves the skin's protective barrier.</li><li>Ph balanced, low-irritant formulation, free from fragrance, colour, lanolin and propylene glycol</li> 
 <li> Suitable for sensitive and delicate skin&nbsp;</li></ul>",72.45
1839,9421020000000,"<h3><strong>Highlights:</strong></h3><h4><strong>Their triple churned process ensures that each spoonful is silky smooth, and their UMF certification means that every jar meets the highest standards of purity and quality.&nbsp;</strong></h4><ul>
 <li><strong>12-piece pack of Manuka honey lozenges in Lemon flavor</strong></li><li><strong>Made with premium-quality Manuka honey from New Zealand</strong></li><li><strong>Infused with a zesty and refreshing lemon flavor</strong></li><li><strong>Provides the soothing qualities of Manuka honey</strong></li><li><strong>Supports the immune system and soothes the throat</strong></li></ul>",27.3
1839,9421020000000,"<h3><strong>Highlights:</strong></h3><h4><strong>Their triple churned process ensures that each spoonful is silky smooth, and their UMF certification means that every jar meets the highest standards of purity and quality.&nbsp;</strong></h4><ul><li><strong>12-piece pack of Manuka honey lozenges in Strawberry flavor</strong></li><li><strong>Made with premium-quality Manuka honey from New Zealand</strong></li><li><strong>Bursting with sweet and refreshing strawberry flavor</strong></li><li><strong>Provides the soothing qualities of Manuka honey</strong></li><li><strong>Supports the immune system and soothes sore throats</strong></li></ul>",27.3
1839,9421020000000,"<h3><strong>Highlights:</strong></h3><ul>
 <li><strong>To enhance general well being.</strong></li><li><strong>Used to help heal stomach ulcers.</strong></li><li><strong>Provides natural minerals and enzymes for good health.</strong></li><li><strong>Can be used internally and externally.</strong></li><li><strong>Aids digestion.</strong></li></ul>",90.35
1839,9421020000000,"<h3><strong>Highlights:</strong></h3><ul>
 <li><strong>To enhance general well being.</strong></li><li><strong>Provides natural minerals and enzymes for good health.</strong></li><li><strong>Can be used internally and externally.</strong></li></ul>",226.55
1839,9421020000000,"<h3><strong>Highlights:</strong></h3><h4><strong>Their triple churned process ensures that each spoonful is silky smooth, and their UMF certification means that every jar meets the highest standards of purity and quality.</strong></h4><ul><li><strong>Exceptional care has been taken to ensure this, the rarest of all Mānuka honeys, reaches you in its perfect form.</strong></li><li><strong>Some of the creamiest, highest quality Mānuka honey available in New Zealand.</strong></li><li><strong>Perfect nutrition never tasted so good!</strong></li></ul>",191.75
Parodontax,9502930000000,"<p><strong>Highlights:</strong></p><ul><li>Parodontax Mouthwash is specially formulated to help protect against gum problems when used alongside twice daily brushing.</li><li>It is clinically proven to help remove plaque bacteria.</li><li>It is also alcohol free and contains fluoride, so you can use it every day to help keep gums healthy and breath fresh.</li></ul>",30.0
Sensodyne,9502930000000,<p><strong>Highlights:</strong></p><ul> <li>It builds soothing protection around the nerve </li> <li> Clinically proven sensitivity relief </li> <li> Whitening formula works 24/7 to give you tooth sensitivity relief.&nbsp;</li></ul>,0.0
Sensodyne,9502930000000,,29.9
Parodontax,9502930000000,"<p><strong>Highlights:</strong></p><ul> <li>Parodontax tooth paste
  is specially formulated for excellent plaque removal.&nbsp;</li><li>Spitting blood and
  bleeding gums can be caused by the buildup of plaque bacteria.&nbsp;</li><li>
 Parodontax cleans teeth by aiding plaque removal and so helps stop 
 bleeding gums.</li></ul>",34.5
Parodontax,9502930000000,<p><strong>Highlights:</strong></p><ul><li>Technology of the brush which alternates of the classical sons and the superfine filaments</li><li>Brushes very handy to reach all the zones of the mouth adapts with precision to contours of the teeth</li><li>Conceived to act in the narrowest places</li><li>Brings softness and protection of the gums during brushings</li></ul>,24.0
NeoCell,9867890000000,"<p><strong>Highlights:</strong></p><ul><li>COLLAGEN PILLS: One 180 count bottle of NeoCell Super Collagen Tablets With Vitamin C and Biotin, a supplement that supports skin, hair, nails and joint health to promote your beauty within (1)</li><li>HYDROLYZED COLLAGEN: Each serving contains 3 grams of types 1 and 3 grass-fed collagen peptides to support your skin health and provide skin the building blocks it needs for collagen formation (1)</li><li>BIOTIN AND VITAMIN C TABLETS: Collagen supplement with biotin to help support healthy hair and nails, plus essential vitamin C for antioxidant support and to promote healthy collagen formation (1)</li><li>ALLERGY-FRIENDLY: IGEN Non-GMO tested (2), this supplement is keto certified and gluten-free with no soy, wheat, lactose or artificial flavors, for a skin care and joint supplement for almost everyone</li></ul>",260.0
QV,AM-001,"<p><strong>Highlights:</strong></p><ul>
 <li>A highly concentrated rich moisturising cream to help replenish the skin and hydrate dry areas. Non greasy formula</li><li>Helps protect anst dryness by sealing in natural moisture. It contains three types of moisturisers to help soothe and replenish dry skin for up to 24 hours</li><li>Suitable for infants, children, adults and the elderly</li><li>Use as often as required to moisturise areas such as elbows and knees</li><li>Comes in a handy 1050 gram pump bottle. Also available in a 100g tube and 500g pump.Dermatologically tested low irritant formula. Free from fragrance, colour and other common irritants.Suitable for use with Eczema, Dermais, Psoriasis, Xerosis, Ichthyosis or dry and sensitive skin.Vegan Friendly. Contains no animal derived ingredients</li></ul>",147.79
Mielle,AM-002,"<h3><strong>Highlights:</strong></h3><ul>
 <li><strong>Use the Mielle Organics Rosemary Mint Scalp & Hair Strengthening Oil to replenish your hair.&nbsp;</strong></li><li><strong>The multipurpose benefits of this nutrient-rich hair oil include strengthening your lengths while softening the look of split ends and nourishing the hair follicle.<br></strong></li><li><strong>The hair treatment features a rich, smooth composition that helps give dull hair new life thanks to a thorough selection of over 30 essential oils and minerals.&nbsp;</strong></li><li><strong>Through its vitamin-rich characteristics, biotin promotes longer, healthier-looking locks by encasing each strand in them.</strong></li><li><strong>The organic hair oil moisturises the ends of your hair while battling scalp dryness.&nbsp;</strong></li><li><strong>This Mielle Organics treatment aims to restore a smooth, silky finish and is scented with a fresh smell.&nbsp;</strong></li><li><strong>Additionally, you may use this prod",81.34
Himalaya,AM-003,"<p><strong>Highlights:</strong></p><ul>
 <li>Provides silky smoothness and frizz control</li><li>Tea tree extracts help fight dandruff and reduces appearance of flakes</li><li>Himalaya\'s range of shampoos uses natural proteins of soya and wheat to give you 5 key benefits: strengthens hair, nourishes hair, smoothens hair, reduces hair damage, reduces hair breakage</li></ul>",12.36
johnsons,AM-004,"<p><strong>Highlights:</strong></p><ul><li>LUXURIOUS & REFRESHING FRAGRANCE: Pamper your senses with the luscious fragrance of Johnson\'s Vita Rich Body Wash, let the lingering scent elevate your shower experience and leave a light, fresh scent that lasts on your skin.</li><li>EFFECTIVE MOISTURIZING FORMULA: Johnson\'s Vita Rich lather formula effectively hydrates and softens your skin. Enjoy the nourishing benefits as it helps your skin have a light and fresh scent.</li><li>LONG LASTING HYDRATION: treat dry skin with long-lasting moisture with Johnson\'s Vita Rich Nourishing Body Wash, its lathering body guarantees deep hydration, cleanses skin and removes impurities.</li><li>Enriched with Vitamin E and Glycerin: rich in vitamin E and moisturizing glycerin, Johnson\'s Vita Rich Body Wash nourishes and replenishes your skin. Its creamy, rich formula leaves you feeling refreshed after bath and helps maintain healthy skin.</li></ul>",24.95
Vaseline,AM-005,"<p><strong>Highlights:</strong></p><ul><li>Made with trple purified 100% pure jelly</li><li>Reduces the appearance of fine, dry lines. Helps protect minor cuts and scrapes and protects your skin from windburn and chapping</li><li>Gives you confidence</li></ul>",34.7
Lor X,AM-011,<p><strong>Highlights:</strong></p><ul><li>Provides pure skin and smooth texture</li><li>A fragrant scent that refreshes your day</li><li>Shower gel also provides germs protection</li><li>Easy-to-use packaging with stunning color that give a unique look</li><li>Come with very pleasant and refreshing fragrance</li></ul>,6.95
Dove,AM-012,"<p><strong>Highlights:</strong></p><ul>
 <li>New Dove Intensive Repair hair care range deeply nourishes and repairs dry damaged hair for 100% healthy looking hair*.</li><li>With new Dove Bio-Restore formula, a natural origin blend of Amino Acids, Nourishing Oils, and Lipids.</li><li>Dove Bio Restore formula works with your hair\'s biology to repair its damage from inside out, for complete, nourishing care.</li><li>Dove Intensive Repair shampoo helps hair look healthy, strong, and more beautiful.</li><li>Best used with Dove Intensive Repair conditioner and oil replacement cream.</li></ul>",42.0
Nivea,AM-013,"<p><strong>Highlights:</strong></p><ul>
 <li>Infused with DEEP MOISTURE SERUM to reduce the dryness of your skin</li><li>Enriched with ALMOND OIL providing intensive nourishing</li><li>Provides indulging MOISTURE CARE for 48hours</li><li>RESULT. soft, smooth and well moisturized skin</li><li>Suitable for DRY and VERY DRY SKIN</li></ul>",87.0
Essence,AM-014,"<p><strong>Highlights:</strong></p><ul>
 <li>False lash effect</li><li>Gives them a push up effect</li><li>Essence helps you enhance your beauty</li></ul>",20.01
Herbal Essences,AM-015,"<p><strong>Highlights:</strong></p><ul>
 <li>Herbal essences bio:renew is crafted with a blend of essential antioxidant, aloe, and sea kelp</li><li>Revitalizes and energizes hair and scalp</li><li>Herbal essences bio:renew brings your hair back to life</li><li>Herbal essences</li></ul>",20.01
Dabur,AM-019,<p><strong>Highlights:</strong></p><ul><li>The Formula Provides Reliable 48Hour Antiperspirant Protection</li><li>Aloe Vera: Help To Soften Skin And Adds A Glow</li><li>Soothes And Heals Skin Moreover It Is Highly Effective In Soothing Chapped Skin And Lips Healing Cracked Feet And Softening Drier Parts Of The Elbows</li></ul>,21.79
Mobi,AM-021,<p><strong>Highlights:</strong></p><ul><li>Anti-bacterial hand wash</li><li>Extra moisturizer &balanced formula</li><li>100% grey coverage</li></ul>,47.59
Maybelline,AM-022,"<p><strong>Highlights:</strong></p><ul><li>Conceals Redness, Flaws And Blemishes</li><li>Matches All Skin Tones</li><li>Natural Coverage</li><li>Delivers a more even complexion</li><li>Usage Instructions: Dot concealer onto imperfections or under eyes Pat with finger to blend and get a flawless finish</li></ul>",28.79
Mielle,AM-023,"<p><strong>Highlights:</strong></p><ul>
 <li>Strengthening Shampoo: This shampoo with biotin provides intense moisture for all hair types with a gentle formula that nourishes, cleanses and helps strengthen weak and brittle hair</li><li>Rosemary Mint Collection: Rosemary Mint products are infused with Biotin for the ultimate help with strenghtening hair; Stop those pesky split ends and welcome healthy, shiny twist outs into your life</li><li>Hair Products for All Hair Types: We promote the health and maintenance of natural hair from Types 3A to 4C natural hair, however our products are suitable for all hair types and we feature products for both low and high porosity levels</li><li>Natural Haircare: We continue to produce quality natural hair care products like oils, detanglers, shampoo, conditioners, moisturizers and more that help nourish hair through all three phases of growth</li><li>Women Owned: With a heavy emphasis on incorporating organic ingredients being its “root to results,”",106.31
Head&Shoulders,AM-026,"<p><strong>Highlights:</strong></p><ul><li>Head & Shoulders Sub-Zero Freshness Anti-Dandruff Shampoo removes up to 100% of dandruff</li><li>With 2x the menthol, this invigorating shampoo offers your hair and scalp a -5°C sensation</li><li>The powerful shampoo controls scaling and flaking from the 1st use and protects against dandruff</li><li>The clinically proven formula contains Piroctone Olamine, the active ingredient that fights dandruff-causing microbes</li><li>This powerful pH balanced anti-dandruff shampoo has a creamy texture, light and fresh scent, and is efficient on all hair types</li></ul>",30.47
Garnier,AM-027,"<p><strong>Highlights:</strong></p><ul>
 <li>Removes Make-Up + Cleanses + Soothes with one cotton pad</li><li>Number 1 Micellar Brand Worldwide*</li><li>No rubbing needed. Hypoallergenic formula</li><li>*L’Oréal Middle East F.Z.E calculation based in part on data reported by NielsenIQ through its Retail Index Service for the Skin Care Category, Micellar water/fluids segment (L’Oréal- defined) for the MAT period ending 12/31, 2022, for the UAE total market. (Copyright 2022, NielsenIQ.)</li></ul>",51.59
Nivea,AM-029,"<p><strong>Highlights:</strong></p><ul><li>3in1 formula: suitable for body, hair, and face</li><li>Enriched with fine scrub particles for efficient cleansing</li><li>Removes impurities leaving the skin purified and revitalized</li><li>PH skin balanced formula</li><li>Skin compatibility dermatologically approved</li></ul>",47.0
NYX,AM-030,"<p><strong>Highlights:</strong></p><ul><li>Our 1st instant brow styler with up to 16H extreme hold.</li><li>The Brow Glue comes with a precise round bristle brush for easy styling on any brow shape.</li><li>This formula is 100 Percent vegan.</li><li>This glue-like gel is transparent, flake-resistant, and dries down non-sticky with a natural finish</li><li>Quick and Easy to apply</li></ul>",51.99
Lux,AM-031,"<p><strong>Highlights:</strong></p><ul><li>Get long-lastingly soft and velvet-smooth skin and Indulge in the luxurious lather of NEW Lux Velvet Jasmine Liquid Handwash</li><li>Liquid soap is enriched with our specially crafted Floral Fusion Oiland Velvet Jasmine that will delight your senses</li><li>Get enchantingly soft skin with LUX perfumed handwash which includes a beautiful blend of fragrant flower oils and enchanting Jasmine</li><li>Hand wash includes moisturizing Glycerin, for soft & pampered hands</li><li>With Anti-bacterial properties, gives you germ protection hand sanitisation</li><li>Fragrance handwash made with naturally sourced ingredients and bottles made from 100% recycled plastic</li></ul>",22.64
Essence,AM-034,"<p><strong>Highlights:</strong></p><ul><li>Define your lips! instantly line lips beautifully and precisely with the essence soft & precise lip pencil. this highly pigmented, super smooth, smudge-proof and long-lasting lip pencil will stay all day.</li><li>cruelty free</li><li>vegan</li><li>gluten free</li></ul>",6.21
Mustela,AM-036,"<p><strong>Highlights:</strong></p><ul><li>Baby And Child Gentle Shampoo</li><li>For The Fine, Delicate Hair Of The Child Or Baby</li><li>From Birth On</li><li>98 Percent Natural Origin</li></ul>",57.5
RDL,AM-039,<p><strong>Highlights:</strong></p><ul><li>Whitening Hand and Body Lotion with Papaya Extract</li><li>Combination of Whitening Agent and Vitamin E</li><li>Moisturizes the skin and leaving it soft</li></ul>,9.5
COSRX,AM-040,<p><strong>Highlights:</strong></p><ul><li>Skin-friendly ingredients that alleviate irritated skin.</li></ul>,61.3
Lor X,AM-043,"<p><strong>Highlights:</strong></p><ul>
 <li>Keeps your hands clean and germ-free</li><li>Ideal for use during work, travel, campus and picnics</li><li>Ultra-light formula rinses off easily and cleanly</li><li>Specially designed to give you and your family superior germ protection</li></ul>",6.95
Gillette,AM-044,<p><strong>Highlights:</strong></p><ul><li>A great shave is within your grasp</li><li>Thin twin Gillette Comfort Blades</li></ul>,38.67
Maybelline,AM-046,"<p><strong>Highlights:</strong></p><ul><li>Up to 16-hour wear</li><li>Color Lock formula defies smudging and transfer</li><li>Vegan formula in 7 shades</li><li>Shake, swipe, and go!</li></ul>",70.28
Nivea,AM-049,"<p><strong>Highlights:</strong></p><ul>
 <li>Infused with DEEP MOISTURE SERUM to reduce the dryness of your skin</li><li>Enriched with SHEA BUTTER providing intensive nourishing</li><li>Provides indulging MOISTURE CARE for 48hours</li><li>RESULT. soft, supple and comfortable skin</li><li>Suitable for DRY SKIN</li></ul>",103.0
Philips,AM-050,"<p><strong>Highlights:</strong></p><ul><li>Trim and style your face, hair and body with 13 tools</li><li>8 combs for trimming your face, hair and body</li><li>Run time up to 120 minutes of cordless use per charge</li><li>Showerproof for convenient use in the shower and cleaning</li><li>Ease of use: display - charging indicator and battery low indicator</li><li>Maintenance free: no oil needed</li><li>No-slip rubber grip for improved comfort and control</li><li>Automatic voltage :100-240 v</li></ul>",339.51
Lux,AM-051,"<p><strong>Highlights:</strong></p><ul><li>The new LUX Flaw-less Skin Bar Soap is infused with Vitamin C, E, and Glycerine, a triple benefit formula.</li><li>LUX Flaw-less Skin Bar Soap brightens, nourishes, and hydrates your skin to reveal a Flaw-less skin.</li><li>The new LUX Bar Soap is your first step to a Flaw-less, visibly softer, and smoother skin.</li><li>Indulge in LUX nourishing soap, rich creamy lather, and the delicate fragrance blend of lilies as you shower</li><li>Experience the transformation to Flaw-less skin in just a few weeks after using this soap bar.</li></ul>",17.65
The Ordinary,AM-052,"<p><strong>Highlights:</strong></p><ul><li>REMOVES & PREVENTS ACNE MARKS & BLEMISHES</li><li>BALANCES OIL & REDUCES OPEN PORES</li><li>ANTI-ACNE & IMPROVES SKIN BARRIER</li><li>CLEAN & TRANSPARENT BEAUTY: This serum is (i) Fragrance-free (ii) Silicones-free (iii) Sulfates-free (iv) Parabens-free (v) Essential Oils-free and (vi) Dyes-free.</li><li>SAFE & EFFECTIVE FORMULATION: Free from mineral oil, dye, paraben, and sulfate, this serum for acne marks has a safe & effective formulation that offers visible difference in 3-6 weeks.</li></ul>",79.0
Nivea,AM-054,"<p><strong>Highlights:</strong></p><ul><li>Ultralight, FAST ABSORBING FORMULA enriched with EVEN TONE COMPLEX and VITAMIN C</li><li>Enriched with VITAMIN C for intense hydration</li><li>Provides indulging MOISTURE CARE for 48hours</li><li>Formulated with UVA or UVB filters for well protected, EVEN TONED SKIN</li><li>Suitable for NORMAL and DRY SKIN</li><li>Skin compatibility dermatologically approved</li></ul>",47.0
Maybelline,AM-055,"<h3><strong>Highlights:</strong></h3><ul><li><strong>Formula infused with Bamboo extract and fibers</strong></li><li><strong>Brand: Maybelline New York</strong></li><li><strong>Sky High lash impact from every angle! Lash Sensational Sky High mascara delivers full volume and limitless length.&nbsp;</strong></li><li><strong>Exclusive Flex Tower mascara brush bends to volumize and extend every single lash from root to tip.&nbsp;</strong></li><li><strong>Waterproof mascara formula infused with bamboo extract and fibers for long, full & lightweight lashes, that don't flake or smudge.&nbsp;</strong></li><li><strong>Available in Very Black and Blackest Black.&nbsp;</strong></li><li><strong>Allergy tested. Ophthalmologist tested.&nbsp;</strong></li><li><strong>Suitable for sensitive eyes and contact lens wearers.&nbsp;</strong></li><li><strong>Removes easily with waterproof eye makeup remover.</strong></li></ul>",47.0
Maybelline,AM-056,"<p><strong>Highlights:</strong></p><ul><li>Hydrated lips. Fuller look</li><li>Breakthrough formula with Hyaluronic Acid, smoothest and hydrates lips.</li><li>XL size wand enhances lip contour in one swipe</li></ul>",69.0
Labello,AM-058,"<p><strong>Highlights:</strong></p><ul><li>Gives a touch of delicate colour and prettifies your lips with a soft shine</li><li>Delights your lips with a fruity blackberry aroma</li><li>Labello lip balm is free of mineral oils and enriched with natural oils</li><li>Helpful for dry and chapped lips</li><li>Provides long lasting moisture for your lips for 24h, for best results apply daily to your lips</li></ul>",15.0
Retinol,AM-063,"<p><strong>Highlights:</strong></p><ul><li>Vitamin A (Retinol) is used for anti-aging by effectively stimulating collagen production, reducing fine lines, and improving skin roughness.</li><li>Vitamin C (Ascorbic acid) and Vitamin E (Tocopherol) are also anti-oxidants that inhibit melanin formation, firming and whitening, and make skin tender and clear.</li><li>Skin barrier repair and sensitive skin care.</li><li>Lightweight gel texture that is non-sticky and easily absorbed.</li><li>Can be used as a day and night cream.</li></ul>",34.99
Herbal Essences,AM-064,"<p><strong>Highlights:</strong></p><ul><li>Herbal essences sulphate free potent aloe vera + bamboo hair strengthening organic shampoo is formulated to nourish and deeply moisturize dry hair or tame curly hair, making it soft and manageable</li><li>Potent aloe vera + bamboo is a true hair strengthened, providing you with 6x more aloe vera, while it\'s completely free of sulphates, silicones, and colorants to meet the strictest safety standards</li><li>Certified by plant experts:herbal essences partnered with leading plant scientists at the royal botanic gardens to certify the quality of aloe - hand-picked, sustainably sourced from fields of mexico</li></ul>",24.3
NOW,AM-065,<p><strong>Highlights:</strong></p><ul><li>Emollient</li><li>Seals in Moisture</li><li>Hexane Free</li></ul>,39.04
Redoxon,AM-068,"<p><strong>Highlights:</strong></p><ul><li>Unique formula of Vitamin C</li><li>Antioxidant protection</li><li>Maintains the immune system</li><li>For colds, with Antibiotic treatments and smokers</li></ul>",25.0
Life Extension,AM-069,<p><strong>Highlights:</strong></p><ul><li>Suitable For Vegetarians</li><li>A Deficiency Of One B Vitamin Can Affect Optimal Functioning Of Organ Systems Throughout The Body</li><li>Vitamin B Coenzymes Are Crucial To The Metabolic Pathways That Generate The Energy Needed By Every Cell In The Body</li></ul>,81.0
NOW,AM-070,"<p><strong>Highlights:</strong></p><ul>
 <li>Hygienic packaging</li><li>Made with top quality ingredients</li><li>Refer to the packaging for information on use</li><li>Brand: NOW</li></ul>",141.0
Goli,AM-071,"<p><strong>Highlights:</strong></p><ul>
 <li>Vegan, Non-GMO, Gluten-free & Gelatine-free: Each bottle of Goli contains 60 delicious vegan, non-gmo, gluten-free & gelatine free Apple Cider gummies. Our formula will make Apple Cider Vinegar gummies accessible to anyone and everyone.</li><li>Better digestion, more energy, clearer skin, detox, immunity: Relieve digestion issues, experience more energy, watch your skin clear up and feel as your body detoxes with Goli Gummies. Enjoy all of the benefits of Apple Cider Vinegar without the downside of drinking it. Goli is an excellent and easy way to incorporate Apple Cider Vinegar into your daily routine.</li><li>Made in USA: with select ingredients thoughtfully curated from around the world. All Goli products are made in allergen-free state of the art facilities in the United States to ensure that the quality of our product is the highest it can be.</li></ul>",69.7
Myra,AM-074,<p><strong>Highlights:</strong></p><ul><li>Made from nature-derived vitamin E</li><li>Help achieve both beauty and immunity</li><li>Helps protect cells from damage and increases resistance against sickness</li></ul>,72.0
Sensilab,AM-075,"<p><strong>Highlights:</strong></p><ul>
 <li>Multivitamins for children</li><li>Contains vitamins and minerals necessary for the health and growth of children</li><li>Strengthens bones and helps them grow</li><li>Contains choline and inositol that support the immune system,</li><li>Improves brain health and increases focus</li><li>Free of gelatin, gluten and harmful artificial colors</li></ul>",125.35
Solgar,AM-076,<p><strong>Highlights:</strong></p><ul><li>Brand: Solgar</li><li>Type: Food Supplement</li><li>Details: 100 pieces</li></ul>,139.5
Sports Research,AM-077,"<p><strong>Highlights:</strong></p><ul>
 <li>Formulated With Organic Coconut Oil Note: Capsules May Appear Cloudy Due To The Coconut Oil</li><li>Made With Vitashine D3 A Patent, Plant Based Form Of Vitamin D3 From Lichen And Menaq7 A Patent Form Of Mk7 From Chickpea</li><li>100% Plant Based Vegan Certified and NonGmo Verified. Soy, Gluten, Gelatin and Carrageenan Free</li><li>Contains 5000 Iu 125Mcg Of Vegan Vitamin D3 and 100 Mcg Of Vitamin K2 As Mk7</li></ul>",169.0
Centrum,AM-078,"<p><strong>Highlights:</strong></p><ul>
 <li>200 count bottle of Centrum Adult Multivitamin/Multimineral Supplement with Antioxidants, Zinc and B Vitamins</li><li>Daily multivitamin for adults, formulated to help fill nutritional gaps and support your energy, immunity and metabolism</li><li>Contains Centrum\'s highest levels of Vitamin D3, a preferred form of Vitamin D</li><li>Adult vitamins formulated with iron, zinc and vitamins B, C, D and E</li><li>Multivitamins for adults available in easy-to-take tablet form</li></ul>",137.85
GummiKing,IH-23,<p><strong>Highlights:</strong></p><ul><li>Vegan</li><li>Gelatin Free</li><li>Natural Flavors</li><li>Gluten Free</li><li>Dietary Supplement</li><li>Certified Vegan According to Vegan Action</li></ul>,41.05
Sports Research,IH-52,"<p><strong>Highlights:</strong></p><ul>
 <li>125 mcg (5,000 IU) D3</li><li>100 mcg K2</li><li>Supports Bone & Immune Health</li><li>Gluten Free</li><li>With Coconut MCT</li><li>Dietary Supplement</li><li>Non GMO Project Verified</li><li>Certified Vegan</li><li>Third Party Tested</li><li>cGMP Compliant</li></ul>",127.73
MuscleTech,IH-53,<p><strong>Highlights:</strong></p><ul><li>Research & Development</li><li>America\'s #1 Selling Bodybuilding Supplement Brand‡</li><li>HPLC-Tested & Micronized</li><li>Subjects Gained 6 Lbs. of Muscle1</li><li>5 g Creatine</li><li>Guaranteed Banned Substance Free</li><li>80 Servings</li></ul>,167.08
BNRG,IH-55,<p><strong>Highlights:</strong></p><ul><li>13 g Protein</li><li>5 g Sugar</li><li>Elevate the Everyday</li><li>Hi-dh Hydrolyzed Whey Protein in a Creme Filled Wafer Bar</li></ul>,119.67
MuscleTech,IH-56,"<p><strong>Highlights:</strong></p><ul>
 <li>From America\'s #1 Selling Supplement Company‡</li><li>Daily Nutritional Support For Active Individuals</li><li>Dietary Supplement</li><li>Over 100",64.17
ALLMAX,IH-57,"<p><strong>Highlights:</strong></p><ul>
 <li>Free Scoop</li><li>Improves Performance in High-Intensity Strength Training</li><li>Increases Muscle Mass, Strength and Size</li><li>Muscle Volumizing Effects</li><li>Dietary Supplement</li><li>Clean for Athletes</li><li>Purity & Potency Tested</li><li>Quality Guarantee</li><li>The New Standard in Creatine</li><li>World-Class Purity Specifications</li><li>Informed Choice - We Test You Trust</li><li>Regularly Tested for Banned Substances</li><li>cGMP Registered Facility</li><li>Gluten Free Tested</li><li>Vegan</li><li>Kosher Certified</li></ul>",123.19
California Gold Nutrition,IH-60,"<p><strong>Highlights:</strong></p><ul>
 <li><em>California Gold Nutrition® SPORT </em>Creatine</li><li>5 g Creatine Monohydrate per Serving</li><li>Unflavored Powder</li><li>Formulated to Contain: No Gluten, No GMOs, No Soy</li><li>Produced in a 3rd Party Audited cGMP Registered (Certified) Facility</li><li>100% Gold Guarantee</li></ul>",116.66
OXYGEN SHOT,OSCAN06CA24,"<h3>Highlights:</h3><ul>
 <li><strong>Inhale the purest oxygen on the planet.</strong></li><li><strong>The Oxygen Shot, boasting a 99.5% pure oxygen content, aims to enhance your body's efficiency compared to regular air intake.</strong></li><li><strong>Capacity to deliver almost five times the amount of oxygen found in normal breathing air.</strong></li><li><strong>The Oxygen Shot is promoted as a tool to enhance performance, concentration, energy levels, diminish fatigue, and expedite recovery in athletes and those leading an active lifestyle</strong></li></ul>",199.99
OXYGEN SHOT,OSCAN06PF24,"<p>Highlights:</p><ul><li><strong>Inhale the purest oxygen on the planet.</strong></li><li><strong>The Oxygen Shot, boasting a 99.5% pure oxygen content, aims to enhance your body's efficiency compared to regular air intake.</strong></li><li><strong>Capacity to deliver almost five times the amount of oxygen found in normal breathing air.</strong></li><li><strong>The Oxygen Shot is promoted as a tool to enhance performance, concentration, energy levels, diminish fatigue, and expedite recovery in athletes and those leading an active lifestyle.</strong></li></ul>",199.99
OXYGEN SHOT,OSCAN06VA24,"<h3>Highlights:</h3><ul><li><strong>Inhale the purest oxygen on the planet.</strong></li><li><strong>The Oxygen Shot, boasting a 99.5% pure oxygen content, aims to enhance your body's efficiency compared to regular air intake.</strong></li><li><strong>Capacity to deliver almost five times the amount of oxygen found in normal breathing air.</strong></li><li><strong>The Oxygen Shot is promoted as a tool to enhance performance, concentration, energy levels, diminish fatigue, and expedite recovery in athletes and those leading an active lifestyle.</strong></li></ul>",199.99
OXYGENSHOT,OXY-01,"<p><strong>Highlights:</strong></p><p><strong><br></strong></p><ul><li>Inhale the purest oxygen on the planet.</li><li>The Oxygen Shot, boasting a 99.5% pure oxygen content, aims to enhance your body\'s efficiency compared to regular air intake.</li><li>capacity to deliver almost five times the amount of oxygen found in normal breathing air.</li><li>The Oxygen Shot is promoted as a tool to enhance performance, concentration, energy levels, diminish fatigue, and expedite recovery in athletes and those leading an active lifestyle.</li></ul><p><strong><br></strong></p>",180.0
Debest,seif001,,26.0
Debest,seif002,,26.0
Debest,seif003,,26.0
Debest,seif004,,26.0
Debest,seif005,,26.0
Debest,seif006,,26.0
Debest,seif007,,26.0
Debest,seif008,,26.0
Debest,seif009,,26.0
Debest,seif010,,26.0
Debest,seif011,,26.0
Debest,seif012,,26.0
Debest,seif013,,26.0
Debest,seif014,,26.0
Debest,seif015,,26.0
Debest,seif016,,26.0
Debest,seif017,,26.0
Debest,seif018,,26.0
Debest,seif020,,26.0
Debest,seif021,,26.0
Debest,seif022,,26.0
Debest,seif023,,26.0
Debest,seif024,,26.0
Debest,seif026,,26.0
Debest,seif028,,26.0
Debest,seif029,,26.0
Debest,seif030,,26.0
Debest,seif031,,26.0
Debest,seif032,,26.0
Debest,seif033,,26.0
Debest,seif034,,26.0
Bebest,seif035,,26.0
Debest,seif036,,26.0
Debest,seif037,,26.0
Debest,seif038,,26.0
Vexen,seif039,,26.0
Debest,seif040,,26.0
Rose,seif041,,26.0
Rose,seif042,,26.0
Body Splash,seif043,,26.0
Body Splash,seif044,,26.0
Body Splash,seif045,,26.0
Body Splash,seif046,,26.0
Body Splash,seif047,,26.0
Body Splash,seif048,,26.0
Debest,seif049,,26.0
Debest,seif050,,26.0
Debest,seif051,,26.0
Debest,seif052,,26.0
Debest,seif053,,26.0
Debest,seif054,,26.0
Debest,seif055,,26.0
Debest,seif056,,26.0
Vexen,seif057,,26.0
Vexen,seif058,,26.0
Levia,seif059,,26.0
Levia,seif060,,26.0
Vexen,seif061,,26.0
Vexen,seif062,,26.0
Vexen,seif063,,26.0
Vexen,seif064,,26.0
Vexen,seif065,,26.0
Vexen,seif066,,26.0
Levia,seif067,,26.0
Levia,seif068,,26.0
Levia,seif069,,26.0
Levia,seif070,,26.0
Levia,seif071,,26.0
Levia,seif072,,26.0
Levia,seif073,,26.0
Levia,seif074,,26.0
Levia,seif075,,26.0
Levia,seif076,,26.0
Levia,seif077,,26.0
Levia,seif078,,26.0
Levia,seif079,,26.0
Levia,seif080,,26.0
Levia,seif081,,26.0
Levia,seif082,,26.0
Levia,seif083,,26.0
Levia,seif084,,26.0
Levia,seif086,,26.0
Levia,seif087,,26.0
Levia,seif088,,26.0
Levia,seif089,,26.0
Levia,seif090,,26.0
Levia,seif092,,26.0
Eucerin,72140000219,"<h3><strong>Highlights:</strong></h3><ul>
 <li><strong>Maintains skin moisture.</strong></li><li><strong>Treats very dry skin.</strong></li><li><strong>Long lasting formula.</strong></li><li><strong>Suitable for daily use.</strong></li><li><strong>Recommended by dermatologists.</strong></li><li><strong>Renews the skin barrier.</strong></li></ul>",102.0
Eucerin,72140015213,"<h2><strong>Highlights:</strong></h2><ul> 
 <li><strong>Enriched with colloidal oatmeal (a skin protectant), ceramide 3, and licorice root extract </strong></li> 
 <li><strong> Clinically proven to relieve minor irritation and dryness due to eczema </strong></li> 
 <li><strong> Delivers 24 hour hydration</strong>&nbsp;</li></ul>",60.0
Eucerin,72140024611,,169.28
Eucerin,72140026578,<h3><strong>Highlights:</strong></h3><ul><li><strong>Immediately relieves & calms itchiness caused by dry skin</strong></li><li><strong>Provides up to 12 hours itch relief</strong></li><li><strong>Enriched with menthol to provide an Instant cooling and soothing effect on the skin</strong></li><li><strong>Ceramides to help strengthen the skin and leave it feeling softer and smoother</strong></li></ul>,95.5
Eucerin,72140633783,"<h3><strong>Highlights:</strong></h3><ul> 
 <li><strong>Gentle and effective skincare for itchy and irritated skin </strong></li> 
 <li><strong> Formulated with soothing oatmeal and rich emollients </strong></li> 
 <li><strong> Provides relief while moisturizing and protecting the skin </strong></li> 
 <li><strong> Easy to apply, non-greasy, quickly absorbed and suitable for sensitive skin </strong></li> 
 <li><strong> Fragrance and dye-free, non-comedogenic&nbsp;</strong></li></ul>",70.0
Alba Botanica,724742000000,"<p><strong>Highlights:</strong></p><ul>
 <li><div>Over 93% of users agreed their skin still felt hydrated in the morning after using this cream overnight, as shown in consumer testing</div></li><li><div>Features antioxidant-rich Swiss Alpine complex</div></li><li><div>Overnight hydration</div></li><li><div>Hypoallergenic & dermatologist tested</div></li><li><div>No parabens, phthalates or synthetic fragrances; 100% vegetarian ingredients</div></li><li><div>Leaping Bunny cruelty-free certified</div></li></ul>",82.61
Alba Botanica,724742000000,"<p><strong>Highlights:</strong></p><ul>
 <li>Maximum Strength</li><li>Plant Based & Cruelty Free</li><li>Allure 2020 Best of Beatty Award Winner</li><li>2% Salicylic Acid Acne Medication</li><li>With Willow Bark Extract</li><li>Lasting Benefits Even After You Rinse</li><li>No Animal Testing, Artificial Colors, Synthetic Fragrances, Paraben, Phthalates, Sulfates</li><li>100% Vegetarian Ingredients</li><li>70% Tested Saw Clearer Skin in Just 7 Days*</li><li>Dermatologist Tested</li><li>Non-Comedogenic</li><li>Hain Celestial</li><li>Leaping Bunny Certified</li></ul>",69.0
Alba Botanica,724742000000,"<p><strong>Highlights:</strong></p><ul>
 <li>Plant Based & Cruelty Free</li><li>Pour Purifying</li><li>Hypoallergenic</li><li>Leaping Bunny Certified</li><li>Hain Celestial</li><li>100% Vegetarian Ingredients</li><li>pH Balanced</li><li>No Animal Testing, Artificial Colors</li><li>No Parabens, Phthalates, Phthalates, Sulfates</li><li>Awaken your a\'glow\'ha</li></ul>",72.0
Alba Botanica,724742000000,"<p><strong>Highlights:</strong></p><ul> 
 <li>One 4 oz. tube of Alba Botanica Hawaiian Pore Purifying Pineapple Enzyme Facial Scrub </li> 
 <li> Minimizes the appearance of pores for a soft, smooth and radiant complexion </li> 
 <li> Made with a plant-based blend of botanical ingredients like pore-refining pineapple and skin-brightening papaya&nbsp;</li></ul>",65.0
Alba Botanica,724742000000,"<p><strong>Highlights:</strong></p><ul> 
 <li>Hawaiian green tea oil free has moisturizer smoothing, nourishing and refining humectants </li> 
 <li> Aloe, green tea, and gotu kola extracts provide antioxidant benefits </li> 
 <li> No greasy feel, just silky smooth&nbsp;</li></ul>",195.5
Alba Botanica,724742000000,<p><strong>Highlights:</strong></p><ul><li>Plant Based & Cruelty-Free</li><li>Deep Moisturizing</li><li>Formulated to Nurture & Smooth</li><li>Hypoallergenic</li><li>100% Vegetarian Ingredients</li><li>pH Balanced</li><li>Leaping Bunny Certified</li><li>Hain Celestial</li><li>Exotic Elixir</li></ul>,56.52
Alba Botanica,724742000000,"<p><strong>Highlights:</strong></p><ul>
 <li>Plant Based & Cruelty Free</li><li>Formulated for Color Treated Hair</li><li>No Animal Testing</li><li>No Artificial Colors</li><li>No Parabens</li><li>No Phthalates</li><li>No Sulfates</li><li>100% Vegetarian Ingredients</li><li>pH Balanced</li><li>Hain Celestial®</li><li>Leaping Bunny®; Cruelty Free</li></ul>",138.0
Bepanthen,5010605142642,"<p><strong>Highlights:</strong></p><ul>
<li>Bepanthen Protective Baby Ointment helps protect the vulnerable skin of young babies from irritation and other causes of nappy rash</li><li>Bepanthen protective baby ointment contains Pro Vitamin B5 which regenerates skin and helps to keep it moisturized</li><li>This essential baby care ointment forms a transparent protective barrier on the babies\' skin to help prevent diaper rash, soreness, and redness</li><li>The Bepanthen water-in-oil formulation keeps skin healthy and hydrated</li></ul>",45.0
Oral B,5010622005012,"<p><strong>Highlights:</strong></p><ul>  
<li>Gentle on the gums and fingers  </li>  
<li> Dental floss in silky material  </li>  
<li> Glides easy allowing you to reach tight spaces  </li>  
<li> Mint flavor </li></ul>",17.0
Oral B,5010622018258,"<p><strong>Highlights:</strong></p><ul>  
<li>Removes plaque and reduce cavities  </li>  
<li> Easy to insert  </li>  
<li> Shred- and fray-resistant fibres for comfort and safety  </li>  
<li> Eliminates particles between teeth and just below the gum line </li></ul>",15.0
Femfresh,5010724525937,"<h3><strong>Highlights:</strong></h3><ul>
<li><strong>Femfresh Daily Intimate Wash - 250ml </strong></li><li><strong> pH & microbiome balanced </strong></li><li><strong> 94% natural origin ingredients </strong></li><li><strong> With natural aloe vera & calendula extracts </strong></li><li><strong> Soap free & hypoallergenic </strong></li><li><strong> Suitable for everyday use </strong></li><li><strong> Dermatologically & gynaecologically tested </strong></li><li><strong> Use Femfresh daily to cleanse your intimate skin.&nbsp;</strong></li></ul>",37.0
Femfresh,5010724525944,"<h3><strong>Highlights:</strong></h3><h4>Care for the intimate skin:&nbsp;</h4><ul><li><strong>The Femfresh Active Fresh pH-balanced comes charged with the silver-ions technology, antioxidants and ginseng extract that will hydrate your intimate area and keep your skin dry and fresh all-day long.</strong></li><li><strong>Multi Active complex: Its multi active neutralizing complex helps to give you fresh feel and helps you stay comfortable up to 24 hours.</strong></li><li><strong>Right blend of ingredients: The Femfresh Active Fresh provides feel good confidence every day, with antioxidants ginseng that work together to provide 24 hours of happiness and freshness.</strong></li><li><strong>Suitable for daily use: Femfresh Active Fresh is gynecologically approved product and is found to be safe and comfortable for daily use.</strong></li><li><strong>This gentle wash formula is enriched with the right blend of ingredients that stimulate natural defences of your intimate area.</strong></li><",46.0
Sudocream,5011025044004,"<p><strong>Highlights:</strong></p><li>Suitable for baby diaper rash, eczema, surface wounds, sunburn, and acne prone skin.  </li><li> Suitable for sunburn, minor burns, acne, bed sores and chilblains</li><li>The emollient effect of Sudocrem can help to soothe sore inflamed skin whilst leaving the skin feeling soft. </li>",39.8
Sudocream,5011025045001,"<p><strong>Highlights:</strong></p><ul>  <li>Suitable for baby diaper rash, eczema, surface wounds, sunburn, and acne prone skin.  </li>  <li> Suitable for sunburn, minor burns, acne, bed sores and chilblains  </li>  <li> The emollient effect of Sudocrem can help to soothe sore inflamed skin whilst leaving the skin feeling soft.  </li>  <li> Water-repellent base which forms a protective barrier  </li>  <li> Helps to stop any irritants (urine and stools) coming into contact with the skin  </li>  <li> Help to soothe sore inflamed skin whilst leaving the skin feeling soft </li></ul>",55.6
Vicks,5011321303300,<p><strong>Highlights:</strong></p><ul><li>Relieves the pain of sore throat.</li><li>Relieves the cough caused by a cold.</li><li>Helps in breathing by clearing the blockage.</li></ul>,7.5
Loreal,5011408053814,"<p><strong>Highlights:</strong></p><ul>  
<li>Playful shades of blooms  </li>  
<li> Finished with a matte glitter topcoat  </li>  
<li> Bouquet of glitters inside  </li>  
<li> Limited edition  </li>  
<li> Product of Maybelline&nbsp;</li></ul>",33.91
Loreal,5011408062311,"<p><strong>Highlights:</strong></p><ul>  
<li>Playful shades of blooms  </li>  
<li> Finished with a matte glitter topcoat  </li>  
<li> Bouquet of glitters inside  </li>  
<li> Limited edition  </li>  
<li> Product of Maybelline&nbsp;</li></ul>",33.91
Deep Heat,5011501040124,"<h3><strong>Highlights:</strong></h3><ul>
<li><u><strong>Fast Relief from muscular aches & pains</strong></u></li> 
<li><strong>Increase Blood Supply to Relax and Soothe</strong></li></ul>",38.0
Vicks,5013965704666,"<p><strong>Highlights:</strong></p><ul>
<li>Eliminates the feeling of burning in the throat.</li><li>It relieves you of the symptoms of the initial cold.</li><li>Reduces sneezing.</li></ul>",50.0
CoLab,5016155200290,"<p><strong>Highlights:</strong></p><ul>  
<li>Our incredible formula effectively absorbs oil and instantly refreshes 
roots with an invisible, lightweight finish. Hair feels clean, soft and 
beautifully fragranced. Total babe!  </li>  
<li> COLAB is against animal testing, totally cruelty-free and vegan-friendly. Paraben Free  </li>  
<li>
 With few quick bursts you can instantly transform your look anytime. A 
perfect styling tool too as it adds volume, body and texture.&nbsp;</li></ul>",40.87
CoLab,5016155250950,"<p><strong>Highlights:</strong></p><ul>  
<li>Absorbs oil and impurities  </li>  
<li> Conditions and cares for scalp  </li>  
<li> Dermatologically approved&nbsp;</li></ul>",47.0
Osteocare,5021265227198,,17.0
Feroglobin,5021265231140, ,21.0
Aloedent,5029354002916,"<h3><strong>Highlights:</strong></h3><ul>
<li><strong>It helps in effectively cleansing the mouth and getting rid of germs and bacteria.</strong></li><li><strong>Offers a long-lasting fresh scent, enhancing oral freshness.</strong></li><li><strong>Resists infections of the mouth, gums and teeth.</strong></li><li><strong>It maintains your teeth and oral hygiene and protects them from problems and diseases.</strong></li><li><strong>Reduces bleeding and gum infections.</strong></li><li><strong>Promotes the healing of gum and mouth cells.</strong></li></ul>",26.0
Aloedent,5029354007300,"<h3><strong>Highlights:</strong></h3><ul><li><strong>Our mouthwash contains protective fluoride and has a fantastic natural minty flavour.</strong></li><li><strong> Regular use of AloeDent toothpaste and mouthwash may help reduce bacteria, the principle cause of: Cavities. Plaque.</strong></li></ul>",25.0
Durex,5038483866467,"<p><strong>Highlights:</strong></p><p>Details: Ultra fine condoms for enhanced 
sensitivity. Thinnest condoms in the Durex latex range. Has an odour 
masker. Shaped to be easier to put on and to provide a better fit and 
feel. Non-icidally lubricated </p>",86.9
Parodontax,5054563994202,<h3><strong>Highlights:</strong></h3><ul><li><strong>Scientifically Proven to Keep Gums Healthy</strong></li><li><strong>Targets Plaque Bacteria that Brushing Leaves Behind</strong></li><li><strong>Works Between the Teeth and Around the Gum Line</strong></li><li><strong>Fluoride Help Strengthen Teeth</strong></li><li><strong>Added Fresh Breath Protection</strong></li></ul>,35.0
Color Wow,5060150185274,"<h3><strong>Highlights:</strong></h3><ul><li><strong>This lightweight hair spray includes polysilicone-29 and chamomile to guard against humidity and protect your hair color</strong></li><li><strong>Heat-activated polymer works to compress, tighten, and seal hair strands</strong></li><li><strong>Leave-in spray protects your hair from frizzing and moisture loss while styling.</strong></li></ul>",176.33
Lee Stafford,5060282705234,"<p><strong>Highlights:</strong></p><ul>
<li>Does not stick.&nbsp;</li><li>Lightweight.&nbsp;</li><li>Easy to apply.&nbsp;</li><li>Suitable for all hair types</li></ul>",44.0
Basix,5060686530005,"<p><strong>Highlights:</strong></p><ul><li>Unique Protein Blend: Combines whey protein concentrate (WPC), whey protein isolate (WPI), and soy protein isolate (SPI) to provide multiple benefits in one powder.</li><li>Supports Muscle Growth: Rich in essential amino acids (EAAs) and non-essential amino acids (NEAAs) that stimulate protein synthesis and promote lean muscle growth.</li><li>Preserves Muscle Mass: Helps prevent muscle breakdown and preserves muscle mass gained during exercise.</li><li>Increases Muscle Strength: Enhances the ability of muscles to work harder and longer.</li><li>Aids in Exercise Recovery: Helps rebuild muscle and replenish energy after strenuous exercise.</li><li>Rich Source of Nitrogen: Provides nitrogen essential for building lean muscle.</li><li>Low in Cholesterol and Saturated Fat: Suitable for people following a healthy diet.</li></ul>",87.0
Basix,5060686530012,"<p><strong>Highlights:</strong></p><ul>
<li>Contains 25g of protein per shake to help your Body Muscles to Grow and Recover</li><li>No ADDED SUGAR and Low in FAT</li><li>Fast Acting Protein for Fast Results</li><li>Menimum Shelf Life 6 Months</li></ul>",87.0
Basix,5060686530029,"<p><strong>Highlights:</strong></p><ul>
<li>Contains 25G Of Protein Per Shake To Help Your Body Muscles To Grow And Recover&nbsp;</li><li>Fast Acting Protein For Fast Results&nbsp;</li><li>Great Taste * Benefit More Save More&nbsp;</li><li>No Added Sugar And Low In Fat Add 34G (One Slightly Heaped Scoop) In 200 ml of Water or Milk.&nbsp;</li><li>Once Mixed Keep Chilled And Consume Within 3 Hours</li></ul>",87.0
Basix,5060686530036,"<p><strong>Highlights:</strong></p><ul>
<li>High in protein with 25g per serving which contributes to a growth and maintenance of muscle mass.</li><li>Source of branched chain amino acids. This rich source of BCAAs is widely regarded as important for athletes.</li><li>Basix Whey Protein comes in 3 delicious flavors: Chocolate, Vanilla & Strawberry. Whether you’re using it with water or milk, it mixes easily! Delivering a smooth texture, perfect for a tasty protein shake, or a smoothie.</li><li>1.4g of fat, less than 1g of carbs, and at just 116 calories per serving.</li><li>STACK WITH: Frequently purchased with Basix Creatine or Basix BCAA.</li></ul>",260.0
Basix,5060686530043,"<p><strong>Highlights:</strong></p><ul>
<li>25 gm of whey protein blend per serving</li><li>Less than 1 gm sugar per serving</li><li>116 calories per serving</li><li>Less than 1 gm sugar per serving</li><li>116 calories per serving</li></ul>",260.0
Basix,5060686530098, ,117.0
Basix,5060686530524,<p><strong>Highlights:</strong></p><ul><li>Clinical research has shown L-Carnitine supports athletic performance and endurance.</li><li>Accelerate the recovery time after physical stress.</li><li>Each serving contains 3500mg of L-Carnitine.</li><li>Each serving contains 50mg of green tea extract.</li><li>Suitable for vegans.</li><li>Halal-Certified.</li></ul>,120.0
Basix,5060686530623,"<p><strong>Highlights:</strong></p><ul>
<li>This powerhouse formula can push you through the toughest workouts and is loaded with proven ingredients that can make you experience the most insane pre-workout you’ve ever had:</li><li>Contains 200Mg of caffeine. consuming caffeine before intense fitness training showed improved concentration with the ability to sustain high levels of exercise intensity.</li><li>4g of Citrulline Malate to increase Nitric Oxide (NO) content in the body which leads to promoting muscle pumps and performance for a longer duration.</li><li>Contains 3g of creatine in each serving. Creatine helps increase strength and endurance, allowing you to lift heavier, run faster & improve overall physical performance.</li><li>Contains 2g of beta alanine. Consumption of beta-alanine helps enhance the endurance during your workouts by keeping you active and energized for the longer duration.</li><li>Contains 100mg of Theacrine, B3 and B12 that can help you to feel sharper an",123.0
Basix,5060686530814,"<p><strong>Highlights:</strong></p><ul>
<li>Supports muscle building & recovery</li><li>Reduce fatigue and improves performance</li><li>Improves protein synthesis</li><li>Contains 2.5g of glutamine for the best results</li><li>Zero sugar, Zero carbs & Zero fat</li><li>Halal-certified product</li><li>Tested for athletes</li></ul>",112.0
Basix,5060686530852,"<p><strong>Highlights:</strong></p><ul>
<li>Supports muscle building & recovery</li><li>Reduce fatigue and improves performance</li><li>Improves protein synthesis</li><li>Contains 2.5g of glutamine for the best results</li><li>Zero sugar, Zero carbs & Zero fat</li><li>Halal-certified product</li><li>Tested for athletes</li></ul>",147.0
Basix,5060686530999,"<p><strong>Highlights:</strong></p><ul>  <li>Contains 200Mg of caffeine. consuming caffeine before intense fitness 
training showed improved concentration with the ability to sustain high 
levels of exercise intensity.  </li>  <li>
 4g of Citrulline Malate to increase Nitric Oxide (NO) content in the 
body which leads to promoting muscle pumps and performance for a longer 
duration.  </li>  <li>
 Contains 3g of creatine in each serving. Creatine helps increase 
strength and endurance, allowing you to lift heavier, run faster & 
improve overall physical performance.  </li>  <li>
 Contains 2g of beta alanine. Consumption of beta-alanine helps enhance 
the endurance during your workouts by keeping you active and energized 
for the longer duration.  </li>  <li> Contains 100mg of Theacrine, B3 and B12 that can help you to feel sharper and more focused during your training sessions&nbsp;</li></ul>",123.0
Basix,5060690000000,"<p><strong>Highlights:</strong></p><ul><li>Contains 200Mg of caffeine. consuming caffeine before intense fitness training showed improved concentration with the ability to sustain high levels of exercise intensity.</li><li>4g of Citrulline Malate to increase Nitric Oxide (NO) content in the body which leads to promoting muscle pumps and performance for a longer duration.</li><li>Contains 3g of creatine in each serving. Creatine helps increase strength and endurance, allowing you to lift heavier, run faster & improve overall physical performance.</li><li>Contains 2g of beta alanine. Consumption of beta-alanine helps enhance the endurance during your workouts by keeping you active and energized for the longer duration.</li><li>Contains 100mg of Theacrine, B3 and B12 that can help you to feel sharper and more focused during your training sessions</li></ul>",123.0
Vaseline,5099802150117,"<p><strong>Highlights:</strong></p><ul>
<li>Helps to lock in moisture for beautiful, healthy lips</li><li>Made from pure Vaseline Jelly to provide long-lasting moisturization and lip care</li><li>Clinically proven to help heal and prevent dry lips by locking in moisture</li><li>Non-sticky, non-greasy formula, suitable for regular use</li><li>Provides lip therapy that will moisturize your lips</li></ul>",9.63
Nutifactor,5156867892632,"<p><strong>Highlights:</strong></p><ul>
<li>Supports and improves joints mobility.</li><li>Maintains joint health by supporting healthy cartilage formation..</li><li>Helps to minimize joints pain and aches.</li></ul>",130.43
Nutrifactor,5156867892724,<p><strong>Highlights:</strong></p><ul><li>Supports healthy weight management.</li><li>Helps to lower the production of fatty acids from carbohydrates.</li><li>Helps to reduce appetite.</li></ul>,153.04
Nutrifactor,5156867892977,"<p><strong>Highlights:</strong></p><ul>
<li>Helps to maintain healthy blood sugar levels.</li><li>Supports to reduce fatigue by boosting energy.</li><li>Helps to decrease cholesterol levels.</li><li>Effective for strong immune system.</li></ul>",130.43
Nutifactor,5156867893189, ,130.43
Nutrifactor,5156867893233,"<p><strong>Highlights:</strong></p><ul>
<li>Supports a healthy cardiovascular system.</li><li>Acts as a strong antioxidant.</li><li>May support healthy weight loss.</li><li>Contributes to healthy immune system.</li></ul>",86.96
Nutrifactor,5156867893318,"<p><strong>Highlights:</strong></p><ul><li>Drug free and natural way to help in depression, anxiety, insomnia and restlessness.</li><li>Assists in regulating serotonin levels.</li><li>Efficient in improving mood swings.</li><li>Helps in controlling appetite.</li></ul>",95.65
Nutrifactor,5156867893424,<p><strong>Highlights:</strong></p><ul><li>Helps in better growth of hair and nails.</li><li>Supports a healthy and moisturized skin.</li><li>Helps in boosting body’s energy.</li></ul>,95.65
Sinomarin,5206890000000,,54.0
Sinomarin,5206892100902,,54.0
Helenvita,5213000000000,"<p><strong>Highlights:</strong></p><ul>
<li>Dermatologically tested</li><li>Clinically tested</li><li>Opthalmologically tested</li><li>Free of Parabens & PEG</li></ul>",86.0
Beesline,5281018713976,"<h2><strong>Highlights:</strong></h2><ul>
<li><strong>Your perfect partner for a confident and active lifestyle&nbsp;</strong></li><li><strong>3 in 1 formula (deodorant - deodorant - soothing)</strong></li><li><strong>Roll-on with a safe and innovative formula.</strong></li><li><strong>Ensures 48 hours of sweat protection.</strong></li><li><strong>Fights unpleasant odors.</strong></li><li><strong>Absorbs sweat and soothes the skin.</strong></li><li><strong>Protects and soothes sensitive skin after shaving.</strong></li><li><strong>Antiperspirant fortified with alum.</strong></li></ul>",69.0
Laperva,5401860184162,"<p><strong>Highlights:</strong></p><ul>
<li>High protein content per serving</li><li>Free of sugar, fat, and carbohydrates</li><li>Support muscle growth and aid in muscle recovery</li></ul>",210.0
Laperva,5402860346420,"<p><strong>Highlights:</strong></p><ul>
<li>Rapidly Absorbed</li><li>No Sugar, Carb, or Fat</li><li>Supports Muscle Growth</li><li>Supports muscle recovery</li><li>28g Protein per serving (Varies by Flavor)</li></ul>",210.0
Laperva,5412860346436,<p><strong>Highlights:</strong></p><ul><li>Increases Anabolic Hormones</li><li>Enhance Muscle Strength and Growth</li><li>Fatigue Reduction and Muscle Recovery</li></ul>,175.0
Laperva,5412860346924,"<p><strong>Highlights:</strong></p><ul>
<li>More Than 59 Grams of High-Quality Protein</li> 
<li>260 Grams of Carbohydrates</li> 
<li>1500mg Of Added Creatine Blend</li> 
<li>Rich In Vitamins and Minerals and Digestion Enzymes</li> 
<li>10 gm of BCAA's Essential Amino Acids</li></ul>",300.0
Daktarin,5413868100068, ,16.5
Motilium,5413868100327, ,17.1
Systane,5413895042218, ,47.8
Advil,5415062000052, ,7.15
Viagra,5415062000908, ,73.75
Centrum,5415062001523, ,20.4
Ponstan,5415062001752,"<p><strong>Highlights:</strong></p><ul>
<li>For relief of mild to moderate pain, when therapy will not exceed one week (7 days)</li><li>For treatment of primary dysmenorrhea.</li></ul>",15.3
Viagra,5415062005590, ,73.75
Papermints,5425010092251,,12.0
Laperva,5601055323257,"<p><strong>Highlights:</strong></p><ul>
<li>Eat it as a snack between meals</li><li>Gluten Free,24% Protein,Keto-Friendly.,No Added Sugar</li></ul>",10.0
Fucidin,5702191010619, ,38.5
CANNASEN,5744000130019,"<p><strong>Highlights:</strong></p><ul>
<li>CANNASEN® Psoriasis Gel is developed for the treatment of psoriasis symptoms.&nbsp;</li><li>The gel provides immediate relief of itching, reduction of redness and reduction in the formation of new scales.&nbsp;</li><li>Contains natural ingredients such as dead sea salt, panthenol, aloe vera extract, as well as vitamins A and E and CBD.</li><li>50ml</li></ul>",239.0
CANNASEN,5744000130064,"<p><strong>Highlights:</strong></p><ul>
<li>Proven effect of stronger hair growth and thicker hairs.&nbsp;</li><li>Promotes the physiological growth cycle of the hair, strengthens the hair and improves the condition of the scalp.</li><li><h5>4x 20 ml</h5></li></ul>",239.0
CANNASEN,5744000130217,"<p><strong>Highlights:</strong></p><ul><li>The CANNASEN® Pain Patch consists of 8 thin patches that you place directly on the area where you have pain.&nbsp;</li><li>The pain patch provides long-lasting localized pain relief (up to 12 hours), whether it's muscle pain, arthritis pain, joint pain, sports injuries or sprains.&nbsp;</li><li>The pain management reduces swelling when the patch is placed directly on the affected area.</li><li>8 patches</li><li>Topical treatment as needed</li></ul>",119.0
CANNASEN,5744000130231,"<p><strong>Highlights:</strong></p><ul><li>200 ml</li><li>Apply topically as needed</li><li>Lotion for daily care of psoriasis, dry and atopic skin</li><li>For those looking for a moisturizing, natural lotion to treat psoriasis, dry and atopic skin.</li><li>CANNASEN® PSOR+Atopic Lotion helps reduce itchiness and tightness, soothes redness while improving the appearance of the skin and making it softer. The lotion does not contain ingredients that cause allergic reactions or irritation, so this care can be used by people with known allergies.</li><li>Suitable for both men and women</li></ul>",119.0
Bielenda,5902169017729,"<p><strong>Highlights:</strong></p><ul>  <li>Inhibits skin ageing processes  </li>  <li> Accelerates the synthesis of new collagen fibers, restoring skin elasticity and flexibility&nbsp;</li></ul>",49.4
Bielenda,5902169018283,"<h3><strong>Highlights:</strong></h3><ul>
<li><strong>It contains an extremely effective combination of precious argan oil and moisturising properties of hyaluronic acid,&nbsp;</strong></li><li><strong>Which contributes to a significant improvement in the quality of the skin,&nbsp;</strong><b style=""background-color: initial;"">its regeneration and reconstruction</b></li><li><strong>The unique lightweight oil formula turns into soft foam when mixed with water</strong></li><li><strong>It effectively removes make-up and cleanses the skin of any impurities\</strong></li><li><strong></strong><b style=""background-color: initial;"">The oil gives the effect of satin soft skin while reducing the feeling of dryness and discomfort</b></li></ul>",49.4
Bielenda,5902169020354,<h3><strong>Highlights:</strong></h3><ul><li><strong>Specialized Eye Make-Up Remover For Eyelash Extensions.</strong></li><li><strong>Active Micro-Bubble Technology safe for use with lash extensions safe for use with permanent make-up.</strong></li><li><strong>The product is odourless and safe for sensitive eyes.</strong></li><li><strong>It is safe for permanent make-up and contact lens wearers.</strong></li></ul>,28.6
Bielenda,5902169020385,<h3><strong>Highlights:</strong></h3><ul><li><strong>Washes and cleanses like water and soap</strong></li><li><strong>Neutralizes and refreshes like toner</strong></li><li><strong>Moisturizes and nourishes like lotion</strong></li><li><strong>Oderless and contains no parabens and alcohol</strong></li></ul>,40.3
Bielenda,5902169021122,<p><strong>Highlights:</strong></p><ul>  <li>Extremely effective liquid for removing make-up  </li>  <li> Can be used by people wearing contact lenses  </li>  <li> Special double-phase formula instantly and effectively removes makeup&nbsp;</li></ul>,26.65
Bielenda,5902169022396,"<h3><strong>Highlights:</strong></h3><ul>
<li><strong>This innovative formula substitute 3 products to provide a perfectly clean and smooth face and body.</strong></li><li><strong>GEL thoroughly cleanses, refreshes, removes makeup and excess sebum</strong></li><li><strong>PEELING gently exfoliates, unblocks pores</strong></li><li><strong>SERUM effectively mattifies the skin and lightens discolorations</strong></li><li><strong>The product soothes irritations and acne changes, moisturizes, does not dry out the ski</strong>n.</li></ul>",69.0
Bielenda,5902169025021,<h3><strong>Highlights:</strong></h3><ul>  <li><strong>Gives you radiant and vibrant skin.</strong></li><li><strong>Provides superior protection against harmful sun rays with SPF 50.</strong></li><li><strong>Anti-sunburn and excessive dryness of the skin.</strong></li><li><strong>Tightens your skin and reduces the appearance of fine wrinkles.</strong></li><li><strong>Does not clog pores.<br></strong></li><li><strong>Limits the appearance of pimples.</strong></li><li><strong>It has a light and non-greasy texture.</strong></li><li><strong>Sunscreen can be used as a base before makeup.</strong></li></ul>,41.6
Bielenda,5902169025038,"<p><strong>Highlights:</strong></p><p>Bielenda ROSE CARE Rose Face Cream is a moisturizing and soothing cosmetic in the form of light cream intended for the care of delicate and sensitive face skin, with a tendency to hypersensitivity.</p>",64.35
Bielenda,5902169025045,"<h3><strong>Highlights:</strong></h3><ul>
<li><strong>Hyaluronic Acid – deeply moisturises</strong></li><li><strong>Essential Oil Of Rose Fruit – nourishes, softens and smooths</strong></li><li><strong>Anti-OX and Anti-Pollution complex-against environmental pollution and ageing of the skin.</strong></li></ul>",48.75
Bielenda,5902169025083,<p><strong>Highlights:</strong></p><ul>  <li>Improves density and elasticity of the skin  </li>  <li> Tightens and cleanses pores  </li>  <li> Moisturises and soothes the skin </li></ul>,131.1
Bielenda,5902169025106,"<h3><strong>Highlights:</strong></h3><ul>
<li><strong>providing an alternative to invasive aesthetic medicine treatments. </strong></li><li><strong>As a result of NEURO REJUVENATION, nerve impulses responsible for the formation of wrinkles are inhibited, making the depth and length of the wrinkles become less visible. </strong></li><li><strong>Technologically advanced NEURO COLLAGEN line is based on a unique NEUROPEPTIDE, which blocks neurotransmitters responsible for muscle contraction, leading to a visible smoothing of the skin.</strong></li><li><strong>NEURO COLLAGEN products combine revolutionary properties of the NEUROPEPTIDE with effectiveness and precision of other ingredients, in order to protect the skin against aging and restore its natural beauty.</strong></li><li><strong>&nbsp;Lifts and smoothes the skin  </strong></li>  <li><strong> Improves firmness and elasticity&nbsp;</strong></li></ul>",66.95
Bielenda,5902169025472,"<h3><strong>Highlights:</strong></h3><ul>
<li><strong>LOW MOLECULAR WEIGHT HYALURONIC ACID is a powerful moisturizing agent capable of penetrating into deep layers of the skin. As a result, the skin is intensely moisturized from the inside – visibly smoother, firmer and more elastic.</strong></li><li><strong>Effectively prevents formation of new wrinkles</strong></li><li><strong>Smooths the existing ones</strong></li><li><strong>&nbsp;Visible reduction of wrinkles 91%<br>* deeply hydrated and firm skin 96%<br>* Reduction of skin shine 79%</strong></li></ul>",118.45
Bielenda,5902169025489,"<p><strong>Highlights:</strong></p><ul>  <li>Improves its firmness and elasticity  </li>  <li> Intensely moisturizes, reduces the visibility of enlarged pores and shine of combination skin  </li>  <li> Contains vitamin C and E complex </li></ul>",66.95
Bielenda,5902169025496,"<h3><strong>Highlights:</strong></h3><ul>  
<li><strong>Stimulates natural skin moisturizing mechanisms</strong></li><li><strong>Adds elasticity and firms the skin&nbsp;</strong></li><li><strong>&nbsp;Visible reduction of wrinkles 98%<br>* Smooth and firm skin 96%<br>* Skin deeply hydrated and radiant 99%</strong></li></ul>",131.1
Bielenda,5902169025502,"<h3><strong>Highlights:</strong></h3><ul>  <li><strong>Bielenda Neuro Collagen Cream fills fixed wrinkles on the face and around the eyes, and effectively prevents formation of new ones.<br></strong></li><li><strong>It lifts and smooths the skin, improves its firmness and elasticity, slows down the ageing process.</strong></li><li><strong>Intensely moisturises, reduces the visibility of enlarged pores and reduces shine of combination skin.</strong></li><li><strong>Reduces visibility of wrinkles</strong></li><li><strong>Tightens and smoothes the skin, slows down the aging process&nbsp;</strong></li><li><strong>*Visible filing of wrinkles 89%<br>*improved hydration and skin elasticity 94%<br>*Visible reduction of skin shine 80%</strong></li></ul>",118.45
Bielenda,5902169025519,"<h3><strong>Highlights:</strong></h3><ul><li><strong>The content of Glycolic Acid promotes effective exfoliation:&nbsp;</strong></li><li><strong>dead 
skin cells are removed and the skin becomes smooth, revitalized and 
renewed.</strong></li><li><strong>100% stable Vitamin C, one of the strongest antioxidants,
 l</strong></li><li><strong>ightens discolourations, beautifully evens out skin tone, adds 
radiance and brightens grey complexion.</strong></li><li><strong>Emulsion contains a unique
 Neuropeptide,&nbsp;</strong></li><li><strong>that blocks neurotransmitters responsible for muscle 
contraction, which leads to visible smoothing of the skin.</strong></li></ul>",127.65
Bielenda,5902169025526,"<h3><strong>Highlights:</strong></h3><h4>combines revolutionary properties of Neuropeptide,&nbsp;</h4><ul><li><strong>Blocks neurotransmitters responsible for muscle contraction, leading to a visible smoothing of the skin,</strong></li><li><strong>With the power of advanced Glycolic Acid and 100% Stable Vitamin C exfoliation.&nbsp;</strong></li><li><strong>Such formula enables effective protection of the skin against ageing and restores its natural beauty.</strong></li><li><strong>Penetrate deeply into the skin and gradually release their power, acting for a long time after application.<br></strong></li><li><strong>It stimulates collagen production, slows down ageing processes, protects DNA, strengthens and regenerates the skin.<br></strong></li><li><strong>It exfoliates the epidermis, stimulating the repair processes of the skin, smooths the skin and evens out its tone.</strong></li><li><strong>Tightens the pores, reduces excessive sebum secretion, prevents breakouts.<br></strong></li",69.0
Bielenda,5902169025533,"<h3><strong>Highlights:</strong></h3><ul>
<li><strong>The cream is enriched with glycolic acid at a concentration of 2% and stabilized vitamin C. </strong></li><li><strong>It is thanks to these ingredients that the cream completely restores and renews the skin, smoothing wrinkles and reducing pigmentation. </strong></li><li><strong>Neuropeptide neutralizes muscle spasms and erases facial wrinkles. </strong></li><li><strong>The cream clearly improves complexion.</strong></li><li><strong>It gives it a fresh and attractive appearance by further tightening pores and reducing shine. </strong></li><li><strong>Glycolic acid 2% will not have a clear exfoliating effect, but rather an indirect one. </strong></li><li><strong>Can be used daily, the effect will be especially pronounced when used simultaneously with the serum of the same name. </strong></li><li><strong>Has no age restrictions. </strong></li><li><strong>Can be used for rosacea. </strong></li><li><strong>Non-comedogenic</strong></li>",126.5
Bielenda,5902169025540,"<p><strong>Highlights:</strong></p><ul>
<li><strong>The serum effectively improves quality and condition of the skin.&nbsp;</strong></li><li><strong>The content of 4.5 % GLICOLIC ACID and 100% STABLE VITAMIN C ensures double, advanced exfoliation; as a result, the skin is deeply revitalized and renewed, wrinkles are smoothed out and discolorations reduced.</strong></li><li><strong>Smoothes wrinkles</strong></li><li><strong>Effectively evens out the skin tone</strong></li><li><strong>Optimally moisturizes it</strong></li><li><strong>Supports the renewal and regeneration of the skin</strong></li></ul>",127.65
Bielenda,5902169026172,"<h3><strong>Highlights:</strong></h3><ul>  <li><strong>THE INNOVATIVE FORMULA based on natural activated carbon purifies as well as removes make-up and excess sebum.  </strong></li>  <li><strong>
 ACTIVATED CARBON, called in cosmetics the black diamond,&nbsp;</strong></li><li><strong>shows 
antibacterial, cleansing and astringent effect.&nbsp;</strong></li><li><strong>Due to the strong 
absorption characteristics, it is a great deep cleansing ingredient.&nbsp;</strong></li></ul>",51.35
Bielenda,5902169026189,"<h3><strong>Highlights:</strong></h3><ul>  
<li><strong>Effectively improves combination and oily skin</strong></li><li><strong>Perfectly integrated into the skin without changing color&nbsp;</strong></li><li><strong>The cream prevents breakouts, mattifies and degreases shiny skin.<br></strong></li><li><strong>The product, black in colour, perfectly blends into the skin without changing its color.<br></strong></li><li><strong>Hyaluronic Acid is a powerful moisturiser and has anti-wrinkle effect.</strong></li></ul>",62.4
Bielenda,5902169026202,"<h3><strong>Highlights:</strong></h3><ul>  <li><strong>Easy absorbing, non-irritating smooth healthy glow</strong></li><li><strong>The best skin care for night time or daily use</strong></li><li><strong>Perfect way to improve the appearance and condition of the skin&nbsp;</strong></li></ul>",48.1
Bielenda,5902169026219,"<h3><strong>Highlights:</strong></h3><ul>  
</ul><h4>Butter, thanks to the high content of natural beta-carotene and oil raw materials,</h4><ul><li><strong>supports skin cell renewal, has antioxidant, moisturizing and soothing properties.</strong></li><li><strong>The epidermis remains regenerated</strong></li><li><strong>Velvety soft and smooth epidermis</strong></li><li><strong>Skin protected against excessive drying</strong></li><li><strong>Easy absorbing, non-irritating smooth healthy glow  </strong></li>  
<li><strong> The best skin care for night time or daily use  </strong></li>  
<li><strong> Perfect way to improve the appearance and condition of the skin&nbsp;</strong></li></ul>",48.1
Bielenda,5902169026226,"<h3><strong>Highlights:</strong></h3><ul>  
<li><strong>Easy absorbing, non-irritating smooth healthy glow  </strong></li>  
<li><strong> Pure rich benefits, light scented  </strong></li>  
<li><strong> Restores skins extraordinary smoothness and elasticity&nbsp;</strong></li><li><strong>Avocado Oil: Aids in skin hydration, enhances epidermal condition, and bolsters cellular regeneration.</strong></li><li><strong>Vitamin E: Famed for its rejuvenating qualities, it battles free radicals and decelerates the skin's ageing process.</strong></li></ul>",48.1
Bielenda,5902169026233,"<h3><strong>Highlights:</strong></h3><h4>Bielenda is the best skin care product, 
Belinda vegetable orange butter,&nbsp;</h4><p>characterized by a smart 
formula of refreshing and useful oranges, and helps to improve the 
elasticity and appearance of the skin, and it has an attractive.&nbsp;</p><ul>
<li><strong>Aqua (Water): The primary solvent for ingredients, aiding in spreading and absorption.</strong></li><li><strong>Glycine Soja (Soybean) Oil: Acts as a skin conditioner and offers nourishing properties.</strong></li><li><strong>Butyrospermum Parkii (Shea Butter): Renowned for its moisturising and skin-softening attributes.</strong></li><li><strong>Malpighia Punicifolia Fruit Extract: A potent source of Vitamin C, known for its skin brightening and antioxidant properties.</strong></li><li><strong>Citrus Aurantium Dulcis (Orange) Oil: Infuses the product with a refreshing orange scent and provides added skin benefits.</strong></li></ul>",48.1
Bielenda,5902169026240,"<h3><strong>Highlights:</strong></h3><ul>  <li><strong>Soothes the skin, cleanses it and moisturizes</strong></li><li><strong>To hydrate and nourishing at the same time</strong></li><li><strong>Stimulating color and refreshing scent energize&nbsp;</strong></li><li><strong>Watermelon: Provides a refreshing scent and beneficial skin properties.</strong></li><li><strong>Natural Sugar: Acts as a gentle exfoliator, revealing fresh and radiant skin.</strong></li><li><strong>Ground Coconut Seeds: Offers additional exfoliation and a pleasant tropical essence.</strong></li><li><strong>Provitamin A: Derived from natural vegetable oils, known for its antioxidant and rejuvenating effects.</strong></li></ul>",34.45
Bielenda,5902169026257,"<h3><strong>Highlights:</strong></h3><ul>
<li><strong>Orange vegan body scrub, free of animal products.</strong></li><li><strong>A delightful scrub with a fruity scent and an innovative non-greasy formula of sugar and coconut.</strong></li><li><strong>It exfoliates dead skin and improves skin elasticity and appearance.</strong></li><li><strong>How to use: Apply the scrub to wet skin, distribute it with a light massage, and rinse with water.</strong></li><li><strong>Natural Sugar: Acts as a gentle exfoliator, sloughing away dead skin cells for a fresher appearance.</strong></li><li><strong>Ground Coconut Seeds: Provides additional exfoliation and imparts a pleasant tropical scent.</strong></li><li><strong>Acerola Extract: A rich source of natural Vitamin C, offering skin brightening and antioxidant benefits.</strong></li></ul>",34.45
Bielenda,5902169027384,"<p><strong>Highlights:</strong></p><ul>  <li><strong>Vitamin B3 and Allantoin - both well-known for the skin restoring properties<br></strong></li><li><strong>The toner removes impurities, grease, dirt and even the most stubborn makeup<br></strong></li><li><strong>It prevents shine and reduces the signs of acne<br></strong></li><li><strong>Cucumber And Lime Toner from Bielenda is a refreshing tonic designed for combination and oily skin<br></strong></li><li><strong> Perfect anti-shine effect all day long</strong></li><li><strong>Soothes irritations and acne&nbsp;</strong></li></ul>",39.1
Bielenda,5902169032890,"<h3><strong>Highlights:</strong></h3><ul>
<li><strong>Smoothens and softens the skin</strong></li><li><strong>Enhances skin regeneration</strong></li><li><strong>Improves skin tone</strong></li><li><strong>Soothes redness and irritation</strong></li><li><strong>ROYAL JELLY: contains extremely high amount of skin nourishing ingredients, vitamins B and vitamin C, thanks to which it improves condition and quality of skin, reduces its sensitivity to external factors.</strong></li><li><strong>It retains water in the epidermis</strong></li><li><strong>Alleviates and soothes the skin</strong></li></ul>",118.45
Bielenda,5902169037475,"<h3><strong>Highlights:</strong></h3><ul><li><strong>Smoothens and softens the skin</strong></li><li><strong>Enhances skin regeneration</strong></li><li><strong>Improves skin tone</strong></li><li><strong>Soothes redness and irritation</strong></li><li><strong>ROYAL JELLY: contains extremely high amount of skin nourishing ingredients, vitamins B and vitamin C, thanks to which it improves condition and quality of skin, reduces its sensitivity to external factors. It retains water in the epidermis, alleviates and soothes the skin.</strong></li></ul>",134.55
Bielenda,5902169037482,<h3><strong>Highlights:</strong></h3><ul><li><strong>Smoothens and softens the skin</strong></li><li><strong>Enhances skin regeneration</strong></li><li><strong>Improves skin tone</strong></li><li><strong>Soothes redness and irritation</strong></li></ul>,51.35
Bielenda,5902169049348,"<h3><strong>Highlights:</strong></h3><ul><li><strong>Unique hand cream with a moisturising compress formula, rich in nourishing and soothing active ingredients.</strong></li><li><strong>It perfectly cares for dry and normal skin prone to lose its firmness and elasticity. </strong></li><li><strong>The content of high 10% concentration of urea,has the moisturising and softening effect, facilitates exfoliation of the dry and thickened skin. </strong></li><li><strong>The cream formula is to “wrap” the skin like a compress, to give it the feeling of comfort and regeneration.</strong></li></ul>",43.7
Bielenda,5902169049355,"<h3><strong>Highlights:</strong></h3><ul><li><strong>Unique hand cream with a mask formula, rich in nourishing and lubricating active ingredients. </strong></li><li><strong>Perfectly cares for dry and extremely dry skin that lacks firmness and elasticity. </strong></li><li><strong>The content of high 10% concentration of shea butter and supporting ingredients, The cream relieves and soothes irritation. </strong></li><li><strong>The cream is quickly absorbed, is not sticky, leaves the skin nice and soft to touch.</strong></li></ul>",43.7
Bielenda,5902169049362,"<h3><strong>Highlights:</strong></h3><ul>
<li><strong>Unique hand cream with a formula rich in nourishing active ingredients. </strong></li><li><strong>It perfectly cares for dry skin, damaged due to the use of chemical substances and chapped because of adverse weather conditions. </strong></li><li><strong>The content of high 10% concentration of glycerine and supporting ingredients.</strong></li></ul>",44.85
Biotinne,5903719673761,"<p><strong>Highlights:</strong></p><ul><li>It works to repair weak and damaged hair because it enters the hair shaft, which enhances its strength and greatly reduces the risk of breakage and split ends.</li><li>Naturally improves the density of your hair. Due to its ability to strengthen the structure of your hair and allow for an improved rate of hair growth.</li><li>Preserves colored hair and protects color from fading while preserving the integrity of the hair structure.</li></ul>",74.0
Zinco,5904960017762,<p><strong>Highlights:</strong></p><ul><li>Reducing general stress</li><li>Resisting common colds and sneezing symptoms</li><li>Reducing signs of aging because of its antioxidant properties</li><li>Improves iron absorption</li><li>Helps in losing weight</li></ul>,29.9
La belle,6573540000000,,299.0
Nitro Canada,6926900000000,,60.0
johnsons,6001011321126,"<p><strong>Highlights:</strong></p><ul>
<li>Clinically proven mildness formula</li><li>Developed for newborn baby skin</li><li>Helps provide a protective barrier against wetness</li><li>Protects skin by locking in moisture</li><li>Hypoallergenic & free from dyes, paraben</li><li>Fragrance free</li><li>Paediatrician and dermatologist-tested</li></ul>",17.5
Eucerin,6001051001606,"<h3><strong>Highlights:</strong></h3><ul><li><strong>The formula has been clinically and dermatologically proven to deliver immediate relief and intense, long-lasting moisturisation, delaying dryness and roughness for up to 48 hours.</strong></li><li><strong>The lotion is suitable for mature skin and those with Diabetes, Psoriasis and Keratosis Pilaris.</strong></li><li><strong>It can also be used as adjunctive care.</strong></li><li><strong>The lotion delivers immediate + 48h relief for very dry, rough skin so it feels smooth and supple again.</strong></li><li><strong>The lotion is suitable for skin with these conditions.</strong></li><li><strong>It can also be used for adjunctive care.</strong></li><li><strong>The lotion is suitable for all adult skin.</strong></li></ul>",111.0
Eucerin,6001051004980,"<h3><strong>Highlights:</strong></h3><p><strong>The fast-absorbing, ultra-light texture effortlessly adheres to your skin, acting on pigmentation. brightening the complexion while reducing pigment spots and preventing new ones. combined with hyaluronic acid and glycerin the skin ends up looking more uniform, refined, hydrated, and with a natural radiant glow.</strong></p><ul>
<li><strong>Treats the root cause of hyperpigmentation.</strong></li><li><strong>Contains glycerin and hyaluronic acid.</strong></li><li><strong>Maintains skin moisture.</strong></li></ul>",224.2
Bio Oil,6001159127352,"<p><strong>Highlights:</strong></p><ul><li>IMPROVES APPEARANCE OF ACNE SCARS AND STRETCH MARKS - Clinically proven to help repair skin damage and scars from pregnancy, surgery, injury, acne, C-section, aging, and more. Bio-Oil is non comedogenic and a great acne scar treatment for face</li><li>PACKED WITH POWERFUL, NATURAL OILS - Vitamin A Oil promotes the formation of new collagen and assists in skin renewal, increasing skin elasticity. Vitamin E Oil, Chamomile Oil, Sunflower Oil, and Lavender Oil are anti-inflammatory and promote healthy skin</li><li>LOCKS IN ESSENTIAL MOISTURE WITHOUT CLOGGING PORES - Uniquely formulated, non-greasy body oil that hydrates skin and helps retain moisture to repair scars without clogging your pores. Effective acne scar healer and anti-aging face moisturizer for women</li><li>HELPS SMOOTH UNEVEN SKIN TONES - Works naturally to improve the appearance of uneven skin tones, for light and dark skin tones. Mineral oil, one of Bio-Oil\'s base oils, works bo</",49.0
ChildLife Essentials,608274101005,<h3><strong>Highlights:</strong></h3><ul><li><strong>ChildLife® Echinacea is made especially for infants and children</strong></li><li><strong>organically grown and flavored with natural sweet orange essential oil.<br></strong></li><li><strong>Nutrition for Kids!®</strong></li><li><strong>Great Taste</strong></li><li><strong>Dietary Supplement</strong></li></ul>,59.0
MRM Nutrition,609492800152,"<p><strong>Highlights:</strong></p><ul>
<li>Eco Friendly Packaging</li><li>By MRM Nutrition</li><li>Non GMO Project Verified</li><li>Certified Vegan</li><li>Gluten Free</li><li>The Perfect Tea</li></ul>",79.0
Dorofen,610644193114, ,81.9
Tung,614373347237,"<h3><strong>Highlights:</strong></h3><ul>
<li><strong>A unique advanced formula containing zinc to eliminate bad breath bacteria.</strong></li><li><strong>In just ten seconds you can remove microbes from your mouth and feel fresh.</strong></li><li><strong>It cleans the tongue well and gives it a pleasant smell thanks to the fresh mint flavour.</strong></li><li><strong>Great-tasting formula leaves tongue feeling fresh</strong></li><li><strong>Loosens sticky plaque from the tongue</strong></li><li><strong>Works better than standard toothpaste</strong></li><li><strong>Specifically designed to get into these grooves and clean bacteria</strong></li><li><strong>Working quickly and fast</strong></li></ul>",46.26
Tung,614373960245,"<h3><strong>Highlights:</strong></h3><ul>
<li><strong>Tung Tongue Cleaning Brush: Specially designed to clean the surface of the tongue, freshen breath, and combat bad breath.&nbsp;</strong></li><li><strong>It also eliminates germs that cause bad odor from the tongue.&nbsp;</strong></li><li><strong>This design was chosen by dentists to reach far areas of the tongue, with short bristles for comfortable cleaning.&nbsp;</strong></li><li><strong>The best choice. To get rid of the bad smell.</strong></li></ul>",29.0
La belle,6198712221111,"<p><strong>Highlights:</strong></p><ul><li>Auto power off feature.</li><li>Practical handle design.</li><li>Unique design with ceramic edges.</li><li>Swivel cord with 360 degree rotation.</li><li>The temperature reaches up to 200 degree Celsius.</li><li>Enhanced with negative ion technology and heat-preventing
simultaneously.</li></ul>",260.0
Ferro,6221032131973, ,7.0
Epimag,6221032160423, ,6.2
Epicogel,6221032220868, ,6.2
Kapect,6221032221308,"<p><strong>Highlights:</strong></p><ul>
<li>Kaolin is a native hydrated aluminium silicate and pectin is a purified carbohydrate product from citrus fruit rind.</li><li>Kaolin acts by adsorbing gases, toxins and bacteria from the alimentary tract and by increasing the bulk of stools.</li><li>thus it is employed in the symptomatic treatment of gastrointestinal conditions associated with diarrhoea.</li><li>Pectin not only provides additional adsorptive power to that of kaolin, but it also has a coating effect on the bowel.</li></ul>",9.3
Betaderm,6221032240262, ,4.2
Betaderm,6221032240590, ,4.2
Coli Urinal,6221035401059, ,6.75
Ticanase,6221076160588, ,20.0
Farcolin,6221151000891, ,10.85
Vidrop,6221508220422,,7.75
Fawar,6223000010365, ,6.45
Sine Up,6223000010419, ,4.7
Fawar,6223000010433, ,6.45
Dermatin,6223000011386,"<p><strong>Highlights:</strong></p><ul>
<li>Dermatin Anti-fungal Solution is an anti-fungal liquid with the active ingredient Clotrimazole</li><li>Medicated liquid that can be used to treat Athlete’s Foot, Jock Itch, and Intertrigo</li><li>Apply Dermatin liquid anti-fungal medication thinly to the affected area 2 to 3 times per day and rub in gently</li><li>For successful treatment, it is important to use Dermatin Anti-Fungal solution reliably and for a sufficient period</li></ul>",8.3
Sanovit,6223005462602, ,26.55
Votrex,6251065012062,"<p><strong>Highlights:</strong></p><ul>
<li>Back pain.</li><li>Sprains, strains, sport injuries, dislocations and fractures.</li><li>Conditions affecting the tendons such as tendonitis.</li><li>Mild pain.</li></ul>",10.25
Tidilor,6251106200175, ,13.6
Diclogesic,6251107014016, ,9.05
Ambolar,6251107072016, ,7.15
Hairgrow,6251107220028,"<p><strong>Highlights:</strong></p><ul><li>Quantity: 50ml</li><li>Comes with 5% minoxidil, 3 months supply</li></ul>",99.0
Tyra,6251107424518,"<p><strong>Highlights:</strong></p><ul>
<li>Tyra 20 mg is a treatment for adult men with erectile dysfunction.</li><li>This is when a man cannot get, or keep a hard, erect penis suitable for sexual activity.</li><li>Tyra has been shown to significantly improve the ability to obtain a hard erect penis suitable for sexual activity.</li><li>Tyra works by helping the blood vessels in your penis to relax, allowing the flow of blood into your penis.</li><li>The result of this is improved erectile function.</li><li>It is important to note that Tyra does not work if there is no sexual stimulation.</li></ul>",72.05
Apisal,6251150000000,"<p><strong>Highlights:</strong></p><ul>
<li>Loosens and thins mucous secretions to aid aspiration and removal from nose and sinuses allowing for easier breathing.</li><li>Physiological isotonic saline solution.</li><li>Buffered formula and alcohol-free, thus will not sting or burn delicate nasal membranes.</li></ul>",21.9
Otocol,6251151000140, ,7.6
Decozal,6251151000270, ,5.6
Dewax,6251151000331, ,4.7
Decozal,6251151000850, ,7.55
Cobal,6251154040013,"<p><strong>Highlights:</strong></p><ul>
<li>Cobal 500 mcg tablets Mecobalamin: Product of Eisai, Japan</li><li>Contain Mecobalamin (Vitamin B12)  500 mcg in each tablet</li><li>Convenience and Effective: Orally administer 1 tablet 3 times a day</li><li>Effective by Supportive for Adult Peripheral nerve health.</li><li>Safe Packing  : 3  strips x 10 tablets in Foils in Box with Safe and Seal Pack.</li></ul>",20.75
Fenadex,6251154050012, ,16.25
Fenadex,6251154211017, ,15.15
Moven,6251159025220, ,35.9
Allerfin,6251159026067, ,2.55
Neo Healar,6251159028504,,58.85
Takepron,6251159028627, ,22.95
Takepron,6251159028634, ,45.95
Panda,6251599000757, ,4.65
Deflat,6251600000332, ,10.25
Deflat,6251600000349, ,10.25
Azera,6251653750000, ,6.35
Kotex,6281002431496,"<h3><strong>Highlights:</strong></h3><ul>
<li><strong>Daily liner that allows airflow and absorbs light menstrual flow or vaginal secretions.</strong></li><li><strong>Made of soft cotton essence, it is unscented and provides extra protection all day long.</strong></li><li><strong>Individually folded and packaged to give you a practical and clean user experience.</strong></li></ul>",31.0
Vaseline,6281006408647,"<p><strong>Highlights:</strong></p><ul><li>Made with petroleum jelly, purity is guaranteed with our triple-purified formula to help heal dry skin.</li><li>Dermatologist tested, skin care jelly reduces the appearance of fine, dry lines. Helps protect minor cuts and scrapes and protects your skin from windburn and chapping.</li><li>Gentle on your skin, hypoallergenic and non-comedogenic, clinically proven to help heal damaged, dry skin.</li><li>Keeps your skin healthy and glowing all day, provides dry skin relief and protects minor cuts.</li><li>Can be perfectly used as a moisturiser, body lotion or hand cream for sensitive skin as well as all skin types.</li><li>Vaseline Moisturizing Petroleum Jelly Original is suitable for sensitive skin and dryness associated with eczema.</li></ul>",5.0
Vaseline,6281006408661,"<p><strong>Highlights:</strong></p><ul>
<li>Made with petroleum jelly, purity is guaranteed with our triple-purified formula to help heal dry and damaged skin.</li><li>Vaseline Moisturizing Aloe Fresh Petroleum Jelly soothes sun-exposed skin and helps to improve dry and damaged skin</li><li>Our Moisturizing Jelly is made with the signature Vaseline Petroleum Jelly to lock in moisture and protect skin from dryness</li></ul>",14.23
Vaseline,6281006408685,"<p><strong>Highlights:</strong></p><ul>
<li>Made with trple purified 100% pure Jelly</li><li>Reduces the appearance of fine, dry lines. Helps protect minor cuts and scrapes and protects your skin from windburn and chapping</li><li>Gentle on your skin, hypoallergenic and non-comedogenic</li><li>Keeps your skin healthy and glowing all day</li><li>Gives you confidence</li></ul>",9.79
Vaseline,6281006408708,<p><strong>Highlights:</strong></p><ul><li>Vaseline Blueseal Pure Petroleum Jelly Original</li><li>100Ml</li><li>Triple Purification And Purity Guaranteed</li></ul>,12.95
Vaseline,6281006408722,"<p><strong>Highlights:</strong></p><ul><li><strong>Made with petroleum jelly, purity is guaranteed with our triple-purified formula to help heal dry and damaged skin.</strong></li><li><strong>Vaseline Moisturizing Aloe Fresh Petroleum Jelly soothes sun-exposed skin and helps to improve dry and damaged skin</strong></li><li><strong>Our Moisturizing Jelly is made with the signature Vaseline Petroleum Jelly to lock in moisture and protect skin from dryness</strong></li></ul>",29.1
Vaseline,6281006408746,"<p><strong>Highlights:</strong></p><ul>
<li>Made with petroleum jelly, purity is guaranteed with our triple-purified formula to help heal dry, damaged skin, or dull skin.</li><li>Our Moisturizing Jelly is made with the signature Vaseline Petroleum Jelly to lock in moisture and protect skin from dryness</li><li>Vaseline Petroleum Jelly formula is dermatologically tested, hypoallergenic, and non-comedogenic, so it is suitable for sensitive, cracked skin and won't clog your pores.</li><li>Enriched with cocoa butter, Vaseline Jelly nourishes your skin keeping it healthy and randiance all day.</li><li>Vaseline moisturizer keeps your dry skin healthy-looking and naturally glowing while leaving a light cocoa fragrance</li><li>Enjoy soft and healthy-looking skin with Petroleum Jelly enriched skin care product, clinically proven to help heal dry or damaged skin.</li></ul>",16.91
Vaseline,6281006408760,<p><strong>Highlights:</strong></p><ul><li>Skin friendly</li><li>Keep your skin soft</li><li>Helps treat and prevent diaper rash</li><li>Keeps your skin healthy and radiant all day long</li></ul>,22.95
Vaseline,6281006408784,"<p><strong>Highlights:</strong></p><ul><li>Made with petroleum jelly, purity is d with our triple-purified formula to help heal dry and damaged skin by locking in moisture</li><li>A trusted skin care product that adds a soothing and protective barrier to help relieve baby's discomfort from diaper rash.</li><li>Vaseline Petroleum Jelly Baby is gentle skin care that's hypoallergenic, dermatologist tested and gentle enough to treat dry skin on baby’s face and body.</li></ul>",16.91
Vaseline,6281006408821,"<p><strong>Highlights:</strong></p><ul><li>Made with petroleum jelly, purity is guaranteed with our triple-purified formula to help heal dry, damaged skin, or dull skin.</li><li>Our Moisturizing Jelly is made with the signature Vaseline Petroleum Jelly to lock in moisture and protect skin from dryness</li><li>Vaseline Petroleum Jelly formula is dermatologically tested, hypoallergenic, and non-comedogenic, so it is suitable for sensitive, cracked skin and won't clog your pores.</li></ul>",48.3
Vaseline,6281006408845,"<p><strong>Highlights:</strong></p><ul>
<li>Vaseline Jelly is made with 100% pure jelly that will moisturize your baby's skin and heal the chafed skin caused by diaper rash.</li><li>Creates a protective layer to prevent wetting and friction between diapers and your child's skin which keeps their skin smooth and protected.</li><li>Relieves the symptoms of diaper rash to soothe your baby's dry skin, prevent it from irritation and restore its smoothness.</li><li>With a gentle formula on the skin with a light powder fragrance for children that doesn't cause allergies to your baby's skin.</li></ul>",27.75
Vaseline,6281006408869,"<p><strong>Highlights:</strong></p><ul><li>Made with petroleum jelly, purity is d with our triple-purified formula to help heal dry skin.</li><li>Dermatologist tested, skin care jelly reduces the appearance of fine, dry lines. Helps protect minor cuts and scrapes and protects your skin from windburn and chapping.</li><li>Gentle on your skin, hypoallergenic and non-comedogenic, clinically proven to help heal damaged, dry skin.</li></ul>",39.91
Vaseline,6281006450158,"<p><strong>Highlights:</strong></p><ul><li>Keeps your hair handsome and looking neat all day. It takes only 20 seconds a day to massage your hair with Vaseline Brand Hair Tonic. With dry scalp checked, your hair looks naturally healthy, stays well-groomed all day.Washes away with combing and shampooing</li><li>Your Beauty Is Our Duty</li><li>Made by one of the finest companies in the world</li><li>The more you look, the more you will love it</li><li>Gives you confidence</li></ul>",18.0
Vaseline,6281006450172,"<p><strong>Highlights:</strong></p><li>Keeps your hair handsome and looking neat all day. It takes only 20 
seconds a day to massage your hair with Vaseline Brand Hair Tonic. With 
dry scalp checked, your hair looks naturally healthy, stays well-groomed
 all day.Washes away with combing and shampooing</li><li>Your Beauty Is Our Duty</li><li>Made by one of the finest companies in the world</li><li>The more you look, the more you will love it</li>",9.5
Vaseline,6281006450196,"<p><strong>Highlights:</strong></p><ul>
<li>Keeps your hair handsome and looking neat all day. It takes only 20 seconds a day to massage your hair with vaseline brand hair tonic. With dry scalp checked, your hair looks naturally healthy</li><li>Your beauty is our duty</li><li>Gives you confidence</li></ul>",10.97
Vaseline,6281006450219,"<p><strong>Highlights:</strong></p><ul>
<li>A fortifying conditioner for hair and scalp.</li><li>It keeps your hair looking beautiful and sleek all day long.</li><li>Treat dry scalp and excess dandruff.</li><li>Maintaining the elegance and handsome appearance of hair.</li><li>Makes your hair look naturally healthy and stay structured all day long.</li><li>Fights dry hair, dry scalp and dandruff.</li><li>It penetrates the openings of the scalp.</li><li>It replaces natural oils.</li><li>Wash with combing and shampoo.</li></ul>",14.59
Vaseline,62810064511865,"<p><strong>Highlights:</strong></p><ul><li>Keeps your hair handsome and looking neat all day. It takes only
 20 seconds a day to massage your hair with Vaseline Brand Hair Tonic. 
With dry scalp checked, your hair looks naturally healthy, stays 
well-groomed all day.Washes away with combing and shampooing</li><li>Your Beauty Is Our Duty</li><li>Made by one of the finest companies in the world</li><li>The more you look, the more you will love it</li><li>Gives you confidence</li></ul>",19.95
Tresemme,6281006452282,"<p><strong>Highlights:</strong></p><ul>
<li>Tresemme keratin smooth heat protect spray</li><li>Want smooth and easy to style hair? tresemmé keratin smooth heat protection shine spray helps protect hair. Heat defence spray is your new bff</li><li>Heat styling is a great way to transform frizzy hair into smooth locks. But if you don’t protect your hair, you could end up with dry, damaged hair that‘s frizzier than ever</li><li>Heat protect spray helps shield hair from the damaging effects of heat styling and seals in shine</li><li>After shampooing and conditioning, lock in your style with tresemmé keratin smooth heat protect spray, which helps shield hair from heat up to 45</li></ul><ul>
</ul>",30.0
Dove,6281006487772,"<h3><strong>Highlights:</strong></h3><li><strong>Dove Nourishing Secrets Restoring Ritual Body Wash (500 ml)  </strong></li><li><strong> Dove Nourishing Body Wash Restoring Ritual Body Wash combines almond milk and coconut oil with our Dove nutritional formula.  </strong></li><li><strong> The result is a moisturizing Body Wash that helps to leave the skin smoother, shower after shower.  </strong></li><li><strong> Soothing and relaxing, this indulgent Body Wash with a coconut fragrance offers you daily comfort in your own home.&nbsp;</strong></li>",53.0
Dove,6281006487833,"<h3><strong>Highlights:</strong></h3><ul>
<li><strong>Dove Invigorating Ritual Body Wash , Inspired by rituals practiced by women in Central America.&nbsp;</strong></li><li><strong>Dove Invigorating Ritual Body Wash combines avocado oil with calendula extract in an energizing and nutritive blend that recharges skin, making you feel revitalized.</strong></li></ul>",34.5
Dove,6281006487857,<h3><strong>Highlights:</strong></h3><ul>  <li><strong>Revitalized skin  </strong></li>  <li><strong> For an invigorating shower  </strong></li>  <li><strong> Infused with Avocado Oil with Calendula Extract  </strong></li>  <li><strong> Inspired by the beauty rituals of Central American women&nbsp;</strong></li></ul>,53.0
Vaseline,6281006506367,"<p><strong>Highlights:</strong></p><ul>
<li>Vaseline lotions with healing micro-droplets of Vaseline® Jelly replenish lost moisture and absorb deeply to keep dry skin healed.</li><li>Clinically proven to moisturize deeply with the first application</li><li>Leaves your skin deeply moisturized and looking noticeably healthier</li><li>contains droplets of Vaseline jelly which helps restore skin from within, leaving it radiant and soft</li><li>Absorbs fast for a non-greasy feel</li><li>Leaves your skin deeply moisturized and looking noticeably healthier</li></ul>",16.35
Vaseline,6281006506374,"<p><strong>Highlights:</strong></p><ul><li>Vaseline lotions with healing micro-droplets of Vaseline® Jelly replenish lost moisture and absorb deeply to keep dry skin healed.</li><li>Clinically proven to moisturize deeply with the first application</li><li>Leaves your skin deeply moisturized and looking noticeably healthier</li><li>contains droplets of Vaseline jelly which helps restore skin from within, leaving it radiant and soft</li><li>Absorbs fast for a non-greasy feel</li><li>Leaves your skin deeply moisturized and looking noticeably healthier</li></ul>",40.25
Vaseline,6281006506398,"<p><strong>Highlights:</strong></p><ul><li>Vaseline lotions with healing micro-droplets of Vaseline® Jelly replenish lost moisture and absorb deeply to keep dry skin healed.</li><li>Clinically proven to moisturize deeply with the first application</li><li>Leaves your skin deeply moisturized and looking noticeably healthier</li><li>contains droplets of Vaseline jelly which helps restore skin from within, leaving it radiant and soft</li><li>Absorbs fast for a non-greasy feel</li><li>Leaves your skin deeply moisturized and looking noticeably healthier</li></ul>",63.95
Vaseline,6281006506428,"<p><strong>Highlights:</strong></p><ul>
<li>Vaseline intensive care cocoa radiant hand and body lotion moisturizes dry skin and dry hands</li><li>Vaseline's cocoa radiant hand and body lotion is made with 100% pure cocoa and shea butters, known to reveal skin's natural radiance</li><li>Heals dry skin and dry hands for glowing radiance with non-greasy, rich moisturization</li><li>Contains pure cocoa butter to moisturize dry skin and promote a natural glow</li><li>Contains micro droplets of vaseline jelly to lock in moisture</li></ul>",12.82
Vaseline,6281006506435,"<p><strong>Highlights:</strong></p><ul>
<li>Vaseline intensive care cocoa radiant hand and body lotion moisturizes dry skin and dry hands</li><li>Vaseline's cocoa radiant hand and body lotion is made with 100% pure cocoa and shea butters, known to reveal skin's natural radiance</li><li>Heals dry skin and dry hands for glowing radiance with non-greasy, rich moisturization</li><li>Contains pure cocoa butter to moisturize dry skin and promote a natural glow</li><li>Contains micro droplets of vaseline jelly to lock in moisture</li></ul>",32.75
Vaseline,6281006506459,"<p><strong>Highlights:</strong></p><ul>
<li>Vaseline intensive care cocoa radiant hand and body lotion moisturizes dry skin and dry hands</li><li>Vaseline's cocoa radiant hand and body lotion is made with 100% pure cocoa and shea butters, known to reveal skin's natural radiance</li><li>Heals dry skin and dry hands for glowing radiance with non-greasy, rich moisturization</li><li>Contains pure cocoa butter to moisturize dry skin and promote a natural glow</li><li>Contains micro droplets of vaseline jelly to lock in moisture</li></ul>",33.0
Vaseline,6281006506473,"<p><strong>Highlights:</strong></p><ul><li>Vaseline lotions with healing micro-droplets of Vaseline Jelly replenish lost moisture and absorb deeply to keep dry skin healed.</li><li>Contains aloe, known to calm and soothe dry irritated skin</li></ul>",16.35
Vaseline,6281006506497,"<p><strong>Highlights:</strong></p><ul>
<li>Vaseline lotions with healing micro-droplets of Vaseline Jelly replenish lost moisture and absorb deeply to keep dry skin healed.</li><li>Contains aloe, known to calm and soothe dry irritated skin</li></ul>",18.0
Vaseline,6281006506510,"<p><strong>Highlights:</strong></p><ul>
<li>Vaseline Healthy Even Tone proprietary technology offers advanced brightening and moisturization for healthy looking, radiant, and even skin</li><li>Contains natural Vitamin B3 and antioxidants which help skin look brighter by working deep inside the skin inhibiting melanin transfer and helping to reduce uneven tone and dark spots</li><li>contains droplets of Vaseline jelly which helps restore skin from within, leaving it radiant and visibly more even-toned</li><li>Absorbs fast for a non-greasy feel</li></ul>",40.25
Vaseline,6281006506534,"<p><strong>Highlights:</strong></p><ul><li>Provides 10x whitening & anti-aging skin benefit</li><li>Contains droplets of Vaseline jelly which helps restore skin from within, leaving it radiant and visibly more even-toned</li><li>Absorbs fast for a non-greasy feel</li></ul>",75.0
Vaseline,6281006506558,"<p><strong>Highlights:</strong></p><ul><li>Vaseline Healthy Even Tone proprietary technology offers advanced brightening and moisturization for healthy looking, radiant, and even skin</li><li>Contains natural Vitamin B3 and antioxidants which help skin look brighter by working deep inside the skin inhibiting melanin transfer and helping to reduce uneven tone and dark spots</li><li>Contains droplets of Vaseline jelly which helps restore skin from within, leaving it radiant and visibly more even-toned</li><li>Absorbs fast for a non-greasy feel</li><li>Clinically proven to moisturize deeply to soothe dry skin with the first application.</li></ul>",44.0
Vaseline,6281006506572,"<p><strong>Highlights:</strong></p><ul>
<li>Vaseline Healthy Even Tone proprietary technology offers advanced brightening and moisturization for healthy looking, radiant, and even skin</li><li>Contains natural Vitamin B3 and antioxidants which help skin look brighter by working deep inside the skin inhibiting melanin transfer and helping to reduce uneven tone and dark spots</li><li>contains droplets of Vaseline jelly which helps restore skin from within, leaving it radiant and visibly more even-toned</li><li>Absorbs fast for a non-greasy feel</li></ul>",26.45
Vaseline,6281006506596,<p><strong>Highlights:</strong></p><table><tbody></tbody></table><ul><li>Provides both instant and long-term results</li><li>Absorbs fast for a non-greasy feel</li><li>Nourishes dry skin leaving it touchably soft and smooth</li></ul>,25.0
Vaseline,6281006506619,"<p><strong>Highlights:</strong></p><ul>
<li>Vaseline UV UV Essential Uniform Skin Lightening Body Lotion features proprietary advanced technology to brighten and hydrate skin for a healthier, more radiant and even toned complexion.</li><li>Contains Vitamin B3 and natural antioxidants that help skin look brighter through action deep within the skin preventing melanin transfer and help reduce uneven color and dark spots.</li><li>Helps treat and prevent diaper rash contains drops of petrolatum gel that helps restore healthy skin from the inside, making it visibly radiant and more tone.</li></ul>",22.51
Vaseline,6281006539730,"<p><strong>Highlights:</strong></p><ul><li>Vaseline UV UV Essential Uniform Skin Lightening Body Lotion features proprietary advanced technology to brighten and hydrate skin for a healthier, more radiant and even toned complexion.</li><li>Contains Vitamin B3 and natural antioxidants that help skin look brighter through action deep within the skin preventing melanin transfer and help reduce uneven color and dark spots.</li><li>Helps treat and prevent diaper rash contains drops of petrolatum gel that helps restore healthy skin from the inside, making it visibly radiant and more tone.</li></ul>",64.0
Vaseline,6281006539778,"<p><strong>Highlights:</strong></p><ul><li>Made with petroleum jelly, purity is guaranteed with our triple-purified formula to help heal dry and damaged skin.</li><li>Vaseline Moisturizing Aloe Fresh Petroleum Jelly soothes sun-exposed skin and helps to improve dry and damaged skin</li><li>Our Moisturizing Jelly is made with the signature Vaseline Petroleum Jelly to lock in moisture and protect skin from dryness</li><li>Vaseline Petroleum Jelly formula is dermatologically tested, hypoallergenic, and non-comedogenic, so it is suitable for sensitive, cracked skin and won't clog your pores</li><li>Enriched with Aloe Vera, Vaseline Jelly provides relief to irritated and dry skin with the skin-restorative and skin-calming ingredients of our after-sun moisturizer</li><li>Enjoy soft and healthy-looking skin with Petroleum Jelly enriched skin care product, clinically proven to help heal dry or damaged skin</li></ul>",42.0
Vaseline,6281006551107,"<p><strong>Highlights:</strong></p><ul>
<li>This super-rich formula deeply moisturizes and softens your hands while its indulgent creamy fragrance comforts your senses.&nbsp;</li><li>No more dry hands. Skin feels restored and extra soft.</li></ul>",8.75
Vaseline,6281006551138,"<p><strong>Highlights:</strong></p><ul>
<li>Vaseline Hand Cream helps moisturize your hands and protect them from dryness.</li><li>Enriched with cocoa that rejuvenates the skin and gives it a healthy and radiant look.</li><li>Its ultra-hydrating, non-greasy formula contains Vaseline Jelly particles that lock in moisture.</li><li>Thanks to its moisturizing formula, it relieves signs of dryness immediately from the first use.</li></ul>",14.5
Vaseline,6281006551152,"<p><strong>Highlights:</strong></p><ul>
<li>It restores the vitality of the skin and protects it from damage resulting from harmful environmental influences</li><li>It gives you fresh, even skin tone under the harsh rays of the sun.</li><li>Moisturizing the skin</li><li>Suitable for all skin types</li></ul>",8.6
Vaseline,6281006573895,"<p><strong>Highlights:</strong></p><ul>
<li>Vaseline Ice Cool Hydration Body Lotion instantly hydrates your skin and cools it down by up to -5°C.</li><li>Infused with Vaseline Jelly and Hyaluronic acid formula, this body Lotion hydrates and cools down your skin</li><li>Contains vitamin E and vitamin C for nourished, fresh and radiant looking skin</li><li>This body lotion is crafted for hot and humid climates, it soothes the skin from heat and dryness</li><li>Lightweight, non-sticky and fast-absorbing body lotion that is perfect for summer</li></ul>",26.0
Vaseline,6281006573901,"<p><strong>Highlights:</strong></p><ul>
<li>Vaseline Ice Cool Hydration Body Lotion instantly hydrates your skin and cools it down by up to -5°C.</li><li>Infused with Vaseline Jelly and Hyaluronic acid formula, this body Lotion hydrates and cools down your skin</li><li>Contains vitamin E and vitamin C for nourished, fresh and radiant looking skin</li></ul>",20.94
Vaseline,6281006593534,"<p><strong>Highlights:</strong></p><ul><li>Heals and refreshes dry skin without feeling greasy.</li><li>Instantly absorbs 5 layers deep for healthy soft skin.</li><li>Non-sticky Lotion for hands & body.</li><li>Featherlight formula with a nongreasy feel</li><li>100% Aloe vera Extracts.</li><li>Moisturize to restore dry skin in hands & body.</li><li>Keeps your skin soft, smooth & refreshed in summer.</li><li>Heals and soothes dry skin, With micro-droplets of Vaseline jelly</li><li>Aloe Soothe Non-greasy body lotion.""</li></ul>",50.0
Vaseline,6281006606081,"<p><strong>Highlights:</strong></p><ul>
<li>Helps Transform dull, dry skin to smooth, even-toned and soft skin with this ultra-hydrating Vaseline Body Lotion</li><li>Boosted with GlutaGlow technology, 10X more powerful than Vitamin C*, to give your skin a healthy glow</li><li>Hyaluronic acid helps to achieve luminous skin</li><li>For smooth, moisturised, bright and even-toned skin, use Vaseline Even Tone Gluta-hya body lotion daily</li><li>10X Active Niacinamide helps to boost your skin's natural radiance, for a beautiful glow. Compared to VaselineSPF24PA++Lotion</li><li>Vaseline's trusted formula with petroleum jelly helps to lock in moisture deep within the epidermis to give you that glowing, moisturised look</li></ul>",33.35
Vaseline,6281006606104,"<p><strong>Highlights:</strong></p><ul><li>Powered by GlutaGlow Technology, which is 10 times more powerful than Vitamin C+.</li><li>Vaseline also helps reduce the causes of dull skin</li><li>Hyaluron is known to boost skin moisture for dewy skin</li><li>10X Pro-Retinol* is known to help exfoliate dead skin cells to give even-toned skin.</li><li>Double UV filters for 8x sun protection</li></ul>",19.0
Sofy,6281008258219,<h3><strong>Highlights:</strong></h3><ul><li><strong>For daily use and a feeling of freshness throughout the day</strong></li><li><strong>Gentle on the skin.</strong></li><li><strong>Wider width to give full coverage.</strong></li><li><strong>Fixed and does not move with wider adhesive.</strong></li><li><strong>Scented.</strong></li></ul>,31.0
Sofy,6281008258226,"<h3><strong>Highlights:</strong></h3><ul>
<li><strong>For daily use and a feeling of freshness throughout the day</strong></li><li><strong>Gentle on the skin.</strong></li><li><strong>Wider width to give full coverage.</strong></li><li><strong>Fixed and does not move with wider adhesive.</strong></li><li><strong>Unscented.</strong></li></ul>",31.0
Pyralvex,6281080001109, ,12.6
Xylomet,6281080002076, ,9.0
Rialocaine,6281080002250, ,7.35
Naphcon,00300650287036,,17.25
Diprosalic,00366582500230, ,15.2
Diprosone,00366582500254, ,17.85
Gentaplex,00610644196016,"<p><strong>Highlights:</strong></p><ul><li>Gentaplex Capsules 36 Pcs is considered to be an 
effective oral sex stimulant.&nbsp;</li><li>It increases sexual behaviour and 
vitality.</li><li>It consists of two natural active components, lyophilised fish 
roe and ginkgo biloba leaf extract.&nbsp;</li><li>It is a special recipe.The only 
non-hormonal medication that facilitates and thus increases the erection
 of the penile libido.</li></ul>",189.0
Essential,00766961306512,"<p><strong>Highlights:</strong></p><ul><li>Essential Vitamin D3 Is Dietary Supplement Capsules That Contain Vitamin D3.</li><li>Vitamin D and its other forms are extremely important for our bones, teeth, and Immunity as the Vitamin is responsible for regulating the metabolism of calcium in our bodies.</li><li>Cholecalciferol is vitamin D3. Vitamin D helps your body absorb calcium.</li><li>Cholecalciferol is used as a dietary supplement in people who do not get enough vitamin D in their diets to maintain adequate health. Cholecalciferol may also be used for many purposes in terms of medication.</li></ul>",38.45
Marvelon,00840164521337, ,14.6
Tresemme,022400623924,,44.95
Traditional Medicinals,032917000149,<p><strong>Highlights:</strong></p><ul><li>Women\'s Wellness</li><li>Promotes Health Lactation</li><li>Herbal Supplement</li><li>USDA Organic</li><li>Certified Organic by CCOF</li><li>Non GMO Project Verified</li><li>Kosher</li><li>Certified B Corporation</li></ul>,27.37
Traditional Medicinals,032917000323,,23.71
Traditional Medicinals,032917000545,<p><strong>Highlights:</strong></p><ul><li>Daily Herbal</li><li>Herbal Supplement</li><li>USDA Organic</li><li>Certified Organic by CCOF</li><li>All Ingredients Certified Organic</li><li>Non GMO Project verified</li><li>Kosher</li><li>Certified B Corporation</li></ul>,23.71
Traditional Medicinals,032917001900,,23.8
Arm&Hammer,033200191230,<p><strong>Highlights:</strong></p><ul><li>Reduces Underarm Sweat Due to Stress</li><li>The Standard of Purity</li></ul>,20.45
Natures Way,033674115343,"<h3><strong>Highlights:</strong></h3><ul><li><strong>Take with Multivitamin</strong></li><li><strong>With Orchard Fruits&trade; & Garden Veggies&trade; Power Blend (50 mg Per Serving).</strong></li><li><strong>Beauty Support</strong></li><li><strong>With 100 mg of Collagen & 2,500 mcg of Biotin Per Serving</strong></li><li><strong>Multivitamin Supplement</strong></li><li><strong>Advanced Beauty Formula for Hair, Skin & Nails</strong></li><li><strong>Made with Pectin, Not Gelatin</strong></li><li><strong>Delicious Strawberry Flavor</strong></li></ul>",69.0
Natures Way,033674128008,"<p><strong>Highlights:</strong></p><ul><li>Since 1969</li><li>Traditional Lactation Support</li><li>Certified Authentic TRU-ID™</li><li>Non GMO Project Verified</li><li>1,220 mg Per Serving</li><li>Dietary Supplement</li><li>Vegan</li><li>Quality Global Sourcing</li></ul>",38.18
Natures Way,033674157886,"<h3><strong>Highlights:</strong></h3><ul><li><strong>Orchard Fruits&trade; & Garden Veggies&trade; Powder Blend (100 mg Per 2 Gummies)</strong></li><li><strong>Multivitamin Supplement</strong></li><li><strong>Full B-Vitamin Complex</strong></li><li><strong>15 Vitamins/Minerals with Inositol</strong></li><li><strong>Made with Pectin, not Gelatin</strong></li><li><strong>Delicious Cherry, Orange, & Grape Flavors</strong></li><li><strong>Vegetarian</strong></li></ul>",69.0
Differen,03499320003551, ,18.75
Tylenol,03574661226446, ,10.15
Tylenol,03574661226453, ,11.4
Concor,04027269913465, ,19.55
Reparil,04030041001885, ,18.4
Neurobione,04054839480546, ,23.3
Stridex,041388097015,,35.22
Lansinoh,044677100205,,75.0
Uncle Lees Tea,049606306031,,21.66
Gaviscon,05000158066984, ,12.65
Strepsils,05000158102903,"<p><strong>Highlights:</strong></p><p><strong>Strepsils Lozenges, your First Aid for sore throat.</strong></p><ul>
<li>Powerful sore throat relief that lasts</li><li>Sore throats can be painful, irritating, and in need of fast relief. Nothing works better to relieve</li><li>sore throat pain than Strepsils lozenges. Strepsils lozenges contain dual anti-bacterial action that provides instant and long lasting sore throat relief.</li></ul>",44.0
Strepsils,05000158106796,"<p><strong>Highlights:</strong></p><ul><li>Strepsils Lozenges, your First Aid for sore throat.</li><li>Powerful sore throat relief that lasts</li><li>Sore throats can be painful, irritating, and in need of fast relief. Nothing works better to relieve</li><li>sore throat pain than Strepsils lozenges. Strepsils lozenges contain dual anti-bacterial action that provides instant and long lasting sore throat relief.</li></ul>",44.0
Strepsils,05000158106802,"<p><strong>Highlights:</strong></p><ul>
<li>Strepsils Lozenges, your First Aid for sore throat.</li><li>Powerful sore throat relief that lasts</li><li>Sore throats can be painful, irritating, and in need of fast relief. Nothing works better to relieve</li><li>sore throat pain than Strepsils lozenges. Strepsils lozenges contain dual anti-bacterial action that provides instant and long lasting sore throat relief.</li></ul>",50.0
Strepsils,05000158106925,"<p><strong>Highlights:</strong></p><ul><li>Powerful sore throat relief that lasts</li><li>Sore throats can be painful, irritating, and in need of fast relief. Nothing works better to relieve sore throat pain than Strepsils lozenges. Strepsils lozenges contain dual anti-bacterial action that provides instant and long lasting sore throat relief.</li></ul>",30.5
Strepsils,05000167019360,"<p><strong>Highlights:</strong></p><ul><li>Strepsils Lozenges, your First Aid for sore throat.</li><li>Powerful sore throat relief that lasts</li><li>Sore throats can be painful, irritating, and in need of fast relief. Nothing works better to relieve sore throat pain than Strepsils lozenges. Strepsils lozenges contain dual anti-bacterial action that provides instant and long lasting sore throat relief.</li></ul>",38.0
Strepsils,05000167019391,"<p><strong>Highlights:<br>
</strong></p><ul><p style=""font-weight: bold;""></p><li>Powerful sore throat relief that lasts</li><li>Sore throats can be painful, irritating, and in need of fast relief. Nothing works better to relieve sore throat pain than Strepsils lozenges. Strepsils lozenges contain dual anti-bacterial action that provides instant and long lasting sore throat relief.</li></ul>",38.0
Strepsils,05000167023978,"<p><strong>Highlights:</strong></p><ul><li>RELIEF FOR SORE THROATS: Get soothing effective relief for sore throats with Strepsils Lemon Sugar free Lozenges</li><li>DUAL ANTI-BACTERIAL ACTION: Comes with a unique combination of two anti-bacterial agents to provide fast relief from the discomfort of mouth & throat infections</li><li>SUGAR FREE: Enjoy your favourite Strepsils in sugar free lemon flavour</li><li>ALSO TRY: Strepsils Warm Ginger, Strepsils Intensive</li><li>COMMONLY SEARCHED TOPICS: strepsils lemon sugar free, strepsils lemon, strepsils, strepsils sugar free lozenges, strepsils sugar free</li></ul>",30.5
Crestor,05000456006385, ,77.25
Atacand,05000456007450, ,67.35
Daktarin,05413868100051, ,15.85
Skinoren,05702191028102,"<h3><strong>Highlights:</strong></h3><p><strong>What Azelaic acid is used for:</strong></p><ul><li><strong>Azelaic acid is a skin cream used to treat common acne (acne vulgaris).</strong></li><li><strong>It helps exfoliate the outer layer of the skin,&nbsp;</strong></li><li><strong>Preventing the closure of sebaceous glands and pores.</strong></li><li><strong> It stops the appearance of blackheads and the skin gets rid of its oily secretions.&nbsp;</strong></li><li><strong>It also helps kill the bacteria that mainly cause acne, and the results of use begin to appear after 15 days</strong></li></ul>",25.8
Biotinne,05903719673372,"<p><strong>Highlights:</strong></p><p>Biotin Strengthening and restoring vegan shampoo for all hair types with garlic and seed oil Biotin advanced care for dry and frizzy hair with an effective formula with seed oil that quickly deals with dry hair, moisturizes and restores life to tangled and weak hair.</p><ul>
<li>Enriched with garlic extract and hemp seed oil, it improves scalp condition, soothes irritation and prevents microbial growth.</li><li>It quickly deals with dry, tangled and weak hair, moisturizes it, restores its vitality, and preserves the hair-forming keratin.</li><li>It contains antioxidants and antifungals that help fight fungus that may cause itching and dandruff, thus hair loss.</li></ul>",74.0
Mucogel,06221032222039, ,7.15
Neurovit,06221076010357, ,10.0
Dermatin,06221151002703, ,7.6
Mycoheal,06251107136015, ,12.25
Apisal,06251151000539, ,5.7
Neo Healar,06251159028450, ,58.75
Waxsol,06281080002649, ,6.45
Azimac,06281080010552, ,32.3
Rumafen,06281080011856, ,11.75
Fevadol,06281086000847, ,8.9
Fusiderm,06281086001776, ,11.65
Peptazol,06281086001973,,19.5
Neorin,06281086002513, ,25.9
Sapofen,06281086005507,"<h3><strong>Highlights:</strong></h3><ul><li><strong>Ibuprofen is used for the symptomatic treatment of mild to moderate pain&nbsp;</strong></li><li><strong>(headache, toothache, muscle ache, backache, and menstrual cramps),</strong></li><li><strong> fever, and pain and inflammation in arthritic diseases.</strong></li></ul>",7.2
Sapofen,06281086010259, ,11.0
Sapofen,06281086011065,"<h3><strong>Highlights:</strong></h3><ul><li><strong>Ibuprofen is used for the symptomatic treatment of mild to moderate pain</strong></li><li><strong> (headache, toothache, muscle ache, backache, and menstrual cramps),</strong></li><li><strong> fever, and pain and inflammation in arthritic diseases.</strong></li></ul>",17.4
Peptazol,06281086011974,"<h3><strong>Highlights:</strong></h3><ul>
<li><strong>Peptazol 15mg is an effective treatment for cases of heartburn and acid reflux.</strong></li><li><strong>Peptazol is a medication that belongs to a class of medicines called “proton pump inhibitors”.</strong></li></ul>",19.5
Levitra,06285074000154, ,93.95
Aspirin,06285074000291,"<p><strong>Highlights:</strong></p><p>Analgesic and antipyretic agent with vitamin C. It is prescribed to treat minor to moderate headache or fever pain, including cold-related disorder.</p>",8.15
Canesten,06285074000314, ,16.15
Bepanthen,06285074000840, ,12.35
Redoxon,06285074004688, ,10.0
Befolvit,06285085002284, ,4.2
Avalon,06285095000096, ,32.0
Avalon,06285095000119, ,33.65
Avalon,06285095000195,,39.0
Zovirax,06285096000194, ,25.35
Panadol,06285096002853,<p><strong>Highlights:</strong></p><ul><li>Assist with blocked and runny nose</li><li>Relieves headache and body ache</li><li>Relieves sinus pain and congestion</li><li>Assist with itchy and watery eyes</li></ul>,12.3
Panadol,06285096002938,<p><strong>Highlights:</strong></p><p>What is Paracetamol/Phenylephrine hydrochloride/Vitamin C used for:</p><p>This medication is used for the relief of cold and flu signs and symptoms and is used specifically for the following indications:</p><ul><li>Body aches</li><li>Blocked nose</li><li>Sore throat</li><li>Fever</li></ul>,165.6
Panadol,06285097001367,"<h3><strong>Highlights:</strong></h3><ul><li><strong>Panadol Extend is a sustained release formulation that can provide long-lasting relief from joint pain such as that associated with osteoarthritis.</strong></li><li><strong>Panadol Extend can be a convenient choice, containing a higher dose of paracetamol than regular Panadol tablets. Panadol Extend may provide up to 8 hours relief from pain.</strong></li><li><strong>Panadol Extend is a unique bi-layer tablet incorporating an immediate-release and a sustained release dose of paracetamol.</strong></li><li><strong>Paracetamol is released in 2 stages, with the first stage being released quickly, for rapid onset of action, and the second stage being released slowly over the day or night, to provide prolonged pain relief.</strong></li></ul>",132.2
Betnovate,06285097001855, ,10.1
Fenam,06285101000027, ,9.95
Daflon,06285108000129, ,29.0
Hi Quine,06285128000482, ,29.25
Levozal,06285128002455, ,28.5
Artiz,06285147000074,"<p><strong>Highlights:</strong></p><ul><li>Cetirizine belongs to a group of drugs called antihistamines.</li><li>These medicines help to relieve the symptoms of some allergies.</li><li>This medicine is used to relieve:</li><li>symptoms of hayfever and other allergies such as sneezing, runny nose and burning, itchy eyes</li><li>symptoms of skin allergies such as rash, itching or urticaria (hives).</li></ul>",9.25
Artiz,06285147000234,"<p><strong>Highlights:</strong></p><ul><li>Relieves from symptoms of high fever.<strong></strong></li><li>Symptoms of runny nose,itcy eyes</li><li>Skin allergies relief.</li></ul>",27.75
Herox,06285147001507, ,80.05
Zinoximor,06285147005901, ,76.7
Sulfad,06285193000301,,230.0
Tredia,06285193000325, ,364.0
Tredia,06285193000332, ,2912.3
Domassel,06285193000349, ,167.65
Keroz,06285193000356, ,3225.3
Cialis,06285312000694,,229.9
Adol,06291100080038,,4.9
Alfacort,06291100081066,"<p><strong>Highlights:</strong></p><ul><li>Works by calming the inflammation that occurs during certain skin condition or reactions</li><li>Effective for skin infections like eczema, dermatitis, insect bite reactionotitis externaneurodermatoses nappy rash.</li></ul>",5.95
Artelac,06297000720180,<p><strong>Highlights:</strong></p><li> Pack of 30 pieces  </li><li> For moistening eyes and contact lenses </li>,74.0
Nizoral,06297000859002,,30.0
Nutrifactor,0639059641430,<p><strong>Highlights:</strong></p><ul><li>Promotes strong bones and teeth.</li><li>Supports healthy immune system.</li><li>May reduce the risk of Osteoporosis.</li><li>Helps to enhance calcium absorption in the bones.</li></ul>,95.65
Nutrifactor,0639059641706,,130.43
Nutrifactor,0639059642062,<p><strong>Highlights:</strong></p><ul><li>Supports healthy male fertility with key nutrients.</li><li>Supports vitality and virility.</li><li>Helps in improving sperms health.</li><li>Aids in maintaining general wellbeing..</li></ul>,191.3
Nutrifactor,0639059642109,<p><strong>Highlights:</strong></p><ul><li>Provides nutritional support to boost energy levels.</li><li>Helps to minimize fatigue and tiredness.</li><li>Supports in muscle growth and strength.</li><li>Helps to enhance vitality and virility.</li></ul>,191.3
Nutrifactor,0639059642222,"<p><strong>Highlights:</strong></p><ul><li>Supports healthy skin, hair and nails.</li><li>Supports normal immune function.</li><li>Supports brain, joint and eye health.</li><li>Helps to reduce tiredness and fatigue.</li><li>Supports in boosting energy levels by helping in the metabolism of fats, carbohydrates and proteins.</li><li>23 key nutrients help to overcome the nutritional deficiencies and support women’s overall health.</li></ul>",130.43
Nutrifactor,0639059642260,"<p><strong>Highlights:</strong></p><ul><li>13 essential vitamins and minerals to support overall health and wellbeing.</li><li>Supports energy production, healthy growth and development.</li><li>May help in brain development and cognitive function.</li><li>Supports healthy bones and muscle development.</li></ul>",69.57
Nutrifactor,0639059642468,"<p><strong>Highlights:</strong></p><ul><li>With 19 micronutrients, support men’s overall health.</li><li>Supports reproductive health.</li><li>Supports healthy male fertility with key nutrients.</li><li>Supports bone & muscle functions to maintain strong bones & muscles.</li><li>Supports heart health and support energy levels and reduce weakness.</li></ul>",130.43
Nutrifactor,0639059643373,,191.3
Jamieson,064642073921,,85.86
Jamieson,064642073945, ,55.0
Jamieson,064642073976,<p><strong>Highlights:</strong></p><ul><li>Jamieson Vitamin D plays a key role in the maintenance of good health while promoting the development of bones and teeth and helping the body effectively absorb calcium.:</li><li>Helps support a healthy immune system and bone health</li><li>Helps the absorption of calcium and phosphorous</li><li>Helps maintain overall health</li></ul>,43.04
Jamieson,064642077196,"<p><strong>Highlights:</strong></p><ul><li>Helps control weight and boost energy when used in conjunction with reduced calories and increased physical activity</li><li>Contains green tea extract, caffeine to boost energy and apple cider vinegar to ensure that food-derived energy is used and not stored as fat</li><li>Combines green tea pills and apple cider vinegar in easy-to-swallow capsules to help manage weight, boost energy, promote heart health and supply important antioxidants to combat free radicals.</li></ul>",160.87
Jamieson,064642077295,,106.96
Jamieson,064642078483,,81.74
Jamieson,064642079275,,54.65
Jamieson,064642079527,,160.87
B Sync,0654170087370,"<p><strong>Highlights:</strong></p><ul><li>Supports you in your wake-up phase.&nbsp;</li><li>Elevates your mood while reducing negative emotions.&nbsp;</li><li>Improves your concentration, alertness and performance.&nbsp;</li><li>Reduces feelings of fatigue.&nbsp;</li><li>Helps to align your circadian rhythm with your schedule.</li></ul>",119.0
B Sync,0654170087417,"<p><strong>Highlights:</strong></p><ul>
<li>Prolonged-release technology</li><li>Gastro-resistant coating</li><li>SAMe enriched natural formula</li></ul><p><strong>BENEFITS</strong></p><ul>
<li>Increased mood stability and emotional well-being</li><li>Prolonged-release technology allows for reduced daily doses without compromising the mood-boosting effects of SAMe</li><li>The gastro-resistant coating ensures the best absorption of SAMe, maximizing its effectiveness in supporting healthy cognitive function.</li></ul>",159.0
B Sync,0710497531528,"<p><strong>Highlights:</strong></p><ul><li>Dual-release system</li><li>Excellent taste-masking</li></ul><p><strong>Dual-release system enables:</strong></p><ul><li>Immediate energy boost, due to an ultra-rapid release system</li><li>No caffeine crash and prolonged action, due to a sustained-release system</li><li>Up to 4 hours of energy</li><li>Improves concentration and focus</li><li>Supports mental and physical performance</li></ul>",119.0
Whole,111004402,,20.9
Whole,111004403,,20.0
Whole,111004404,,21.75
Whole,111004405,,21.75
Celer,111004416,,14.3
Jamieson,111004421,,94.0
Mebonol,111004425,,55.0
Vitane,111004430,,21.0
Mega,111004431,,165.0
Apisal,111004439,,65.0
Purever,111004444,,97.0
Zori,111004445,,109.0
Natures Truth,111004446, ,130.0
Mr Tumee,111004452, ,34.9
Mr Tumee,111004453, ,49.9
Dicoflor,111004515, ,86.0
New,11110, ,210.0
A Lax,121000044,,38.9
Sebamed,121000237,"<p><strong>Highlights:</strong></p><ul><li>100% soap and alkali-free</li><li>Contains emollients that protect against dryness during cleansing</li><li>A moisturizing complex of wheat germ oil, vitamins, and amino acids </li></ul>",19.0
Bigen,121000297,,35.0
Bigen,121000300,<p><strong>Highlights:</strong></p><li>5 minutes speedy darkening. Easy application with comb; Enrich and moisturize your hair. Variety of natural shades  </li><li> Natural herbal extracts Ideal for touch-ups. Gentle smell; Color: Brownish Black </li>,41.95
Bigen,121000302,<p><strong>Highlights:</strong></p><ul>  <li>Covers gray hair in 5 minutes  </li>  <li> No need to premix the creams  </li>  <li> 6 natural herbal extracts penetrate deeply into every single hair  </li>  <li> Long-lasting and enriching color with taurine  </li>  <li> Cover your gray hair perfectly </li></ul>,40.02
Close up,121000578,"<p><strong>Highlights:</strong></p><ul><li>Closeup Cool Breeze gel toothpaste combines the efficacy of 3 powerful ingredients: purifying gel, antibacterial mouthwash, and microshine crystals to keep you protected and fresh</li><li>Close up toothpaste with active zinc mouthwash prevents tooth cavity and keeps breath fresh for up to 12 hours.</li><li>The unique formula of this gel mint toothpaste features Anti-Bacterial Mouthwash for long lasting fresh breath.</li><li>Close up Cool Breeze toothpaste is infused with micro shine crystals for a sparkling white smile with each brush.</li><li>Close up gel toothpaste prevents buildup of plaque that can lead to gingivitis and bad breath.</li><li>Regular brushing with Closeup toothpaste prevents cavities and tooth decay.</li></ul>",11.5
Colgate,121000625,,36.0
Dettol,121000893,"<p><strong>Highlights:</strong></p><ul><li>80 wipes.</li><li>Skin compatibility tested.</li><li>Easy and convenient to use at home, on the go, and on travel.</li><li>Examined by dermatologists.</li><li>Eliminates odor-causing bacteria.</li><li>Safe for children to use.</li><li>Alcohol-free.</li><li>Anti-Bacterial.</li></ul>",100.99
Dettol,121000909,,33.0
Dettol,121000935,"<p><strong>Highlights:</strong></p><li>100 Percent PROTECTION: Dettol Fresh BodyWash gives 100 Percent better protection from illness - causing germs  </li><li>
 ODOUR PROTECTION: Complete antibacterial bodywash gives you 12 hours of
 complete odour protection with refreshing citrus fragrance  </li><li>
 NO TCC & TRICLOSAN: This bodywash is dermatologically tested with 
no TCC & Triclosan, giving another reason for relaxing whenever 
needed</li>",27.0
Garnier,121001580,"<h3><strong>Highlights:</strong></h3><ul><li><strong>Ultra-glossy effect.</strong></li><li><strong>Long-lasting natural color.</strong></li><li><strong> Up to 100% grey coverage.</strong></li><li><strong>Enriched with an olive oil, avocado, and karite.</strong></li></ul>",25.3
Gillette,121001669,,48.0
Gillette,121001720,,130.0
johnsons,121002190,,55.1
johnsons,121002193,,46.35
johnsons,121002203,,39.1
johnsons,121002237,"<p><strong>Highlights:</strong></p><ul><li>Clinically proven to be mild and gentle on skin.</li><li>Dermatologist tested and allergy tested.</li><li>Use to soothe and calm dry, rough areas of skin.</li><li>Adds radiance to the skin and gives it softness like baby skin.</li><li>Leaves the skin soft and perfumed.</li></ul>",37.5
johnsons,121002288, ,13.8
Jergens,121002445, ,24.0
Jergens,121002447, ,24.0
Jergens,121002452, ,30.0
Jergens,121002454, ,24.0
Koleston,121002477,<p><strong>Highlights:</strong></p><ul><li>100 percent grey coverage and colour intensity</li><li>New moisturizing treatment with Argan Oil</li><li>8 weeks of colour long-lastingness</li><li>4 deep moisturizers in the formula</li><li>New formula that fights hair dryness</li></ul>,25.9
Koleston,121002526,,58.52
Koleston,121002546,,44.0
Lady Speed,121002636,,18.0
Lifebuoy,121002765,,29.0
Loreal,121002784,,41.0
Loreal,121002806,,34.0
Louis Widmer,121002815,,78.0
Nair,121003111,,14.0
Nivea,121003187,<p><strong>Highlights:</strong></p><ul><li>MOISTURIZING TECHNOLOGY: thick and rich formula with the skin related Eucerit; Panthenol and Glycerin</li><li>FOR DAILY USE: mild formula ideal to be used all over the face; hands and body; especially on rough spots such as knees; feet; elbows and hands</li><li>RESULT: intensive moisturization; smooth and soft skin; nutrition and protection against rough and dry feel</li><li>PRESERVATIVE-FREE: free from preservatives and suitable for children\'s skin</li><li>DERMATOLOGICALLY APPROVED: creamy moisturizer dermatologically tested and approved for all skin types</li></ul>,32.21
Nivea,121003248,,8.0
FreeStyle,121003407,"<p><strong>Highlights:</strong></p><ul><li>The FreeStyle Optium Blood Glucose Test Strips for self-testing your blood glucose</li><li>Compatible with the FreeStyle Libre system, FreeStyle Optium and FreeStyle Optium Neo blood glucose meters</li><li>Minimised potential interference from over 60 common medications and substances</li><li>An Individual foil-wrapped strips for minimized contamination and influence from external factors</li><li>Presents an easy and simple effective design</li></ul>",110.0
QV,121003811,<h3><strong>Highlights:</strong></h3><ul><li><strong>Non-irritating formula.</strong></li><li><strong>Fragrance and color free.</strong></li><li><strong>Suitable for infants and the elderly.</strong></li><li><strong>Highly concentrated hydration.</strong></li><li><strong>Fast absorption.</strong></li><li><strong>Protects from dry skin.</strong></li></ul>,35.65
QV,121003818,<p><strong>Highlights:</strong></p><ul><li>Softens and protects even dry and sensitive lips.</li><li>Uniquely shaped glide-on applicator is soft on lips.</li><li>Broad spectrum SPF 30+ protection.</li></ul>,30.0
Signal,121004236,,10.35
Sebamed,121004318,,30.0
Sebamed,121004326,,48.0
Jamieson,121004406,,94.0
Titania,121004588,"<h3><strong>Highlights:</strong></h3><li><strong>The clipper is safe and ideal for baby nails</strong></li><li><strong>With small blades and curved edges, you can easily trim your baby’s delicate nails</strong></li><li><strong>Compact and easy to use</strong></li><li><strong>The product is durable and long-lasting</strong></li><li><strong>Offers smooth, comfortable grip to have a control on hand while trimming the delicate nails</strong></li><li><strong>Elegant design and precise dimension is ideal for your baby</strong></li>",13.0
Titania,121004601,<p><strong>Highlights:</strong></p><p>Titania Blackhead Remover is a stainless steel skin care tool that is designed to safely remove the blackhead without damaging the skin.</p>,13.0
Vaseline,121004721,,25.0
Veet,121004751,,15.0
Veet,121004753,,23.7
Veet,121004755,"<p><strong>Highlights:</strong></p><ul><li>Its amazingly effective formula with Moisturizer Complex now contains twice the moisturizers.</li><li>Moisturizing, Smoothening, Soothing</li><li>Skin Type : Sensitive</li></ul>",23.7
Veet,121004763,"<p><strong>Highlights:</strong></p><ul>  <li>A few seconds is all it takes to warm a wax strip between your hands, apply and remove  </li>  <li> Will leave you feeling pampered and ready for anything  </li>  <li> You can always feel silky smooth and feminine  </li>  <li> 20 Ready to Use Wax Strips and Perfect finish wipes  </li>  <li> No preparation time - the wax strips are ready to use </li></ul>",51.0
Veet,121004764,"<p><strong>Highlights:</strong></p><li>MULTI-AREA USAGE: Suitable for legs, arms, underarms, and bikini line and offers up to 28 days of smoothness</li><li> EXFOLIATES & MOISTURISES SKIN: Moisturises the skin with Shea Butter & Acai Berries Scent</li><li>EASY TO USE: Hair removal is non-messy & easy-to-use with a special grip tab. </li>",16.0
Veet,121004766,<p><strong>Highlights:</strong></p><ul><li>Helps prevent sensitivity or irritation.</li><li>Helps you get rid of unwanted body hair.</li><li>Provides smooth and beautiful skin.</li><li>Long-lasting effect for up to 4 weeks.</li><li>Easy and comfortable way to look great.</li></ul>,49.54
Vichy,121004780,,104.34
Vichy,121004811,,82.0
Vichy,121004824,<h3><strong>Highlights:</strong></h3><ul><li><strong>The ideal complement to Aminexil anti-hair loss treatments| this gentle cleansing shampoo reduces hair-loss due to breakage.</strong></li><li><strong>The only shampoo with Aminexil the effective cosmetic molecule that combats hair loss</strong></li><li><strong>Fiber is reinforced +47%* & hair finds back its natural resistance.</strong></li><li><strong>24h long lasting volume with +19% hair thickness.</strong></li><li><strong>Hair 3 times stronger.</strong></li><li><strong>+48% volume.</strong></li><li><strong>No paraben.</strong></li></ul>,119.99
Vichy,121004828,,77.0
Veet,121005288,"<p><strong>Highlights:</strong></p><ul><li>Hair removal just got super simple with Veet!</li><li>The veet wax strips moisturize your skin with soothing blue cornflower fragrance.</li><li>With regular use of Easy Gel Wax Strips, you’ll get fewer, finer and softer hair growing back.</li></ul>",51.0
Dettol,121005793,"<p><strong>Highlights:</strong></p><ul><li>Sanitize, disinfect and deodorize with Dettol Antibacterial All in One Disinfectant Spray in morning dew fragrance</li><li>Anti-bacterial spray that protects your family by killing germs, bacteria, cold and flu viruses</li><li>This disinfectant spray does not contain bleach and controls & prevents mould and mildew and their odours. It is available on Amazon KSA</li><li>Use Dettol Disinfectant Spray to disinfect different objects like school bag, macbook, travel bag, laptop bag, headphones, water bottle and more</li></ul>",35.0
Loreal,121005885,"<p><strong>Highlights:</strong></p><ul><li>1st Measurable results in 7 days. Immediately: Eye contour is hydrated (+36%*) and toned (+26%**). In 7 days: Skin of the eye contour is smoother (+ 36,8%***). Fine lines are less visible (-10.5%***). Skin is more radiant (+20,2%***). In 4 weeks: Hydrates skin for a youthful look, enhanced elasticity reduced signs of aging and improved first wrinkles appearance: Crow’s feet wrinkles are reduced (-37%****).</li><li>Immediately: Eye contour is hydrated (+36%*) and toned (+26%**).</li><li>In 7 days: Skin of the eye contour is smoother (+ 36,8%***).</li><li>Fine lines are less visible (-10.5%***).</li><li>Skin is more radiant (+20,2%***).</li><li>In 4 weeks: Hydrates skin for a youthful look, enhanced elasticity reduced signs of aging and improved first wrinkles appearance: Crow’s feet wrinkles are reduced (-37%****).</li></ul>",70.0
Loreal,121005891,,109.45
Durex,121005959,,46.0
Gillette,121006539,<p><strong>Highlights:</strong></p><li>Soft ultra-grip handle for good control  </li><li> Lubrastrip with aloe vera and vitamin e  </li><li> Easy to hold and ideal for your skin </li>,36.0
Avene,121006693,,86.0
Femfresh,121006914,<h3><strong>Highlights:</strong></h3><li><strong>The Femfresh powder is talc-free</strong></li><li><strong>It does not dehydrate the skin</strong></li><li><strong>The gentle powder is suitable for intimate feminine use</strong></li><li><strong>The powder is tested by dermatologists and gynecologists and proved to be safe</strong></li><li><strong>It is hypoallergenic</strong></li><li><strong>The packaging of the product is sturdy</strong></li><li><strong>It is safe for daily use</strong></li><li><strong>The product has a mild fragrance</strong></li><li><strong>It can be used multiple times in a day</strong></li>,26.45
Himalaya,121007351,"<p><strong>Highlights:</strong></p><ul><li>Neem fights pimples controls excess oil and purifies deeply</li><li>Turmerics antiinflammatory goodness rejuvenates your skin and helps prevent marks</li><li>Removes dirt, excess oil, dark spots and improves skin texture get purified and healthy skin with every wash</li><li>Free from sls/sles, parabens, phthalates , keeps pimple and pimple scars in check</li><li>Removes dirt, excess oil, dark spots and improves skin texture. Get purified and healthy skin with every wash</li></ul>",21.74
Close up,121007431,<p><strong>Highlights:</strong></p><ul><li>Ice Cool Mint flavour.</li><li>Type :Toothpaste</li><li>Ice Cool Mint flavour.</li><li>Type :Toothpaste</li><li>Ice Cool Mint flavour.</li></ul>,26.0
Nivea,121007851,,18.0
Braun,121008030,"<p><strong>Highlights:</strong></p><ul><li>The most widely used and recommended brand by doctors</li><li>Comfortable and Accurate</li><li>With fever indicator via sound: the number of beeps indicates the temperature. Normal (1 beep), elevated (2 beeps) and high (4 beeps)</li><li>Measurement result within just 1 second</li><li>Also suitable for newborns</li><li>Battery door with lock to avoid the risk of choking</li><li>Last measurement result can be called up for comparison with new measurement result</li><li>Hygienic disposable filters</li></ul>",330.0
Zinc,121008106, ,33.0
Clear,121008140, ,31.0
Gillette,121008415,,31.05
Nivea,121008777,"<h3><strong>Highlights:</strong></h3><ul><li><strong>New 5in1 formula: anti-odour, anti-sweat, anti-stains, anti-residues, anti-irritation</strong></li><li><strong>Provides reliable 48hour antiperspirant protection</strong></li><li><strong>White mark protection on black and anti-yellow staining on white</strong></li><li><strong>No ethyl alcohol or colorants</strong></li><li><strong>Skin compatibility dermatologically proven</strong></li></ul>",23.95
Vaseline,121009089,,29.0
Nivea,121009134,,67.85
Durex,121009196,,84.0
Lifebuoy,121009278,,46.0
Gillette,121010065,,80.0
Gillette,121010266,,65.0
Uriage,121010511,,118.0
Avalon,121010606,,157.55
Soskin,121010689,"<h2><strong>Highlights:</strong></h2><p><strong>SOSKIN Whitening Body Lotion lightens, unifies and nourishes the skin.&nbsp;</strong></p><p><strong>Suitable for all skin types, its formula provides a combination of the actives acting synergistically against the disorder of melanin production.&nbsp;</strong></p><p><strong>The Synovea HR combined with the Alpha-Arbutin inhibits melanogenesis in the early stage clarify the complexion and help to fade down and prevent brown spots.&nbsp;</strong></p><p><strong>Also containing Macadamia and Jojoba oils, this treatment is suitable for application on sensitive areas and provides natural hydration in restructuring hydrolipidic film protector.</strong></p>",310.0
Vichy,121011051,,458.85
Vichy,121011052,"<h3><strong>Highlights:</strong></h3><ul><li><strong>Efficacy signs from first use</strong></li><li><strong>Anti-hair loss efficacy perceived by users from 3 weeks* and validated by dermatologists from 6 weeks*</strong></li><li><strong>Anti-hair loss efficacy continues 3 weeks after end of treatments</strong></li><li><strong>Easy-to-apply gel texture</strong></li><li><strong>Non-greasy, non-sticky, non-oily</strong></li><li><strong>Hypoallergenic</strong></li><li><strong>Paraben free</strong></li><li><strong>Colourant and silicone free</strong></li></ul>",399.0
Vichy,121011337,,88.55
Lux,121011410,,28.0
Gillette,121011413,,39.1
Avene,121011497,,70.0
Swedish Nutra,7305161321463, ,90.0
Swedish Nutra,7306845318960, ,90.0
Swedish Nutra,7308956471244, ,90.0
Swedish Nutra,7308956471251, ,90.0
Swedish Nutra,7309871929391, ,90.0
Biofreeze,731124000484, ,85.0
Biofreeze,731124400093,,75.0
Kiss,731509160048,"<p><strong>Highlights:</strong></p><li> Stick with Kiss: 
Our easy application glue-on and press-on nails have such a strong bond,
 they rarely budge ‘till you remove them; Many of our nail kits come 
with glue on and adhesive tab press on options  </li><li>
 DIY Nail Looks that Wow: With French designs, Salon Dip, acrylic nails,
 gel manicures, glue on nails, press on manicures and more, we’ve got 
you covered in the hottest colors, shapes, lengths, finishes, and custom
 art </li>",63.0
Tepe,7317400020334, ,18.0
NOW,733739003768,"<p><strong>Highlights:</strong></p><ul>
<li>Highest Potency</li><li>Structural Support</li><li>Helps Maintain Strong Bones</li><li>Supports Immune System</li><li>Non-GMO</li><li>A Dietary Supplement</li><li>Vitamins</li></ul><ul>
<li>Family Owned Since 1968</li><li>GMP Quality Assured</li></ul>",68.0
NOW,733739016492,"<p><strong>Highlights:</strong></p><ul>
<li>Cardiovascular Support</li><li>1,000 mg Fish Oil Per Softgel</li><li>180 EPA/120 DHA Per Softgel</li><li>Supports Heart Health</li><li>GOED Omega-3 - Proud Member</li><li>A Dietary Supplement</li><li>Non-GMO</li><li>Kosher - Contains Gelatin</li><li>Family Owned Since 1968</li><li>GMP Quality Assured</li><li>Halal</li></ul>",36.0
NOW,733739016508,<h2><strong>Highlights:</strong></h2><ul><li><strong>fish oil may support heart health </strong></li><li><strong>also helps treats certain mental disorders</strong></li><li><strong>combined with diet and exercise fish oil may help with weight loss</strong></li><li><strong>fish oil has strong anti-inflammantory effects </strong></li><li><strong>can help maintain healthy skin </strong></li><li><strong>fish oil supplements may help reduce fat in your liver and symptoms of non-alcoholic fatty liver disease</strong></li><li><strong>higher omega-3 intake can help with strong bones</strong></li></ul>,81.0
NOW,733739018076,<p><strong>Highlights:</strong></p><ul><li>From Whole Clove Garlic</li><li>A Dietary Supplement</li><li>Kosher - Contains Gelatin</li><li>Botanicals/ Herbs</li><li>Family Owned Since 1968</li><li>GMP Quality Assured</li></ul>,89.69
NOW,733739046031,"<h2><strong>Highlights:</strong></h2><ul><li><strong>Ashwagandha (Withania somnifera) is an herb that is extensively used in Ayurveda,&nbsp;The traditional herbal system in India.&nbsp;</strong></li><li><strong>Ashwagandha is used as a general tonic and ""adaptogen"", helping the body adapt to temporary normal stress.&nbsp;</strong></li><li><strong>In addition, preliminary data suggest that ashwagandha supports a healthy immune system.</strong></li></ul>",69.0
NOW,733739147776,"<p><strong>Highlights:</strong></p><ul><li>Pure vegetable glycerin is an outstanding moisturizer and skin cleanser</li><li>Easily soluble in water, making it suitable for use in all of your favorite cosmetic applications</li><li>Pure vegetable glycerin has a long shelf life</li><li>Clear bottle contains uv light protectant</li><li>Does not easily oxidize and naturally derived from non-gmo palm, grapeseed, or coconut oil</li></ul>",30.0
NOW,733739147837,<p><strong>Highlights:</strong></p><p>100% organic argan oil with no chemical additives.</p><p>Contains vitamin E and essential fatty acids that promote skin health.</p><p>Deeply moisturizes the skin and helps prevent dryness.</p><p>Enhances skin smoothness and elasticity while reducing the appearance of wrinkles.</p><p>Protects the skin from environmental damage such as sun and pollution.</p><p>Suitable for daily use on both skin and hair.</p>,60.0
NOW,733739147882,"<p><strong>Highlights:</strong></p><ul>
<li>Skin & Hair/Revitalizing</li><li>Condition: For skin, hair and scalp in need of a conditioning moisturizer</li><li>Solution: Natural Coconut Oil is rich in skin-friendly saturated fats, making it perfect for use on all complexions. This unique oil goes on smooth to leave skin feeling silky and refreshed. It also serves as a natural alternative to chemically formulated commercial moisturizers, oils and scalp conditioners</li><li>Contains no chemical preservatives or artificial colors. No solvents are used during extraction</li></ul>",50.0
NOW,733739147912,,30.0
NOW,733739147943,"<p><strong>Highlights:</strong></p><ul>
<li>Now pure lavender oil soothes the skin and helps you relax and sleep peacefully.</li><li>100% pure, organic, natural lavender oil.</li><li>Perfect for relaxing your body with its refreshing and soothing scent.</li></ul>",50.0
NOW,733739147967,"<p><strong>Highlights:</strong></p><ul>
<li>100% Cinnamon extract oil gives you a feeling of warmth and freshness.</li><li>You can combine it with some other oils such as frankincense oil, hyssop oil, and myrrh oil.</li><li>Essential oils are highly concentrated and therefore must be diluted before use on the skin.</li></ul>",50.0
NOW,733739147981,"<p><strong>Highlights:</strong></p><ul><li>Enhanced with a pleasant, warm scent.</li><li>100% pure.</li><li>It tightens the skin.</li><li>Restores skin freshness.</li><li>Strengthens damaged hair.</li><li>Effectively reduces hair loss.</li><li>An ideal and multi-use oil.</li></ul>",64.0
NOW,733739148049,"<p><strong>Highlights:</strong></p><ul>
<li>Usage in diffusers breathes fresh air into a room to stimulate your mind</li><li>Melts away stress and tension in an instant</li><li>Relaxing and calming with a warm, sweet floral scent to soothe your senses</li></ul>",50.0
NOW,733739148087,"<h3><strong>Highlights:</strong></h3><ul><li><strong>Vitamin E in the almond oil keeps your skin cells healthy, protects your skin from UV radiation damage</strong></li><li><strong>Helps your skin look smooth, soft, and free of fine lines</strong></li><li><strong>The fatty acids help your skin retain moisture and can heal chapped and irritated skin</strong></li><li><strong>The vitamin A can help reduce acne</strong></li><li><strong>For skin in need of clean and natural nourishment, as a moisturizer or for massage Promotes healthy-looking skin Halal,&nbsp;</strong><b style=""background-color: initial;"">100% Pure Moisturizing Oil</b></li><li><strong>Nourishing, Promotes Healthy-Looking Skin</strong></li><li><strong>Expeller-Pressed and Hexane-Free</strong></li></ul>",60.0
Swedish Nutra,7350122360067, ,90.0
Swedish Nutra,7350122361873, ,90.0
Life Extension,737870888062,"<h3><strong>Highlights:</strong></h3><ul>
<li><strong>Supports healthy memory and cognitive function</strong></li><li><strong>Encourages a healthy biological response to daily stress</strong></li><li><strong>Helps maintain already-healthy levels of the stress hormone cortisol</strong></li><li><strong>Promotes overall health and well-being</strong></li></ul>",49.0
21st Century,740985222638,<p><strong>Highlights:</strong></p><ul><li>The Important Trio of Minerals + Vitamin D3 for Bone Health Support</li><li>Mineral Supplement</li><li>Gluten Free</li><li>Guaranteed Quality Laboratory Tested</li></ul>,35.0
21st Century,740985278482,<p><strong>Highlights:</strong></p><ul><li>Urinary Tract Support</li><li>Gluten Free</li><li>Non GMO</li><li>Compare VS. AZO Cranberry</li><li>Cranberry Supplement</li><li>2 Tablets Equal 1 Glass of Cranberry Juice</li><li>Guaranteed Quality - Laboratory Tested</li></ul>,36.0
Optimum Nutrition,748927022995,"<p><strong>Highlights:</strong></p><ul>  <li>What is Serious Mass- Optimum Nutrition Serious Mass is a high calorie 
weight gainer which is also high in protein and when taken over time 
with regular resistance exercise and a balanced diet can help you gain 
mass and muscle  </li>  <li>
 Who Needs Serious Mass- Healthy People with very active metabolism that
 struggle to gain weight 18+ years ; Athletes or anyone who has 
extremely high energy needs that can-not be met only with food  </li>  <li>
 What's in Serious Mass- 1200+ Calories, 50 Grams of high quality 
Protein and over 250 Grams of Carbohydrates per Serving with 25+ 
Vitamins and Minerals, Creatine and Glutamine  </li>  <li> When to Consume- Use post-workout and/or between meals to add calories, carbs and protein to your healthy, balanced diet  </li>  <li>
 How to Use- Prepare using an electric blender. Add fresh or frozen 
fruits, peanut butter, nuts and other calorie dense foods to boost your 
weight g</li></ul>",176.0
Optimum Nutrition,748927023008,"<p><strong>Highlights:</strong></p><ul><li>Optimum Nutrition is one of the leading sport nutrition companies in the world and produces the most iconic and the highest-selling protein powder on the international market.</li><li>ON's strict ingredients selection, quality control, lab testing, and manufacturing processes are all done for one reason: to provide you with the highest quality sports nutrition products available.</li></ul>",176.04
Optimum Nutrition,748927023800,"<p><strong>Highlights:</strong></p><ul>
<li>1,250 CALORIES</li><li>50g Protein Blend</li><li>Over 250g Carbs With No Added Sugar</li><li>Weight Gain & Muscle Growth</li><li>Supports Growth & Recovery</li></ul>",307.0
Optimum Nutrition,748927023824,<p><strong>Highlights:</strong></p><ul><li>Adding Calories Has Never Been This Easy or Tasted So Good</li><li>Low fat mass gainer with over 1250 CALORIES</li><li>50g of PROTEIN per serving to support muscle growth* plus 3 grams of CREATINE MONOHYDRATE to support performance**</li><li>Over 250 grams of CARBOHYDRATES helping support muscle recovery*</li></ul>,307.0
Optimum Nutrition,748927028669,"<p><strong>Highlights:</strong></p><ul>
<li>For Muscle Support & Recovery</li><li>24 g Protein - Helps Build and Maintain Muscle‡</li><li>5.5 g BCAAs** - Supports Endurance and Recovery</li><li>Whey Protein Isolate Primary Source</li><li>Banned Substance Tested</li><li>Artificially Flavored</li><li>100% of the Protein from Whey</li><li>Protein Powder Drink Mix</li><li>Strength Training</li><li>Sports</li><li>Active Lifestyle</li><li>No Artificial Growth Hormones▲</li><li>Authentic Optimum Nutrition Product</li><li>Gluten Free</li></ul>",440.0
Optimum Nutrition,748927064889,"<p><strong>Highlights:</strong></p><ul>
<li>What Does It Have – 100% Protein from Whey; 5.5 grams of naturally occurring BCAAs, in each serving. Gluten-Free</li><li>When To Use – First thing in the morning, before or after exercise, between meals, with a meal, or any time of the day, where you a protein boost to your balanced diet</li><li>Size/Flavors - Pick your size from 2, 5 and 10 pound options and 6 delicious flavours available to choose from</li><li>How To Use - Add 1 scoop in 6-8 fl oz water, milk or beverage of your choice. You can also add it to a smoothie or shake</li><li>Country of Origin: USA</li></ul>",320.0
Optimum Nutrition,748927064926,"<p><strong>Highlights:</strong></p><ul><li>GOLD STANDARD 100% WHEY PROTEIN – 24g blended protein consisting of 
whey protein isolate, whey protein concentrate, and whey peptides to 
support lean muscle mass – they don\'t call it the GOLD STANDARD of 
quality for nothing  </li>  
<li> OVER 5G OF BCAAS – help build lean and strong muscles with naturally occurring BCAAs  </li>  
<li> INSTANTIZED – improves mixability to prevent lumps and clumps  </li>  
<li> BANNED SUBSTANCE TESTED – highest quality control measures so you feel comfortable and safe consuming the product  </li>  
<li>
 ANY-TIME FORMULA – great before or after exercise, between meals, with a
 meal, or any time of day where you need extra protein in your nutrition
  </li>  
<li> Packaging May Vary - New look, with the same trusted quality </li></ul>",583.0
Optimum Nutrition,748927064933,<p><strong>Highlights:</strong></p><ul><li>24 Grams of Protein per Serving to Help Build and Maintain Muscle.</li><li>5.5 Grams of Naturally Occurring BCAAs per Serving to Support Endurance and Recovery.</li><li>Gluten Free.</li></ul>,153.92
Optimum Nutrition,748927064940,"<p><strong>Highlights:</strong></p><ul>
<li>THE TRUE STRENGTH OF WHEY Protein Isolates (WPIs) are the purest form of whey protein that currently exists</li><li>Optimum Nutrition</li><li>Packed with whey protein isolates and fast-acting hydrowhey whey peptides!</li><li>Great Value for money</li></ul>",320.0
Optimum Nutrition,748927066784,"<p><strong>Highlights:</strong></p><p>Platinum Hydrowhey is the most advanced whey protein we've ever 
developed.&nbsp;</p><p>By hydrolyzing whey protein isolates 
to break larger proteins down into smaller pieces.</p><p>These ultra-pure whey
 isolates are able to get into your system rapidly.</p><p>Enabling your 
muscles to start recovering from heavy training.&nbsp;</p><p>We've dialed up this 
ultra pure and rapidly-digesting formula with added micronized Branched 
Chain Amino Acids (BCAAs).</p>",339.0
Optimum Nutrition,748927066791,<h3><strong>Highlights:</strong></h3><ul><li><strong>Contains 30g of fast-absorbing pure protein.</strong></li><li><strong>Provides approximately 9g of Branched-Chain Amino Acids (BCAA).</strong></li><li><strong>Includes digestive enzymes to enhance and expedite protein&nbsp;digestion and absorption.</strong></li><li><strong>Ideal for building lean muscle mass that is free from fat.</strong></li><li><strong>Sugar-free.</strong></li><li><strong>Lactose-free and cholesterol-free.</strong></li><li><strong>Quick dissolving.</strong></li><li><strong>Delicious taste and smooth texture.</strong></li></ul>,339.0
Optimum Nutrition,748927068351,<p><strong>Highlights:</strong></p><ul>  <li>Made With Creapure Creatine Monohydrate  </li>  <li> Supports Muscle Strength & Power  </li>  <li> Micronized Powder Mixes More Easily & Stays in Solution Longer Than Non Micronized Powders  </li>  <li> Unflavored for Stacking Versatility </li></ul>,107.83
Doctor Best,753950000919,"<h2><strong>Highlights:</strong></h2><ul>
<li><strong>Doctor's Best Extra Strength helps support memory and brain capacity.</strong></li><li><strong> It also helps support healthy mitochondrial and nerve cell function.&nbsp;</strong></li><li><strong>This premium quality Ginkgo biloba is a standardized extract</strong></li></ul>",69.0
CocoCare,75707090500,,36.0
Depurdent,7611841701945,,47.0
Flector,7612291010656, ,40.35
Mosegor,7612791041594, ,20.05
Mosegor,7612791250309,"<p><strong>Highlights:</strong></p><p>Pizotifen tablets are a migraine treatment. They may help to stop the effects of certain naturally occurring substances in your body called “serotonin”, “histamine” and “tryptamine” which are involved in causing some kinds of headache, including migraine.</p>",17.7
Catafast,7612797011409,,18.0
Cataflam,7612797246085,,31.7
Gum Trav Ler,7630019900188,"<h3><strong>Highlights:</strong></h3><ul><li><strong>Gum traveller is an ambulatory interdental brush, ready to use.&nbsp;</strong></li><li><strong>Small and practical, its cap can be used as a stick to access the posterior areas.&nbsp;</strong></li><li><strong>The Gum traveller brushes are protected by an anti bacterial agent, the chlorhexidine, which stops the bacterial development on the brushes during 2 weeks.</strong></li></ul>",30.0
Nicotinell,7630035400037,"<p><strong>Highlights:</strong></p><ul>  <li>  Why Nicotinell: Nicotinell nicotine patch helps to quit smoking by 
relieving five withdrawal symptoms of quitting- anxiety, frustration, 
restlessness, irritability and cravings  </li>  <li>
 The Nicotinell product range includes TTS Patch, medicated chewing gum 
and lozenge. Stop smoking aid. Requires willpower. Contains nicotine. 
Always read the label.  </li>  <li>
 Patch Range: Nicotinell patches are a stop smoking aid available in 
three strengths - 21 mg (Step 1), 14 mg (Step 2) and 7 mg (Step 3); 
Nicotinell 21 mg nicotine patches are available in 7 and 21 days 
supplies  </li>  <li>
 Which Strength: when using Nicotinell nicotine patches for the first 
time, use the Step 1 patch if you smoke more than 20 cigarettes a day 
and step 2 patch if you smoke less than 20 cigarettes a day  </li>  <li> Aid to combat the withdrawal symptoms caused by giving up smoking </li></ul>",60.1
Lamisil,7630035400099, ,43.2
Lamisil,7630035400259, ,23.15
Otrivin,7630035400273, ,13.8
Pentasa,7640128545477,<p><strong>Highlights:</strong></p><p><strong>*Requires Prescription*</strong></p>,85.7
Biogaia,7640128546900, ,113.0
Gasec,7640153080158, ,27.5
Gasec,7640153080172, ,48.4
Gasec,7640153080226, ,45.1
Gasec,7640153080233, ,79.35
Olfen,7640153080615, ,24.55
Pantozol,7640153082695, ,30.7
Neurorubine,7640153087850,"<p><strong>Highlights:</strong></p><li>Neurorubine-Forte is used for the treatment of Vitamin B deficiency.
</li><li>Neurorubine-Forte
 contains a combination of vitamins B1, B6, and B12 which are essential 
components of enzyme systems that regulate metabolic processes.
</li><li> This
 group of vitamins is water-soluble, readily absorbed from the 
gastrointestinal tract and they are widely distributed in the body 
tissue</li><li>Vitamin B1 requirements are directly related to carbohydrate intake and its metabolic rate.</li><li>Vitamin B6 requirements tend to increase as protein intake increases due to its role in amino acid metabolism.</li><li>Vitamin B12 is involved in various reactions, including DNA synthesis, methionine formation, and protein metabolism. </li><li>Vitamin B12 is important for the brain and nerves, and for the production of red blood cells.
</li><li>It is also sometimes used in people with pernicious anemia and other conditions.</li>",12.05
Swedish Nutra,7640162325493, ,90.0
Cetaphil,7640203240327, ,75.0
Dr Frei,7640296960195,"<h3><strong>Highlights:</strong></h3><ul><li><strong>The fruit tasted gummies with vitamins deliver key vitamins and essential minerals for healthy growth, proper development and a stronger immune system.</strong></li><li><strong>For children ages 3 and up.</strong></li><li><strong>Orange Flavour.</strong></li><li><strong>For overall health.</strong></li></ul>",33.91
Dr Frei,7640296960218,"<h3><strong>Highlights:</strong></h3><ul><li><strong>Great-tasting Immunity Boost multivitamin fruit gummies with Zinc and Selenium deliver nutritious&nbsp;</strong></li><li><strong>Key vitamins and essential minerals for healthy growth, proper development and a stronger immune system.</strong></li><li><strong>For children ages 3 and up.</strong></li><li><strong>Strawberry flavour.</strong></li></ul>",68.7
Dr Frei,7640296960232,"<h3><strong>Highlights:</strong></h3><ul>
<li><strong>Vitamin C contributes to the normal function of the immune system and to reduction of tiredness and fatigue.&nbsp;</strong></li><li><strong>Vitamin C contributes to normal collagen formation for the normal function of blood vessels, bones, cartilage and skin.&nbsp;</strong></li><li><strong>For children ages 3 and up.</strong></li></ul>",31.3
Dr Frei,7640296960256,"<h3><strong>Highlights:</strong></h3><ul><li><strong>This complex contains omega-3 fatty acids and some essential vitamins.&nbsp;</strong></li><li><strong>Omega-3 fatty acids are very important for the overall health and development of children and have a complex effect on the body.&nbsp;</strong></li><li><strong>They are contained in many organs and tissues of the organism and necessary for normal functioning of brain, eyes, immune and nervous system of children.</strong></li><li><strong>Support of cognitive function.</strong></li></ul>",68.7
Shea Moisture,764302000000,"<p><strong>Highlights:</strong></p><ul>
<li>Level up your beard care regimen with the latest SheaMoisture innovation for beards. Smoothly detangle and keep knots out of thick coarse beards with moisture rich shea butter</li><li>Use after SheaMoisture Beard Wash and detangle every time after cleansing with this beard conditioner for shine and softness. Use beard cream to detangle and soften strands</li></ul>",60.0
Nubian Heritage,764302106036,"<p><strong>Highlights:</strong></p><ul>
<li>Detoxifying & Balancing</li><li>Made With: Aloe Vera, Oats & Vitamin E</li><li>Certified B Corporation</li><li>Cruelty Free</li><li>Ethically Traded Ingredients</li><li>Sustainably Produced</li><li>No Animal Testing</li></ul>",53.37
Victoria,766961001370,"<h3><strong>Highlights:</strong></h3><ul>
<li><strong>Delay signs of aging</strong></li><li><strong>Lower cholesterol</strong></li><li><strong>Impotence</strong></li><li><strong>Strengthening the immune system</strong></li></ul>",152.0
Bio Cal,766961304068, ,33.0
Essential,766961306505,,33.0
Essential,766961306529,"<p><strong>Highlights:</strong></p><p><strong>Prevents Osteoporosis :
</strong></p><ul>
<li>Important for keeping bones strong and preventing the bone disease osteoporosis.</li><li>Vitamin D helps your intestines absorb calcium from the food.</li></ul><p><strong>For Stronger Immunity :</strong></p><ul>
<li>Enhances body\'s immune functions through vitamin D receptors located on the most immune system cells</li><li>This helps to fight infections and viruses.</li></ul><p><strong>Strengthens Bones and Teeth :</strong></p><table><tbody><tr><td><ul><li>Both by helping your body absorb calcium and by supporting muscles needed to avoid weakness. </li></ul></td></tr></tbody></table><p><strong>During Pregnancy & lactation :</strong></p><ul>
<li>During pregnancy and lactation, mothers require significant amounts of calcium to pass on to the developing fetus and suckling neonate, respectively.</li></ul><p><strong>Frequent Fatigue :
</strong></p><ul>
<li>Excessive fatigue and tiredness may b",38.45
Bio Cal,766961414781,<p><strong>Highlights:</strong></p><ul><li>For vitality & vigor</li><li>Enhancement of physical performance</li><li>General well-being</li><li>Early fatigue</li><li>Convalescence</li><li>Recommended in post-menopausal time</li><li>For ladies using contraceptive pills</li></ul>,33.0
Nordic Naturals,768990018176,"<p><strong>Highlights:</strong></p><ul>
<li>Superior Triglyceride Form</li><li>Non GMO Verified</li><li>Brain & Visual Function</li><li>Dietary Supplement</li><li>One Daily</li></ul>",45.07
The Ordinary,769915194012,"<p><strong>Highlights:</strong></p><ul>  
<li>Brand of The Ordinary  </li>  
<li> Easy to Use  </li>  
<li> Suitable  </li>  
<li> This highly stable, water-free, high strength age-defying solution features 0.5% pure retinol  </li>  
<li>
 Water- and silicone-free, The Ordinary’s Retinol 0.5% in Squalane 
features highly stable retinol, an ingredient that can reduce the 
appearance of ageing with impressive results.  </li>  
<li> Apply a small amount to face in the PM as part of your skincare regimen, after water serums but before heavier treatments. </li></ul>",36.0
The Ordinary,769915195743,"<p><strong>Highlights:</strong></p><ul>
<li>Glycolic Acid is an alphahxy acid that exfoliates skin, the 7% toning solution provides gentle exfoliation to improve skin's radiance and visible clarity; the formula also improves the appearance of skin texture with continued use.</li><li>This formula contains a treated tasmanian pepper derivative, this plant-based derivative varies in color seasonally, and the color difference may be visible in the formula from time to time, and is also supported by ginseng root and aloe to ensure a visible radiance and soothing benefits.</li><li>Inhibitors to use: this formula should not be used on sensitive, flaky or damaged skin. Please refer to additional sun protection and other warnings in the available instructions.</li></ul>",52.17
The Ordinary,769915196481,"<p><strong>Highlights:</strong></p><ul>  
<li>&nbsp;A water-based serum with alpha arbutin and hyaluronic acid that fades hyperpigmentation and promotes even tone and texture  </li>  
<li> Visibly reduces the look of spots and hyper-pigmentation  </li>  
<li> Highly-concentrated formula  </li>  
<li> Use as part of your skincare regime. Apply a few drops to face in the morning and evening  </li>  
<li>
 Alpha Arbutin reduces the looks of spots and hyper-pigmentation. It\'s 
used at a high 2% concentration versus a standard concentration of 1% 
and supported with a next-generation form of Hyaluronic Acid for 
enhanced delivery. Alpha Arbutin is much stronger in effect than Arbutin
 or Beta Arbutin.&nbsp;</li></ul>",59.0
Gillette,7702018516063, ,60.0
Cetaphil,772618085709,"<p><strong>Highlights:</strong></p><ul>
<li>MOISTURISES DRY TO VERY DRY, SENSITIVE SKIN FOR ALL AGES: Clinically proven to hydrate skin in just 1 day; suitable for women and men, as well as children and babies</li><li>IMMEDIATE AND LONG-LASTING RELIEF: Helps restore the skin\'s natural moisture barrier in just 1 week; leaves skin feeling smooth, soft and comfortable</li><li>NEW & IMPROVED FORMULA: Now with Sweet Almond Oil, Niacinamide (essential vitamin B3), Panthenol (Pro-vitamin B5)& vitamin E; Vegan Friendly</li></ul>",124.01
Jason,78522040064,"<h3><strong>Highlights:</strong></h3><p><strong>Reveal the beauty within.&nbsp;</strong></p><p><strong>Restore youthful, even-toned skin with our concentrated multi-antioxidant complex of Ester-C® ,&nbsp;</strong></p><p><strong>Vitamin C, Thioctic Acid, Vitamin E and Green Tea.&nbsp;</strong></p><p><strong>Our potent serum effectively fights harmful free radicals that can cause skin discoloration.&nbsp;</strong></p><p><strong>Be beautiful, with a refreshed, uniform complexion.</strong></p>",257.6
Jason,78522040125,"<p><strong>Highlights:</strong></p><ul>  <li>One 4 ounce container of JASON Age Renewal Vitamin E 25,000 IU Moisturizing Crème  </li>  <li> Provides deep, long-lasting moisture to help minimize the visible signs of skin aging  </li>  <li> Infused with vitamin E and avocado oil  </li>  <li> Free of parabens, sulfates, phthalates and petrolatum  </li>  <li> Not tested on animals </li></ul>",172.5
Jason,78522040163,"<p><strong>Highlights:</strong></p><p>Nurture your skin back to its healthy-looking, happy-feeling best. Our 
concentrated Aloe Vera Gel instantly soothes dry, irritated, sun damaged
 or newly shaven skin while nourishing Allantoin and Pro-Vitamin B5 
replenish and recondition. Use every day to keep dry skin away.</p>",115.0
Jason,78522040316,"<h3><strong>Highlights:</strong></h3><li><strong>Nourish and relieve dry, irritated skin with JASON Vitamin E 45,000 IU Skin Oil.&nbsp;</strong></li><li><strong>This moisturizing treatment combines antioxidant-rich vitamin E&nbsp;</strong></li><li><strong>Seven essential oils, including black currant, evening primrose, macadamia nut and borage, to deeply moisturize and condition skin.&nbsp;</strong></li><li><strong>Just a drop provides instant relief and leaves skin feeling softer and smoother.</strong></li><li><strong> Use at night to help reduce the appearance of fine lines and wrinkles</strong>.</li>",172.5
Jason,78522046479,"<p><strong>Highlights:</strong></p><ul><li>Powersmile® Antiplaque & Whitening Toothpaste</li><li>Perk up your smile with a brightening blend of Bamboo Powder, Calcium Carbonate and Baking Soda.&nbsp;</li><li>Infused with Grapefruit Seed and Perilla Seed Extracts, our toothpaste helps to whiten the look of your teeth.&nbsp;</li><li>Including a dash of Peppermint Oil for fully fresh breath.&nbsp;</li><li>It’s your time to smile and shine.</li></ul>",38.0
Jason,78522060307,"<p><strong>Highlights:</strong></p><ul>  <li>Cleanses and exfoliates the skin  </li>  <li> Softens and smooths the skin  </li>  <li> Reveals brighter, healthier skin  </li>  <li> Suitable for all skin types&nbsp;</li></ul>",138.0
Jason,78522070092,"<h3><strong>Highlights:</strong></h3><p><strong>2X Thicker Looking Hair*</strong></p><p><strong>No Animal Testing</strong></p><p><strong>No Phthalates, Sulfates, Parabens, Petrolatum</strong></p><p><strong>Hain Celestial ,Leaping Bunny</strong></p><p><strong>Biodegradable Formula</strong></p><p><strong>2X  Thicker& Fuller Hair*</strong></p><p><strong>Repairs 72% of Split Ends*</strong></p><p><strong>Certified Cruelty Free & Vegan</strong></p><p><strong>Jason®, Made with Just the Good Stuff</strong></p>",144.9
Jason,78522100300,"<p><strong>Highlights:</strong></p><p>Controls recurrence of flaking, scaling and itching associated with dandruff.<br>Helps prevent seborrheic dermatitis.<br>Frostified with MSM, Olive, Rosemary Oils & Colloidal Sulfur.<br>Treats & controls dandruff</p>",80.0
Jason,78522330028,<p><strong>Highlights:</strong></p><li>No Animal byproducts</li><li>No artificial colors</li><li>No GMOs</li><li>No parabens</li><li>Cruelty free</li>,84.0
RapidLash,786563136072,"<p><strong>Highlights:</strong></p><ul><li>Consumer Tested & Approved*</li><li>88% Experience Improvement in the Appearance of Lashes</li><li>86% Experienced Fuller Looking Lashes</li><li>86% Experienced Thicker, Stronger and Longer Looking Lashes</li><li>In Just 8 Weeks!*</li><li>With Hexatein® 1 Complex</li><li>Ophthalmologist & Dermatologist Tested Safe for Contact Lens Wearers</li></ul>",135.36
OZ Naturals,816457000000,,48.5
ACURE,854049000000,,29.5
Some By Me,8809330000000,,40.0
Some By Me,8809650000000,,39.0
Green Wealth,8858850000000,,60.0
Vicks,8001090181602,"<p><strong>Highlights:</strong></p><ul><li>Treating severe colds.</li><li>Suitable for babies, young children.</li><li>Does not cause allergies.</li><li>It contains a local sedative, which helps with a feeling of relaxation.</li></ul>",0.0
Vicks,8001841460178,<p><strong>Highlights:</strong></p><li>&nbsp; &nbsp;This product is used to relieve cough and relieve sore throat.&nbsp;</li><li>&nbsp; &nbsp;It is also used to get rid of the common cold.</li>,20.25
Vicks,8001841460215,<p><strong>Highlights:</strong></p><ul><li>Relieves sore throat.</li><li>It helps relieve cold pain.</li><li>Reduces rhinitis.</li><li>Getting rid of ear pain associated with a cold.</li></ul>,20.25
Vicks,8001841460253,<p><strong>Highlights:</strong></p><p>Relieve Cough<br>Clear blocked nose<br>Soothe sore throat</p>,20.25
Vicks,8001841469782,<p><strong>Highlights:</strong></p><ul><li>Cough relief</li><li>Get rid of colds</li><li>Sore throat relief</li><li>Clearing your throat and relieving cough symptoms.</li><li>Helps you get rid of stuffy nose and sore throat.</li></ul>,27.8
Vicks,8001841469829,<p><strong>Highlights:</strong></p><ul><li>Relieve Cough</li><li>Clear blocked nose</li><li>Soothe sore throat</li></ul>,27.8
Vicks,8001841469867,"<p><strong>Highlights:</strong></p><ul>
<li>Cough relief</li><li>Get rid of colds</li><li>Sore throat relief</li><li>Clearing your throat and relieving cough symptoms.</li><li>Helps you get rid of stuffy nose and sore throat.</li></ul>",27.8
SOS,8002140000000,<p><strong>Highlights:</strong></p><ul><li>Containing 0.12 percent of chlorhexidine</li><li>Recommended for those who have undergone dental surgery</li><li>Chlorhexidine is an element with antibacterial action used for oral hygiene</li><li>Molecule helps preventing the formation of bacterial plaque</li><li>For gingival irritation that than cause cavities</li></ul>,31.0
Duspatalin,8002660016317, ,48.15
Dicetel,8002660016331, ,14.0
Brufen,8002660016492, ,13.6
Brufen,8002660016508, ,19.55
Duphalac,8002660034281, ,24.4
Marvis,8004395110148,"<p><strong>Highlights:</strong></p><ul>
<li><strong>A rich, creamy & uniquely flavoured toothpaste.</strong></li><li><strong>Contains Fluoride to prevent tooth decay while combating tartar & plaque .</strong></li><li><strong>Flavoured with cool peppermint & fresh jasmine.</strong></li><li><strong>Offers a long-lasting pleasurable taste sensation.</strong></li><li><strong>Keeps breath fresh all day long.</strong></li><li><strong>Leaves teeth clean, protected & healthy.</strong></li><li><strong>Packaged in the distinctive colourful Marvis tube with an elegantly sculpted cap</strong></li></ul>",41.0
Foltene,8013134009292,,112.7
Otosan,8016887000059,,39.0
Blanx,8017331035696,"<h3><strong>Highlights:</strong></h3><p><strong>BlanX Instant White </strong>Whitens Teeth Immediately&nbsp;</p><ul><li><strong>BlanX Instant White 75ml toothpaste whitens teeth from the very first use.&nbsp;</strong></li><li><strong>It is derived from the double patented Actilux® formula that whitens teeth through natural light.&nbsp;</strong></li><li><strong>So, the more you smile the whiter your teeth get!BlanX Instant White is a non-abrasive and peroxide free toothpaste that is suitable for daily use to whitening teeth without harming tooth enamel.</strong></li><li><strong>Can also be used in conjunction with the BlanX LED accelerator to boost the whitening and antibacterial action of the Actilux® formula.</strong></li></ul>",50.0
KIKO,8025272623315,"<p><strong>Highlights:</strong></p><ul>  <li>Long-lasting two-step liquid lipstick: an extraordinary combination of 
base colours and lip gloss with an intense and radiant finish.  </li>  <li>
 Bright, radiant finish. The lips feel soft and shine with bright 
colour. Hold of up to 12 hours. Clinical and instrumental test  </li>  <li> Lip gloss: the softening action formula gives the lips a bright and radiant finish&nbsp;</li></ul>",84.0
Plerus,8053259620019,"<h3><strong>Highlights:</strong></h3><ul>
<li><strong>Each 100 ml contains 10 ml of Pelargonium Sidoides root extract as active ingredient.</strong></li><li><strong>Used for acute cough.</strong></li><li><strong>Inflammation of the respiratory tract accompanied by coughing and the symptomatic treatment of chronic inflammatory bronchial diseases.</strong></li><li><strong>Alcohol Free.</strong></li><li><strong>Sugar Free.</strong></li><li><strong>Herbal Remedy for Cough.</strong></li><li><strong>Colorant Free.</strong></li></ul>",30.5
Honst,8057506630080,"<p><strong>Highlights:</strong></p><ul><li>Lipo Burn is a food supplement based on bitter orange, cocoa and coffeine.&nbsp;</li><li>Cocoa promotes tonic and metabolic support actions.</li></ul>",89.0
Honst,8057506630097,"<p><strong>Highlights:</strong></p><ul>
<li>CoEnzyme Q10 integrates this precious ingredient to the daily diet.&nbsp;</li><li>CoEnzyme Q10 acts as an antioxidant and helps protect against lipid oxidation and free radicals, support digestive tract, liver and immune system health, contributes to resistance to stress.</li></ul>",89.0
Honst,8057506630103,<p><strong>Highlights:</strong></p><ul><li>Supports for a healthy immune system</li><li>Mega Zinco is a food supplement based on Vitamin C and Zinc.</li><li>They contribute to the normal function of the immune system and to the protection of cells from oxidative stress.</li></ul>,99.0
Honst,8057506630127,"<p><strong>Highlights:</strong></p><ul><li>Calm Night is a unique formula of Melatonin, Valerian & Magnesium.&nbsp;</li><li>It makes the sleeps phase more stable and helps to maintain sleep and stabilize the heart rhythm.</li></ul>",109.0
Honst,8057506630141,"<p><strong>Highlights:</strong></p><ul><li>Vitamin E Complex is a food supplement based on Vitamin C, Vitamin E, and Vitamin D.&nbsp;</li><li>Vitamin C and Vitamin E contribute to the protection of cells from oxidative stress.</li></ul>",89.0
Honst,8057506630219,"<p><strong>Highlights:</strong></p><p>Healthy Liver is a food supplement with Milk Thistle, Turmeric and Black
 Pepper.</p><p>Milk Thistle promotes liver function and the body\'s purifying 
functions.</p><p>Black Pepper promotes digestive function.</p>",89.0
Honst,8057506630233,"<p><strong>Highlights:</strong></p><ul>
<li>Free Oxidant is a food supplement based on Vitamin C, Quercetin and Selenium useful for making a supplementary portion of these ingredients to the daily diet.&nbsp;</li><li>Vitamin C and Selenium contribute to the protection of cells from oxidative stress.</li></ul>",89.0
Honst,8057506630264,"<p><strong>Highlights:</strong></p><ul>
<li>Cals Free is a food supplement based on Nettle, Resveratrol, Magnesium, Vitamin K and Vitamin D3.&nbsp;</li><li>Nettle promotes prostate function.</li></ul>",89.0
Honst,8057506630295,"<p><strong>Highlights:</strong></p><ul>
<li>Ashwagandha is a tonic.</li><li>helps against mental and physical fatigue.</li><li>Help reduce stress, anxiety and fatigue.</li><li>Improve the quality of sleep in subjects with insomnia.</li></ul>",89.0
Honst,8057506630349,"<p><strong>Highlights:</strong></p><ul>
<li>Vitamin C Plus is a food supplement based on Rosehip, Vitamin C, Selenium and Zinc.&nbsp;</li><li>Rosehip has a supportive and tonic action.</li><li>Vitamin C, Selenium, Zinc contribute to the normal function of the immune system and contribute to the protection of cells from oxidative stress.</li></ul>",89.0
Honst,8057506630356,"<p><strong>Highlights:</strong></p><ul>
<li>Supports Immunity</li><li>Zinc Copper is a food supplement based on Zinc and Copper.</li><li>Protection of cells from oxidative stress.</li><li>Zinc contributes to the maintenance of normal bones.</li></ul>",89.0
Fastum,8058773460073, ,10.3
Mary Ruths,810104622370,"<p><strong>Highlights:</strong></p><ul><li>Liquid Multivitamin + Hair Growth Products: Lustriva, included in this formula, is clinically shown to improve hair growth and increase hair thickness in women in as few as 3 weeks!</li><li>Mary Ruth Multivitamin Hair Growth: Lustriva is also shown to improve skin health & appearance, reduce facial wrinkles and fine lines, and improve skin texture. Also included are vitamin C, B complex vitamins, vitamin D3, chromium picolinate, and more!</li><li>Mary Ruth Multivitamin Trending on TikTok: This liquid multivitamin includes all eight B vitamins, including 10,000 mcg biotin magnesium biotinate, a unique form of biotin that is 40x more soluble than D-biotin — as well as methylated folate as calcium L-5-methyltetrahydrofolate!</li></ul>",299.0
Mary Ruths,810104622851,"<p><strong>Highlights:</strong></p><ul>
<li>We’ve formulated a multivitamin for women not only to support your daily wellness but also to support your hair growth and skin health.</li><li>Lustriva, included in this formula, is clinically shown to improve hair growth and grow thicker hair for women in as few as 3 weeks!</li><li>MaryRuth’s is a Certified B Corporation. This product has been third-party tested and is Clean Label Project verified. Made in a GMP Facility.</li><li>Vegan Formula: Dairy Free, Gluten Free, Soy Free, Sugar Free.</li><li>Each bottle has 30 servings.</li></ul>",299.0
Allerfin,812259003042,"<h3><strong>Highlights:</strong></h3><ul>
<li><strong>Sinuses: Promotes the health of the nasal passages*</strong></li><li><strong>Lungs: Supports respiratory function*</strong></li><li><strong>Eyes: Supports the health and comfort of the eyes*</strong></li><li><strong>Doctor-formulated, proprietary blend of botanical ingredients</strong></li><li><strong>Clinically researched doses of all ingredients</strong></li><li><strong>Features Allerinol&trade; <em>perilla frutescens</em> extract, containing 33% rosmarinic acid</strong></li><li><strong>Non-drowsy formula</strong></li><li><strong>Vegetarian, gluten-free, GMO-free</strong></li></ul>",81.74
Quality Of Life,812259003103,"<h3><strong>Highlights:</strong></h3><ul><li><strong>Reduces chemicals that cause body odors by up to 60%*</strong></li><li><strong>Inhibits the chemicals that cause bad breath in just 15 minutes*</strong></li><li><strong>Decreases levels of odor-causing bacteria in the gut*</strong></li><li><strong>Purifies the blood of ammonia and helps maintain normal levels of uric acid*</strong></li><li><strong>Supports the health of the kidneys*</strong></li><li><strong>Champex® patented proprietary extract of champignon mushroom</strong></li><li><strong>Clinically studied dose</strong></li><li><strong>Can be taken as a capsule for body odor or used as a rinse for bad breath</strong></li><li><strong>Can be used as part of a cleanse or for year-round detoxification support</strong></li><li><strong>Vegan, gluten-free, GMO-free</strong></li></ul>",68.7
Quality Of Life,812259003295,"<p><strong>Highlights:</strong></p><ul>
<li>MicroActive® Resveratrol (sustained release complex)</li><li>Gradual release into the bloodstream over 12 hours</li><li>Achieves higher blood levels over a longer time</li><li>2.5x more bioavailable than regular resveratrol</li><li>Vegan, gluten-free, GMO-free</li><li>Supports healthy aging*</li><li>Promotes healthy metabolism*</li><li>Enhances blood flow *</li><li>Helps maintain normal insulin sensitivity*</li><li>Provides antioxidant protection*</li></ul>",112.17
Quality Of Life,812259003318,"<p><strong>Highlights:</strong></p><ul><li>Helps maintain blood pressure already within a healthy range, including both systolic (beating) and diastolic (resting) blood pressure*</li><li>Promotes flexible arteries*</li><li>Supports healthy circulation*</li><li>Clinically studied dose of milk tripeptides</li><li>Proven bioavailability</li><li>Tested for safety</li><li>Non-allergenic: undetectable level of lactose (under .05%)</li><li>Vegetarian, gluten-free, GMO-free</li></ul>",86.09
Quality Of Life,812259003523,"<h3><strong>Highlights:</strong></h3><ul><li><strong>Soothes dry, sensitive skin</strong></li><li><strong>Improves appearance of skin</strong></li><li><strong>Increases skin comfort*</strong></li><li><strong>Balances cytokines*</strong></li><li><strong>Safe, natural, and effective</strong></li><li><strong>2016 NutrAward-winning ingredient L-92®</strong></li><li><strong>Patented, sterilized strain of <em>acidophilus</em></strong></li><li><strong>Clinically studied dose</strong></li><li><strong>Researched in both adults and children</strong></li><li><strong>Vegan, gluten-free, GMO-free</strong></li></ul>",112.17
OZ Naturals,816457022652,<h3><strong>Highlights:</strong></h3><ul><li><strong>Best for hyperpigmentation and dark spots.</strong></li><li><strong>A skin brightening serum that enhances radiance and glow by regenerating and restore the skin.</strong></li><li><strong>Removes discoloration and spots.</strong></li><li><strong>Improves and clears skin tone.</strong></li><li><strong>Contains antioxidants.</strong></li><li><strong>Enriched with ingredients that stimulate collagen production.</strong></li><li><strong>100% vegan</strong></li></ul>,68.7
Cantu,817513000000,"<p><strong>Highlights:</strong></p><ul><li>Moisturizes and removes hair breakage</li><li>Controls frizz for a silky-smooth hold</li><li>Free of sulfates, silicones, parabens and mineral oils</li><li>Formulated with pure shea butter</li></ul>",57.5
Advanced Clinicals,819265008016,"<p><strong>Highlights:</strong></p><ul>
<li>With Soothing Aloe Vera</li><li>Anti-Aging</li><li>Vitamin C Targets Dark Spots, Uneven Tone and Expression Lines</li><li>Promotes a Firmer Looking Complexion</li><li>Ferulic Acid Supports a Luminous, Youthful Radiance</li><li>K3 Vita C, a Proven Antioxidant Visibly Reduces the Look of Age Spots</li><li>Improves Skin Tone and Diminishes the Look of Wrinkles</li><li>Ferulic Acid, a Natural Antioxidant, Guards the Skin from Environmental Damage</li><li>Antioxidant Work Synergistically for Effective Absorption into Skin</li></ul>",41.0
Marnys,8410885071248,<p><strong>Highlights:</strong></p><p>Exotique Plus 30 capsules is a natural quick-action tonic that enhances the overall condition of the body. It is particularly recommended for people with great physical or mental stress and people with sexual asthenia.</p>,224.0
Megatop,8410885077820, ,145.0
Marnys,8410885079961, ,9.95
Marnys,8410885080172,"<p><strong>Highlights:</strong></p><ul>
<li>Salmon is a great source of the omega-3 polyunsaturated fatty acid: EPA + DHA</li><li>EPA + DHA is preferred for normal cholesterol protection and maintenance of triglyceride levels.</li><li>EPA + DHA maintains brain function and plays an important and fundamental role in the synthesis and remodeling of nerve tissue and neurotransmitters1.</li><li>DHA facilitates the normal functions of vision and improves the structure of the retina.</li><li>The DHA + EPA contents of MARNYS® Salmon Oil Omega-3 are in compliance with European Quality Standards for Medicines.</li><li>MARNYS® Salmon Oil Omega-3 guarantees the properties and the flavor of salmon oil, ensuring the highest quality standards in accordance with European pharmaceutical quality standards.</li><li>MARNYS® Salmon Oil Omega-3 is free from artificial preservatives, colors, flavor, and yeas</li></ul>",57.0
Marnys,84108850808165, ,58.0
Cellucor,842595106039,<p><strong>Highlights:</strong></p><ul><li>Size: 195 gram</li><li>Ingredients: Cellucor C4 Original Id Pre-Workout Fruit Punch 30 serving</li><li>Number of Servings: 30</li><li>Form: Powders</li><li>Serving: 6.5 grams</li></ul>,122.0
Cellucor,842595106077,"<p><strong>Highlights:</strong></p><ul>
<li>World’s Most Advanced Energy Drink, America's No-1 Selling Pre-Workout</li><li>Explosive energy, heightened focus and overwhelming urge to tackle any challenge</li><li>Energizes your workouts and takes your fitness to the next level 1.6g CarnoSyn Beta- Alanine</li><li>Weight loss blend that contains ingredients proven to help burn fat and give the body energy</li></ul>",122.0
Cellucor,842595106114, ,149.0
Cellucor,842595106138,"<p><strong>Highlights:</strong></p><ul>
<li>150mg of Caffeine</li><li>1g Arginine AKG</li><li>Highly Explosive Energy</li></ul>",122.0
ISDIN,8429420000000,"<p><strong>Highlights:</strong></p><ul>  <li>Daily mouthwash, preventing bleeding and inflammation of the gums due to gingivitis  </li>  <li> With antiseptic action, it reduces the colonization of bacteria and inhibits the promotion of oral biofilm  </li>  <li> Triple anti-plaque action, re-mineralises and protects the enamel thanks to its fluorine content  </li>  <li> Clinically proven effectiveness; alcohol-free; gluten-free </li></ul>",55.0
ISDIN,8429420174849,<p><strong>Highlights:</strong></p><ul>  <li> Lambdapil brand.  </li>  <li> Eliminates the excessive loss of hair.  </li>  <li> Stimulates hair growth.  </li>  <li> Stimulates the hair follicle and standardises the secretion of oil glands.</li></ul>,150.43
ISDIN,8429420174863,"<p><strong>Highlights:</strong></p><ul><li>Isdin Nutradeica is a shampoo suitable for dry dandruff, leaving hair soft, shiny, and easy to comb.</li><li>Helps eliminate and prevent the fungus that causes flaking and relieves itching.</li><li>Take care of your scalp while taking care of your hair.</li><li>Helps prevent the growth of microorganisms thanks to Piroctone Olamina.</li><li>Relieves itching and soothes thanks to Laureth-9</li></ul>",150.43
ISDIN,8429420219175,"<p><strong>Highlights:</strong></p><ul><li>Enriched with antioxidants and vitamins</li><li>Features an innovative formula that combines the intense cleansing effect</li><li>Provides an intense radiant shine to your blonde hair</li><li>Leaves hair soft, shiny and hydrated</li><li>Suitable for all hairs types</li></ul>",150.43
Devarin,8430469169741, ,68.7
ISDIN,8470001569745,"<h2><strong>Highlights:</strong></h2><ul>
<li><strong>Soft protective gel for feminine intimate hygiene .</strong></li><li><strong>Unique formula with natural ingredients .</strong></li><li><strong>Maintains balanced pH and prevents infections .</strong></li><li><strong>Gentle and effective cleaning.</strong></li><li><strong>Soothes and reduces irritation.</strong></li><li><strong>Moisturizes and helps prevent vaginal dryness and itching.</strong></li><li><strong>Provides a feeling of comfort .</strong></li><li><strong>Gentle , soap-free formula.</strong></li><li><strong>It neutralizes odors and its formula has a pleasant aroma.</strong></li><li><strong>Easy to use and can be used daily .</strong></li><li><strong>Dermatologically tested .</strong></li></ul><p><strong></strong></p>",95.0
ISDIN,8470002104433, ,79.0
Blender,847280035335,"<p><strong>Highlights:</strong></p><ul><li><h4>Designed to hold up to 26-oz. of liquid</h4><p>To provide ample space.</p></li><li><h4>Keep your beverage hot or cold</h4><p>An insulated, double-wall design maintains your drink\'s temperature, regardless of the conditions outside.</p></li><li><h4>Enjoy a safe design</h4><p>BPA-free to keep your beverage healthy and tasting great.</p></li><li><h4>Stainless steel construction</h4><p>Offers a durable design.</p></li></ul>",104.35
Blender,847280035359,"<p><strong>Highlights:</strong></p><ul>  
<li>Double-wall vacuum insulated Blender Bottle, for mixing supplements and smoothies, keeps drinks cold for up to 24 hours  </li>  
<li> 770ml offer plenty of room for supplements, meal replacements, or water  </li>  
<li> The stylish center-mounted spout closes with a secure twist-on cap, delivering a guaranteed leak-free seal.  </li>  
<li> The versatile carry loop detaches ath the base to secure a key ring or clip the bottle to a gym bag  </li>  
<li> Made from high-quality BPA and phthalate-free materials; hand wash cup, dishwasher-safe lid; not for use with hot liquids </li></ul>",100.0
Laperva,847280046294,"<p><strong>Highlights:</strong></p><ul>
<li>Resistant to odors and stains.</li><li>Convenient to carry and install.</li><li>Dishwasher-safe properties.</li></ul>",82.0
Laperva,847280046300,<p><strong>Highlights:</strong></p><ul><li>2 Fully Independent Jars</li><li>Twist n' Lock System</li><li>Pill Organizer</li><li>BlenderBall Wire Whisk</li></ul>,150.0
Owala,847280062614,"<p><strong>Highlights:</strong></p><ul>
<li>Easy-twist lid</li><li>Easy to clean</li><li>Easy to carry with a carry loop</li><li>Leak proof</li><li>Double-wall insulation keeps drinks cold for up to 24 hours or hot for up to 12 hours</li></ul>",48.0
Pigeon,847280062669,"<p><strong>Highlights:</strong></p><ul>
<li>Twist stainless steel.</li><li>Easy-twist lid.</li><li>Keeps drinks cold up to 24 hrs.</li><li>Easy to clean.</li><li>BPA-free plastic.</li></ul>",48.0
Mary Ruths,850018471329,<p><strong>Highlights:</strong></p><ul><li>Formulated for Infants (0-12 Months)</li><li>ANTIOXIDANT</li><li>IMMUNE SUPPORT</li><li>OVERALL HEALTH</li><li>Easy-to-Administer Spray</li></ul>,95.0
Mary Ruths,850018471978,<p><strong>Highlights:</strong></p><ul><li>Vegan & non-GMO</li><li>Easy-to-take flavorless liquid</li><li>Dosing for the whole family</li><li>40 servings per bottle</li></ul>,89.0
The Smurfs,850019556940,<h3><strong>Highlights:</strong></h3><ul><li><strong>Made with Real Fruit Juice/Puree</strong></li><li><strong>Doctor Developed</strong></li><li><strong>15 Daily Essential Vitamins and Minerals</strong></li><li><strong>Dietary Supplement</strong></li><li><strong>Supports Daily Wellness</strong></li><li><strong>Gluten/GMO Free</strong></li></ul>,69.0
Mary Ruths,850029392064,"<p><strong>Highlights:</strong></p><ul>
<li>Liquid Daily Multivitamin for Women, Men, and Children: MaryRuth's delicious morning multivitamins is an easy-to-take liquid for ages 1 and up!</li><li>Formulated for the Whole Family: This multivitamin formula includes important vitamins, minerals, and other nutrients for daily health and wellness.</li><li>Receive the Benefits: Support your metabolic processes and energy levels with B vitamins, and support your immune system with vitamin C, vitamin D3, zinc, and vitamin E.</li><li>MaryRuth’s is a Certified B Corporation. This product has been third-party tested and is Clean Label Project verified. Made in a GMP Facility.</li><li>Vegan Formula: Dairy Free, Nut Free, Gluten Free, Soy Free, Sugar Free</li></ul>",280.0
Mary Ruths,850036700517,"<p><strong>Highlights:</strong></p><ul><li>Liquid Daily Multimineral for Women, Men, and Children: MaryRuth's delicious nighttime multimineral is an easy-to-take liquid for ages 1 and up!</li><li>Formulated for the Whole Family: This multimineral formula includes important vitamins, minerals, and other nutrients for daily health and wellness.</li><li>No Melatonin Sleep Support: This Liquid Multimineral is high in magnesium, which is important for normal sleep regulation.</li><li>MaryRuth’s is a Certified B Corporation. This product has been third-party tested and is Clean Label Project verified. Made in a GMP Facility.</li><li>Vegan Formula: Dairy Free, Gluten Free, Soy Free, Sugar Free. Formulated for Adults and Kids. Each bottle has 30 servings.</li></ul>",148.0
Vital Proteins,850232005089,"<h2><strong>Highlights:</strong></h2><ul><li><strong>Vital Proteins Collagen Peptides Advanced is a premium offering, with 20g Collagen Peptides per serving plus two additional functional ingredients – 100% daily value Vitamin C and 120mg Hyaluronic Acid</strong></li><li><strong>Vitamin C helps to support the body’s natural collagen production while Hyaluronic Acid helps to improve skin hydration and joint mobility.**^</strong></li><li><strong>Bioavailable Collagen Peptides Advanced Powder: Sourced from grass-fed, pasture-raised bovine. Digested and absorbed by the body quickly for maximum benefits.</strong></li><li><strong>Easy To Use: One serving a day of Vital Proteins Collagen Peptides Advanced is easily digested and dissolves in cold or hot liquids, like coffee, tea and smoothies.</strong></li><li><strong>Made with You in Mind: Certified Paleo Friendly & Whole30 Approved. No added sugars or sweeteners. Flavorless and odorless. Made without gluten & dairy.</strong></li></ul>",343.85
Youtheory,850502007584,<p><strong>Highlights:</strong></p><ul><li>Helps Reduce Stress</li><li>With KSM-66®</li><li>Dietary Supplement</li><li>Helps Maintain Healthy Cortisol Levels</li><li>Boosts Mental & Physical Performance</li><li>Non GMO Project Verified</li><li>Gingever</li></ul>,75.04
EVLution Nutrition,852665240655,<p><strong>Highlights:<br></strong></p>,95.99
ACURE,854049002057,"<p><strong>Highlights:</strong></p><ul>  
<li>All Skin Types</li><li>100% Vegan. 0% Pretentious.</li><li>Paraben Free</li><li>Sulfate Free</li><li>Mineral Oil Free</li><li>Petrolatum Free</li><li>Formaldehyde Free</li><li>Cruelty Free</li></ul>",49.0
Mielle,854102000000, ,44.0
Mielle,854102006732,<p><strong>Highlights:</strong></p><ul><li>Helps improve length retention</li><li>Invigorates & nourishes hair follicles</li><li>Conditions dry scalp</li><li>Smooths split ends</li><li>Daily Use</li><li>Scalp Treatment</li><li>Split End Care</li></ul>,93.54
Mielle,854102006763,"<h2><strong>Highlights:</strong></h2><ul>
<li><strong>DEEP NOURISHMENT FOR DAMAGED HAIR</strong></li><li><strong>SMOOTH & STRENGTHEN</strong></li><li><strong>STIMULATE: mask helps strengthen long and thick hair with a soft, bouncy texture</strong></li><li><strong>SAFE FOR ALL HAIR TYPES</strong></li><li><strong>BY WOMEN FOR WOMEN: Mielle Organics aims to empower women of all hair types and styles with powerful products&nbsp;</strong></li></ul>",89.0
Mielle,854102006770,"<p><strong>Highlights:</strong></p><ul><li>Cleanse and invigorate your hair and scalp with Mielle Organics Rosemary Mint Strengthening Shampoo!</li><li>This certified organic shampoo is infused with biotin and natural ingredients such as rosemary, mint, coconut, and babassu seed oil to nourish your hair and scalp, promote hair growth, and prevent breakage.</li><li>Rosemary and mint have antioxidant, anti-inflammatory, and anti-fungal properties that improve scalp health and hair growth.</li><li>Biotin nourishes hair follicles, improving strength and elasticity.</li><li>Coconut and babassu seed oil moisturizes and protects your hair from dryness and damage.</li><li>Mielle Organics Rosemary Mint Strengthening Shampoo has a refreshing scent that invigorates your senses and adds shine to your hair.</li><li>It is suitable for all hair types and textures and can be used as a daily cleanser or a deep treatment.</li></ul>",105.8
Mary Ruths,856645008150,"<p><strong>Highlights:</strong></p><ul>
<li>Elderberries, the fruit of Elder shrubs, have been used for generations to support the immune system.</li><li>Elder is native to Europe, North America, and Southwest Asia. The berries and flowers of this plant have a long history of traditional use. Even Hippocrates of ancient Greece touted the healthful benefits of elderberries.</li><li>Elderberry displays antioxidant properties, and initial studies on Elderberry have suggested that this herbal may support immune function and overall health.</li><li>With our delicious Liquid Elderberry, you can easily take this by mouth as a tincture or add it to your favorite beverage, increasing or decreasing your dosage as desired and recommended by your healthcare professional.</li></ul><p><strong><br></strong></p>",116.0
Mary Ruths,856645008310,"<p><strong>Highlights:</strong></p><ul>
<li>Organic, vegan, & non-GMO</li><li>Easy-to-take flavorless liquid</li><li>Supports gut health, digestion, and immunity</li><li>20 servings per bottle</li></ul>",84.0
Mary Ruths,856645008389,<p><strong>Highlights:</strong></p><ul><li>Vegan</li><li>Gluten Free</li><li>No Gelatin</li><li>Pectin Based</li><li>Sugar Free</li><li>2 Month Supply</li><li>Natural Flavors</li><li>A Dietary Supplement&nbsp;</li></ul>,124.0
Septofort,8595165273496,,42.0
Septofort,8596024008426,,24.93
Mary Ruths,861365000469,"<p><strong>Highlights:</strong></p><ul>
<li>Many B12 supplements are often filled with artificial flavors or use cyanocobalamin, a synthetic form of B12 that contains cyanide!</li><li>Our natural berry flavored B12 Spray is made with methylcobalamin, which has superior bioavailability to cyanocobalamin and is a preferred form for some with MTHFR gene variants!</li><li>B12 assists the body’s nervous system, supports cognitive function, and provides energy to those who are deficient.</li><li>B12 also aids the body in DNA synthesis and red blood cell production.</li><li>If you have an MTHFR gene variant, this might be the best type of B12 for you!</li></ul><h3></h3>",114.0
Victoria,863978000010,"<p><strong>Highlights:</strong></p><ul><li>SCIENTIFICALLY FORMULATED – Glucosamine / Chondroitin / MSM Cream with Collagen combines the highest quality natural ingredients to help soothe joint, bone, and muscle discomfort.</li><li>ADDED BENEFITS - Our cream moisturizes the joint and cartilage areas to aid healthy mobility and flexibility. Additionally, our ointment aids with muscular discomfort.</li><li>QUICK & EFFECTIVE - Our cream's highly concentrated natural ingredients, help bring a prompt and prolonged calming sensation for joint and cartilage areas. Its powerful refreshing action helps soothe knee, shoulder, and other joint discomfort</li><li>HIGH QUALITY INGREDIENTS – Glucosamine / Chondroitin / MSM Cream with Collagen is made with the highest quality natural ingredients known for their relieving properties. It is manufactured under strict GMP standards in an FDA-registered facility.</li><li>COMFORTABLE AND CONVENIENT – Our lotion is easy to apply as many times as needed to t</",89.0
Victoria,863978000034,"<p><strong>Highlights:</strong></p><ul>
<li>SCIENTIFICALLY FORMULATED - HemoZel Cream provides a soothing and refreshing action on swollen, tender tissues, including those in the anal/rectal and perineal area affected by hemorrhoids, providing a rapid calming sensation.</li><li>ADDED BENEFITS - HemoZel Cream relies on Horse Chestnut and Ginger's traditional calming and emollient properties to alleviate temporary fluid congestion caused by hemorrhoids. It is safe to use during pregnancy, labor preparation, and postpartum.</li><li>ANCIENT WISDOM & MODERN MEDICINE - HemoZel brings ancient herbal wisdom to modern medicine by using natural ingredients traditionally known for their calming properties. Its formula includes Arnica Montana, Aloe Vera, Horse Chestnut, Ginger, and Chamomile.</li><li>THE BEST NATURE HAS TO OFFER - HemoZel's carefully crafted plant-based formula does not include phenylephrine or hydrocortisone, which can cause contraindications. Additionally, our cream's meticulou",69.0
Argivit,8682408684338,"<p><strong>Highlights:</strong></p><ul>
<li>Multivitamin and mineral.</li><li>With antioxidant properties.</li><li>Promotes focus and attention and aids in energy production.</li><li>Helps improve immunity.</li><li>Supports healthy growth</li></ul>",109.99
Diapex,8697711710018,<p><strong>Highlights:</strong></p><ul><li>Contains zinc oxide and panthenol to soothe and heal diaper rash</li><li>It has an antibacterial effect to protect the baby's skin from rashes</li><li>Soothes sensitive skin</li><li>Soothes skin redness</li><li>It acts as a protective barrier between the baby's skin and the diaper</li></ul>,39.0
Agiss,8698703023451,"<h3><strong>Highlights:</strong></h3><ul><li><strong>Improves skin luster and elasticity, reducing wrinkles over a period of time</strong></li><li><strong>Moisturises and massages your skin to help reach proper hydration level</strong></li><li><strong>Meticulously designed massage ball easily reaches various parts of your face</strong></li><li><strong>This 10-piece Agiss Cleansing Strips kit effectively cleans and purifies the nose and face.&nbsp;</strong></li><li><strong>The gentle and non-irritating formula is specifically formulated for those with sensitive skin.&nbsp;</strong></li><li><strong>Perfect for everyday use, the easy-to-apply strips remove dirt, oil, and other impurities.</strong></li><li><strong> With just one use, skin feels softer and smoother.&nbsp;</strong></li><li><strong>Enjoy deeper, more effective cleansing.</strong></li></ul>",28.75
Bekoka,8699096965212,<p><strong>Highlights:</strong></p><li>he top front is designed to be suitable for the umbilical cord area and keep it safe.</li><li>It is Super absorbing as it contains ultra-absorbing polymer (SAP) mixed with pure cellulose pulp.</li><li>It has flexible back wings that allow babies to move freely.</li><li>Side tapes (Velcro Look-hoop tape) can be opened and resealed several times. </li><li>The inner surface consists of soft-textured natural materials and is absorbent to liquids in large quantities.</li><li>The exterior allows air to enter inside the diaper.</li><li>Strengthening side barriers prevent leakage.</li>,42.6
Bekoka,8699096965229,<p><strong>Highlights:</strong></p><li>It is Super absorbing as it contains ultra-absorbing polymer (SAP) mixed with pure cellulose pulp.</li><li>It has flexible back wings that allow babies to move freely.</li><li>Side tapes (Velcro Look-hoop tape) can be opened and resealed several times. </li><li>The inner surface consists of soft-textured natural materials and is absorbent to liquids in large quantities.</li><li>The exterior allows air to enter inside the diaper.</li><li>Strengthening side barriers prevent leakage.</li>,42.6
Bekoka,8699096965236,,49.0
Bekoka,8699096965243,,49.0
Bekoka,8699096965250,,49.0
Bekoka,8699096965267,,49.0
Laperva,8702860346183, ,13.22
Philips,8710103781837,<p><strong>Highlights:</strong></p><ul><li>Lower straw is bent for easy drinking \'til the last sip.</li><li>Integrated anti-leak valve & flip-top design prevent spills</li><li>Few parts - easy to assemble and clean (dishwasher safe)</li><li>Bendy straw cup</li><li>200ml/7oz</li><li>9m+</li><li>1-pack</li></ul>,60.0
Philips,8710103853008,"<p><strong>Highlights:</strong></p><ul>  <li>Locks milk in, keeps air out, for easy upright feeding  </li>  <li> Teat stays full of milk, not air  </li>  <li> Anti-colic system proven to reduce colic and fussing  </li>  <li> Easy to clean & assemble, as air free vent is a single piece  </li>  <li> Teat shape designed for a secure latch-on&nbsp;</li></ul>",235.0
Philips,8710103876632,"<p><strong>Highlights:</strong></p><ul>
<li>Clinically proven to reduce colic</li><li>Innovative twin valve design reduces colic and discomfort by venting air into the bottle and into your little ones tummy</li><li>3 part design to prevent leakage</li><li>Unique comfortable petals increase softness and flexibility</li><li>Easy to combine breast and bottle-feeding</li></ul>",235.0
Vaseline,8714100597347,,9.63
Locoid,8718692510319, ,11.4
Locoid,8718692510326, ,9.45
Meridol,8718951399594,"<h3><strong>Highlights:</strong></h3><ul>
<li><strong>Reduces plaque and prevents inflammation</strong></li><li><strong>Strengthens and protects the gums</strong></li></ul>",43.0
Vaseline,8801619053256,,7.51
Whole,111004400,,18.28
Whole,111004401,,20.9
Bio Caps,0714654882027,"<p><strong>Highlights:</strong></p><p>BioCaps Plus Capsule 60 Caps Considered one of the vitamins and 
supplement.</p><p>bio caps formula contains significant amounts of most 
important vitamins and minerals.</p><p>A safe and effective medical product.</p>",58.0
Eucerin,072140011871,"<h3><strong>Highlights:</strong></h3><p><strong>Eucerin® Eczema Relief Cream - a daily moisturizing cream clinically proven to reduce incidence of flare-ups.</strong></p><ul>
<li><strong>Colloidal Oatmeal enriched to relieve dry, itchy eczema-prone skin</strong></li><li><strong>Ceramide-3 enriched, helps strengthen the skin protective barrier</strong></li><li><strong>Licochalcone enriched, helps soothe red, irritated skin</strong></li><li><strong>Appropriate for adults, children and babies 3 months and older</strong></li><li><strong>Non-comedogenic, non-greasy</strong></li><li><strong>Use daily for best results</strong></li></ul>",70.0
Eucerin,072140020910, ,147.2
Eucerin,072140038687,,40.0
Eucerin,072140633820,,69.0
Eucerin,072140634131,<p><strong>Highlights:</strong></p><ul><li><strong>Since 1900</strong></li><li><strong>Sensitive Skin Expert</strong></li><li><strong>Reduced look of fine lines & wrinkles </strong></li><li><strong>Smoother skin </strong></li><li><strong>Firm and moisturized skin&nbsp;</strong></li></ul>,65.21
Bragg,074305001161,"<p><strong>Highlights:</strong></p><ul>
<li>USDA Organic</li><li>Non GMO Project Verified</li><li>Unpasteurized</li><li>Kosher</li><li>Gluten Free</li><li>Certified Organic by Organic Certifiers</li><li>AVC for Your Daily Dose of Wellness</li><li>Diluted to 5",44.0
Voltaren,07612797197608,"<h3><strong>Highlights:</strong></h3><p><strong>Diclofenac Sodium is a non-steroidal anti-inflammatory drug (NSAID).</strong></p><p><strong>It can be used to treat:</strong></p><ul><li><strong>Inflammation of the bones and joints such as rheumatoid arthritis, osteoarthritis, acute gout and ankylosing spondylitis.</strong></li><li><strong>Back pain.</strong></li><li><strong>Sprains, strains, sport injuries, dislocations and fractures.</strong></li><li><strong>Conditions affecting the tendons such as tendonitis.</strong></li><li><strong>Mild pain.</strong></li></ul>",30.7
Solaray,076280544336,<h2><strong>Highlights:</strong></h2><ul><li><strong>Est. 1973</strong></li><li><strong>True Herbs</strong></li><li><strong>+Herbal Support</strong></li><li><strong>Dietary Supplement</strong></li><li><strong>Lab Verified</strong></li><li><strong>Vegan</strong></li><li><strong>A Brighter Way</strong></li></ul>,169.0
Otrivin,07630035400136, ,9.25
Voltaren,07630035400266, ,17.05
Voltaren,07630035400297, ,26.0
Gasec,07640153088918, ,79.35
Yogi Tea,076950202955,"<p><strong>Highlights:</strong></p><ul><li>Supports A Healthy Glow</li><li>Contains Caffeine</li><li>Herbal Supplement</li><li>Non-GMO Project Verified</li><li>USDA Organic</li><li>Certified Organic by QAI, Inc.</li><li>Rainforest Alliance People & Nature</li><li>Kosher</li><li>Vegan</li><li>Certified B Corporation</li></ul>",35.55
Yogi Tea,076950204546,,22.0
Yogi Tea,076950450431,,18.78
Natures Answers,083000006401, ,45.21
Swanson,087614019574,"<p><strong>Highlights:</strong></p><ul><li>Full Spectrum®</li><li>Stress Support</li><li>450 mg Per Capsule</li><li>Herbal Supplement</li><li>Promotes a Feeling of Calmness and Relaxation</li><li>Supports a Healthy, Natural Response to Daily Stress</li><li>Science-Backed Quality Since 1969</li></ul>",29.54
Retinol,088634464016,<p><strong>Highlights:</strong></p><li>Micro-beads deliver an added burst of Retinol and Vitamin E</li><li>Vitamin A & E Gently exfoliates to improve texture and brightens skin</li>,71.5
Retinol,088634464023,"<p><strong>Highlights:</strong></p><li>Enriched with Vitamins A, C, and E</li><li>Exfoliates and smooths the appearance of lines and wrinkles</li><li>Moisturizes and helps improve texture, clarity, and radiance</li>",118.3
Retinol,088634464030,,118.3
Retinol,088634464047,,100.75
Retinol,088634464115,"<p><strong>Highlights:</strong></p><ul><li>Exfoliates to smooth the appearance of fine lines and wrinkles</li><li>Improves the appearance of firmness and tone</li><li>Moisturizes to improve texture, clarity, and radiance</li></ul>",118.3
Retinol,088634464146,"<h3><strong>Highlights:</strong></h3><p><strong>Retinol Skin Brightener minimizes the 
appearance of dull, uneven skin tone and formulated with plant and fruit
 extracts to safely and effectively</strong></p><li><strong>Evens the look of dark spots&nbsp;</strong></li><li><strong>Resurfaces to smooth the appearance of fine lines and wrinkles</strong></li><li><strong>Reduces the appearance of pores</strong></li>",40.24
Retinol,088634464245,,159.0
Retinol,088634464252,"<h3><strong>Highlights:</strong></h3><h4>Contains 3 professional strength anti-aging products</h4><ul>
<li><strong>Retinol Cleanser: It helps reduce the signs of premature aging, fine lines, wrinkles, and uneven skin tone, and helps remove dirt to make the skin soft and moist.</strong></li><li><strong>Retinol night cream: The anti-aging retinol formula is rich in moisturizing oils and hydrolyzed wheat protein, to help stimulate tissue repair, get rid of dark spots, and treat UV damage.</strong></li><li><strong>Collagen-Elastin Cream: Hydrolyzed collagen and elastin help the skin maintain its firmness and elasticity, leaving the skin soft and plump.</strong></li></ul>",152.1
Retinol,088634464269,,104.0
Retinol,088634464306,,71.5
Retinol,088634464443,"<h3><strong>Highlights:</strong></h3><ul><li><strong>Visibly firms and tightens for a lifted, younger look. Infused with Retinol, Vitamins C & E, this firming blend is a beauty “quick-fix”</strong></li><li><strong>Not limited to the face, it can transform the neck and décolletage, leaving skin looking visibly smoother within minutes</strong></li><li><strong>Firming complex tightens for smoother and firming looking skin</strong></li><li><strong>Key Ingredients: Retinol Vitamin A, C, E & Firming Complex</strong></li></ul>",168.94
Retinol,088634464856,"<p><strong>Highlights:</strong></p><ul><li>moisturizing treatment for your eyes; Retains moisture, improves skin firmness and tone, smoothes wrinkles and crow\'s feet.</li><li>Smoothes fine lines – daily use moisturizes and rejuvenates dark circles and lightens dark circles with healthy use.</li></ul>",100.75
Eucarbon,09120005553910,"<h3><strong>Highlights:</strong></h3><h3><em>What Senna, Charcoal, Mint, Fennel tablets is used for:</em></h3><ul><li><strong>It is used for the short-term relief of occasional constipation.</strong></li><li><strong>The laxative effect takes place approximately 8-12 hours after taking the product.</strong></li></ul>",12.95
Tece,1005160028047, ,15.0
Rowanix,10714654993041, ,36.9
Acretin,111000028,"<p><strong>Highlights:</strong></p><ul><li>Effectively narrows the wide pores in your skin.</li><li>It has an effective effect in regulating oily secretions in the skin.</li><li>Acretin cream contains the active ingredient tretinoin, which is a form of Vitamin A, which is used to treat and prevent acne.</li><li>It also has a significant effect in reducing wrinkles.</li><li>It exfoliates and stimulates the skin to renew cells, thus restoring the skin\'s freshness.</li><li>It may be used for pigmentation and skin lightening, as it removes the layer of dead cells and helps the body form new cells.</li><li>Acartin can be utilized to lighten the knees and elbows, for its effectiveness in getting rid of dead cells.</li><li>Its results begin to appear after using it for a period of 8 to 12 weeks.</li></ul>",18.85
Advil,111000056, ,11.75
Aerius,111000060, ,23.3
Alcohol,111000069, ,10.0
Avalon,111000217, ,51.0
Avalon,111000218, ,36.0
Avalon,111000226, ,14.35
Avalon,111000227, ,14.35
Sebamed,111000242,,30.0
Beauty,111000261,,14.5
Betnovate,111000317,,13.63
Biolys,111000337,,69.0
Butalin,111000368,,8.3
Calciton,111000385,,21.0
Canderel,111000396,,28.5
Cetaphil,111000468,,89.0
Arko Pharma,111000476,,19.4
Chlorohistol,111000480,,6.65
Clarinase,111000544,,17.2
Arko Pharma,111000617,"<p><strong>Highlights:</strong></p><ul><li>A natural product rich in caffeine, renews energy, and helps burn fat.</li><li>cupaline is the best product for Burn fat.</li></ul>",89.0
Deep Heat,111000662,<h3><strong>Highlights:</strong></h3><ul><li><strong>Makes a useful addition to your everyday essentials</strong></li><li><strong>Optimally made for effective daily use</strong></li><li><strong>Carefully crafted to suit your lifestyle</strong></li><li><u><strong>Fast relief from muscular aches and pains</strong></u></li><li><strong>Combines the benefits of heat treatment and massage</strong></li><li><strong>Suitable from the age of 5 years</strong></li></ul>,20.0
Deep Heat,111000664, ,54.0
Digestyl,111000736, ,69.9
Elocom,111000819, ,19.95
Feldene,111000907,,22.5
Feroglobin,111000923, ,21.0
Fevadol,111000935, ,10.15
Lymola,111001405, ,79.0
Marnys,111001416, ,12.95
Marnys,111001419,,195.0
Motilium,111001517, ,20.0
Neurotone,111001581, ,29.0
Nicotinell,111001594, ,60.1
Nicotinell,111001596, ,60.1
Optifree,111001698,<p><strong>Highlights:</strong></p><ul><li>Opti-Free brings to you the best-in-class contact lens solution technology.</li><li>Opti-Free Lenses Solution Express solution is ideal for soft and disposable contact lenses.</li><li>The maintenance solution is highly efficient and provides moisture to the surface of the contacts for enhanced comfort.</li></ul>,35.0
Optizolin,111001708, ,7.35
Osteocare,111001729, ,21.0
Otrisalin,111001737,,30.96
Oystercal,111001748, ,21.0
Pantomax,111001771, ,56.45
Pharmaton,111001807, ,29.0
Propolsaft,111001888, ,49.0
Prospan,111001891, ,39.5
Songha,111002161, ,129.0
Strepsils,111002183, ,38.0
Sudocream,111002191, ,39.8
Sudo,111002192, ,55.6
Ventolin,111002350, ,6.95
Ventolin,111002355, ,15.55
Marnys,111002522, ,80.0
Diprosone,111002545, ,17.85
Marnys,111002566, ,100.0
Queen,111002599, ,198.0
Panadol,111002649,,10.7
Mr Tumee,111002659,<p><strong>Highlights:</strong></p><ul><li>Maintain healthy and normal growth for children.</li><li>Stimulate the healthy growth of bones and teeth.</li><li>Avoid and treat vitamin deficiency.</li><li>In anorexia and malnutrition.</li><li>Improve the body\'s immunity against infection.</li><li>Enhances the digestive system.</li></ul>,95.0
Cetaphil,111002737,<h3><strong>Highlights:</strong></h3><ul><li><strong>Noticeable improvement in skin within 3 days of use.</strong></li><li><strong>Clinically tested.</strong></li><li><strong>Hydration that lasts up to 48 hours.</strong></li><li><strong>Fragrance and paraben free formula.</strong></li><li><strong>Fast absorbing formula.</strong></li><li><strong>Hypoallergenic.</strong></li><li><strong>Suitable for very dry and sensitive skin.</strong></li><li><strong>Does not clog pores.</strong></li></ul>,172.0
Marnys,111002879, ,110.0
Bio Garlic,111002881, ,73.0
Bio Fiber,111002882, ,62.0
Accu Check,111002901,"<p><strong>Highlights:</strong></p><ul><li>Improved trusted strips technology with safety checks and consistent accuracy</li><li>Checks are made for temperature, humidity, damage, presence of maltose</li><li>Test strips are stable (even after opening) until the expiry date printed on the test strip vial</li></ul>",90.0
Marnys,111002938, ,80.0
Calcitron,111002966,<p><strong>Highlights:</strong></p><ul><li>Contains 12 nutrients</li><li>Maximum absorption</li><li>100% natural product</li><li>Complete formula</li></ul>,14.0
Diclac,111002968, ,24.85
Gengigel,111003012, ,46.0
Strepsils,111003019, ,40.0
Mebo,111003089, ,88.0
Gengigel,111003129, ,59.0
Gengigel,111003130, ,65.0
Hi Quine,111003195, ,23.0
Vitabiotics,111003220,<p><strong>Highlights:</strong></p><ul><li>Food Supplement (Source for omega 3 fatty acids).</li><li>Helps to maintain a healthy heart.</li><li>Mood Stabilizer.</li><li>Brain development and cognitive functions support.</li><li>Immunity support.</li><li>Hair| skin| and nail health support.</li></ul>,57.7
Savy,111003279, ,44.75
Optive,111003285, ,36.0
Cetaphil,111003309, ,38.0
Biofreeze,111003343, ,85.0
Caltrate,111003455, ,33.0
Tussipan,111003508, ,42.75
Bronchicare,111003559,,54.85
Ferro,111003601,,33.0
Systane,111003668,,75.0
Cetaphil,111003689,"<p><strong>Highlights:</strong></p><ul>
<li>Non-foaming cleanser can be used with or without water</li><li>Fragrance free| hypoallergenic and non-comedogenic| so it won\'t irritate skin or clog pores</li><li>Defends against five signs of skin sensitivity including a weakened skin barrier| irritation| roughness| tightness| and dryness</li><li>Dermatologist tested and</li><li>Clinically proven to be gentle on sensitive skin.</li><li>Micellar Technology acts as a gentle magnet to attract| capture and lift away dirt| oil| and makeup without irritation</li></ul>",95.0
Aqualyte,111003699,<p><strong>Highlights:</strong></p><ul><li>High Performance Hydration solution for the prevention of dehydration.</li><li>Low sugar</li></ul>,12.15
Mugesic,111003735, ,60.0
Jamieson,111003741,"<p><strong>Highlights:</strong></p><ul><li>Helps you fall asleep</li><li>Reset body\'s sleep wake-up cycle</li><li>Helps improve sleep quality</li><li>Natural, safe and non-habit forming sleep aid</li></ul>",171.0
Pregnata,111003752, ,20.4
Vismed,111003761, ,70.0
Strepsils,111003776, ,40.0
Tums,111003816,<p><strong>Highlights:</strong></p><li>Heartburn</li><li>Sour Stomach</li><li>Acid Indigestion</li>,16.25
Centrum,111003818,<p><strong>Highlights:</strong></p><ul><li><strong>Special micronutrient formula supplemented with ginseng & ginkgo biloba extracts</strong></li><li><strong>Backed by over 35 years of nutritional expertise</strong></li><li><strong>Supports the needs of adults with active lifestyles</strong></li></ul><ul><li><strong>Centrum energy is sugar free</strong></li><li><strong>Centrum energy gluten and lactose free</strong></li><li><strong>The recommended daily consumption must not be exceeded</strong></li><li><strong>Centrum energy is a daily multivitamin with Ginseng to support physical performance to suit an active lifestyle.</strong></li></ul>,29.0
Plerus,111003833,,39.95
Septofort,111003842, ,38.0
Arthriflex,111003848,"<p><strong>Highlights:</strong></p><ul><li>Nerve and muscle pain,</li><li>Inflammation and back pain</li><li>Chest cold discomfort</li><li>Inflammation and stiffness of muscle</li><li>Joint pain</li></ul>",85.0
Jamieson,111003872,<p><strong>Highlights:</strong></p><ul><li>Potent antioxidant</li><li>Helps protect the body from free-radical damage</li><li>Helps prevent selenium deficiency</li><li>Known to support prostate and colon health</li></ul>,23.0
Jamieson,111003875, ,49.5
Cystine,111003893,<p><strong>Highlights:</strong></p><li>Type: Hair Treatment  </li><li> No Processed or artificial additives are used</li><li>Comes with secure and hygienic packaging </li>,115.4
ACM,111003994,"<h2><strong>Highlights:</strong></h2><ul><li><strong>This cream promotes the disappearance of brown spots such as chloasma and liver spots.</strong></li><li><strong>Thanks to its combination of specific active substances,&nbsp;</strong></li><li><strong>Depiwhite Advanced attenuates or eliminates brown spots, limits their reappearance and unifies the complexion by regulating the production of brown spot-forming melanin</strong></li><li><strong>Thanks to 3 synergistic actions:<br>- Reduction of melanin production<br>- Elimination of existing epidermal melanin<br>- Stimulation of melanin biodegradation</strong></li></ul>",236.0
Omega,111003997, ,85.0
Jamieson,111004003,"<p><strong>Highlights:</strong></p><ul>  <li>Supports bone health and muscle function  </li>  <li> Helps in tissue formation  </li>  <li> Helps the body to metabolize carbs, fats and proteins  </li>  <li> High-absorption magnesium complex  </li>  <li> Formulated with five sources of magnesium </li></ul>",55.0
Jamieson,111004004,"<p><strong>Highlights:</strong></p><ul><li>Helps to maintain eyesight, bones, and immune function</li><li>Helps promote healthy skin, hair and nails• </li><li>Provides 1,250 IU of vitamin A + 400 IU of vitamin D3 per softgel</li></ul>",96.15
Jamieson,111004005,"<p><strong>Highlights:</strong></p><ul><li>Jamison Laxaco 60 Capsules is a popular and effective herbal remedy that helps relieve occasional constipation.</li><li>Gently stimulates intestinal contraction, providing relief without side effects.</li><li>Regular use of the product helps promote regularity and keep the digestive system functioning optimally.</li><li>Jamieson Laxaco 60 Capsules is an effective and affordable solution to relieve occasional constipation.</li></ul>",65.22
Jamieson,111004006, ,129.0
Jamieson,111004007,<p><strong>Highlights:</strong></p><ul><li>Helps relieves upper respiratory infections& common cold symptoms</li></ul>,98.0
Jamieson,111004008, ,171.0
Jamieson,111004009,,195.0
Jamieson,111004011,,185.0
Jamieson,111004012,,136.0
Marnys,111004028,,333.0
Hemagel,111004037,,85.77
Jamieson,111004040,,33.0
Jamieson,111004052, ,54.0
Enterogermina,111004055, ,74.8
Radian,111004056, ,16.0
Jamieson,111004064, ,55.0
Panadrex,111004066, ,9.4
Vita,111004082, ,33.0
Mr Tumee,111004177,"<p><strong>Highlights:</strong></p><ul><li><strong>Mr. Tumee&trade; DHA Omega-3 formula is specially designed to help children get their daily intake of DHA/EPA Omega-3.</strong></li><li><strong>This plays an important role in healthy development and functioning of the brain.</strong></li><li><strong>DHA may also be important in the development of the retina, heart and parts of the nervous system from infancy to adulthood.</strong></li></ul>",135.0
Mr Tumee,111004178,<p><strong>Highlights:</strong></p><ul><li>Vitamin D helps to promote bone health for growing children</li><li>It maintain healthy teeth and bones</li><li>Aid in regulating body weight and cognitive functioning.</li></ul>,85.0
Mr Tumee,111004194,,29.9
Bepanthen,111004196,,15.0
Enterogermina,111004205,,149.9
Dream Water,111004213,,16.0
Gelositin,111004217, ,48.0
Jp,111004265,<p><strong>Highlights:</strong></p><ul><li>Better Hair & Skin Health</li><li>Relief Dysmenorrheal Pain</li><li>Male & Female Infertility</li><li>For Eye Health</li></ul>,36.3
Hemagel,111004284, ,39.65
Avalon,111004315, ,34.0
Avalon,111004316, ,63.0
Essential,111004356, ,33.0
Calsource,111004361,<p><strong>Highlights:</strong></p><ul><li>Strengthening bones and muscles.</li></ul>,11.0
Jamieson,111004363,,66.0
Strepsils,111004372,,40.0
Activlab,111004378,,67.0
Super,111004380,,168.0
Arginal,111004382, ,140.3
Alflex,111004383, ,135.0
Garcimuim,111004384,,195.0
Otosan,111004392,,49.5
Otosan,111004394,,49.5
Sensilab,111004398,"<p><strong>Highlights:</strong></p><li>Strengthens the nails  </li><li> Makes hair grow fuller & thicker  </li><li> Stimulates collagen production which is essential for the vitality of the skin  </li><li> Contains caffeine, green tea and vitamin C for brighter skin  </li><li> Free of Gelatin, containing pectin as a gelling agent</li>",179.0
Whole,111004399, ,20.9
Whole,111004400,,18.28
Whole,111004401,,20.9
Avene,121011498,,70.0
Nivea,121012285,,89.0
Philips,121012563,"<p><strong>Highlights:</strong></p><li> Slower, more controlled flow rate  </li><li> Soft textured and wide shaped teat </li>",90.0
Sebamed,121012967,<p><strong>Highlights:</strong></p><ul><li> These wipes are gentle enough to be used on baby’s entire body</li><li>Wipes are clinically proven to promote the development of baby’s acid mantle</li><li>With their ph 5.5 formulation </li></ul>,25.0
Tropicana,121013009,,17.0
Colgate,121013685,<p><strong>Highlights:</strong></p><ul><li>Whiter teeth in five days.</li><li>Professionally Designed to Reverse Years of Yellowing</li><li>With same ingredients dentists use.</li></ul>,46.0
Vichy,121013745,,97.99
Tresemme,121013800,,39.0
Contour,121013824,<p><strong>Highlights:</strong></p><ul><li>Compatible: Bayer Contour Next Blood Glucose Test Strips are compatible with Bayer Next EZ Blood Glucose Monitoring System.</li><li>Details: High-performance test strips with next generation accuracy. Multi-pulse technology evaluates a single blood sample 7 times for exceptional accuracy. Tiny 0.6 µL blood sample.</li><li>Contour Next Blood Glucose | 50 Strip</li><li>High-performance test strips</li></ul>,149.0
BabyJoy,121013897,<p><strong>Highlights:</strong></p><ul><li>Waist stretch - prevents leakage from the backside</li><li>Cotton touch - crafted for baby\'s delicate skin</li><li>Breathable material – helps promote healthy skin</li></ul>,14.25
Beesline,121013906,,50.0
Beesline,121013908,,50.0
Beesline,121013913,,50.0
Adidas,121013920,,18.0
Fem,121013983,<p><strong>Highlights:</strong></p><ul><li>Makes your skin soft and smooth</li><li>Provides anti-darkening effect with every use</li><li>Liquorice extracts prevents darkening</li><li>Show off your smooth and flawless skin with this one</li></ul>,15.0
Loreal,121014081,,48.0
Loreal,121014092,,48.0
Rokle,121014173,,149.0
Garnier,121014506,,34.45
Jergens,121014903, ,30.0
Colgate,121014904,"<p><strong>Highlights:</strong></p><ul><li>Builds a long-lasting protective barrier that acts like a seal against sensitivity</li><li>Helps block pain stimuli such as tactile, pressure and cold air</li><li>Helps to restore the natural whiteness of your teeth</li><li>Antibacterial and fluoride toothpaste</li><li>Strengthens and protects gums</li></ul>",40.0
Herbalcolor,121014960,,49.0
One Hair,121014993,,14.0
Mason Natural,121015268,,50.0
Nyda,121015608,,37.0
johnsons,121015627,<p><strong>Highlights:</strong></p><ul><li>Formulated With The Power Of 24-Hour Comfort</li><li>Rich And Velvety Formula For Intense Hydration</li><li>Enriched With Pomegranate Flower Extract And Glycerin</li><li>Rich And Velvety Formula For Intense Hydration</li></ul>,32.1
Durex,121015629,,88.5
Neutrogena,121015637,,47.82
QV,121015797,,184.0
QV,121015829,"<p><strong>Highlights:</strong></p><ul><li>Forms a barrier to shield baby’s skin from water, detergents, chemicals and other irritants.</li><li>Non sticky, non greasy protective cream.</li><li>Suitable for the most sensitive areas of the body. </li></ul>",36.8
QV,121015837,,60.0
Vichy,121015865,,77.0
Vichy,121015866,,77.0
Lifebuoy,121015963,,18.95
Bioderma,121016073, ,149.0
QV,121016190,"<p><strong>Highlights:</strong></p><ul><li>Unique cream that includes in its formula natural and safe materials that are suitable for children’s skin and provide it with the necessary hydration.</li><li>Children are innocent angels looking forward to exploration and learning, and we, as their parents, care about securing everything that helps them achieve their dream.</li></ul>",60.0
Nivea,121016205,"<p><strong>Highlights:</strong></p><ul><li>New 5in1 formula. anti odour, anti sweat, anti stains, anti residues, anti irritation</li><li>Provides reliable 48hour antiperspirant protection</li><li>White mark protection on black and anti yellow staining on white</li><li>No ethyl alcohol or colorants</li><li>Skin compatibility dermatologically proven</li></ul>",48.0
Labello,121016267,,11.0
Durex,121016350,<p><strong>Highlights:</strong></p><ul><li>SLIGHTLY THICK: It is slightly thicker & ideal for people who want worry-free sex</li><li>CONDOM SIZE: Chocolate condom has a nominal large width of 53 mm</li><li>SMELLS BETTER: Delicious chocolate fragranced condom for men</li><li>DUREX QUALITY ASSURED: All Durex condoms are 100 Percent electronically tested </li></ul>,64.0
johnsons,121016365,,48.3
Aloedent,121016375,<p><strong>Highlights:</strong></p><ul><li>Ideal toothpaste with natural ingredients to suit all oral and dental needs.</li><li>It is rich in natural cactus extract 100%.</li><li>It keeps your teeth healthier and sterilized.</li></ul>,25.0
Gillette,121016424,<p><strong>Highlights:</strong></p><ul><li>The Gillette Skinguard Sensitive Razor is designed for men with sensitive skin and razor bumps.</li><li>Also has a precision trimmer at the back.</li><li>Clinically tested </li></ul>,58.0
Cetaphil,121016447,,36.0
johnsons,121016472,"<p><strong>Highlights:</strong></p><ul>  <li>Clinically proven mildness formula  </li>  <li> Free from dyes, parabens, phthalates, and alcohol  </li>  <li> Instantly hydrates and nourishes delicate skin  </li>  <li> Enriched with a touch of aloe vera  </li>  <li> Ideal for baby massage  </li>  <li> Hypoallergenic & free from dyes, paraben  </li>  <li> Paediatrician and dermatologist-tested </li></ul>",71.67
johnsons,121016483,,23.0
Durex,121016545,,105.0
johnsons,121016566,<p><strong>Highlights:</strong></p><ul>  <li>Clinically Proven Mildness formula specifically design for baby’s delicate skin  </li>  <li> Enriched with coconut oil  </li>  <li> Nourishes delicate baby skin for 24hours  </li>  <li> Leaves skin soft and smooth after just 1 use  </li>  <li> Hypoallergenic & free from dyes and parabens  </li>  <li> Paediatrician and dermatologist-tested </li></ul>,69.0
Lux,121016696,,44.0
Nivea,121016707,"<p><strong>Highlights:<br></strong></p><ul><li>Protects the skin from irritation while shaving thanks to the Ultra 
Glide Technology .</li><li>Cares for the skin before you shave and gives a 
gentle cooling sensation . </li><li>0% alcohol, no burning .Softens the stubble 
for a close and comfortable shave . </li><li>Dermatologically approved by men 
with sensitive skin.</li></ul>",34.5
Lux,121016718,,49.0
Aloedent,121016736,,22.0
johnsons,121016783,,50.6
Salonpas,121016796,"<p><strong>Highlights:</strong></p><ul><li>These comfortable, convenient and effective topical pain relief patches</li><li>Easy-to-apply patches with rounded corners and flexible fabric move with you</li><li>You should not use them with a heating pad</li><li>Help relieve muscle pain, joint pain or sprains</li></ul>",33.0
Nivea,121016797,"<p><strong>Highlights:</strong></p><ul><li>Infused with DEEP MOISTURE SERUM to reduce the dryness of your skin</li><li>Enriched with nourishing ALOE VERA for calming effect</li><li>Provides indulging MOISTURE CARE for 48hours</li><li>RESULT. calm and moisturized skin, making you feel comfortable all day long</li><li>Suitable for NORMAL and DRY SKIN</li><li>Skin compatibility dermatologically approved</li></ul>",40.25
Dettol,121016801,,32.0
Oral B,121016851,,30.0
Oradent,121016881,<p><strong>Highlights:</strong></p><ul><li>Contains fluoride that strengthens the teeth</li><li>Mint flavor to give a feeling of recovery</li><li>Daily protection against tooth sensitivity</li></ul>,25.0
Dove,121016946,,34.0
Nivea,121016949,,18.0
Philips,121017014,,43.0
Nexcare,121017017,"<p><strong>Highlights:</strong></p><ul><li>Nexcare Sheer bandages are Breathable, Protects wound from contamination and alos have Water resistant material.</li><li>Breathable sheer material. Latex free</li><li>Protects wound from contamination</li><li>Water Resistant</li></ul>",22.0
johnsons,121017052,,25.3
Vichy,121017138,,69.0
QV,121017154,,69.0
Gillette,121017196,,50.0
Gillette,121017201,"<p><strong>Highlights:<br></strong></p><ul><li>Gillette Fusion5 Manual Razor Handle With 2 Razor Blade Refills, For A Smooth, Long Lasting Shave</li><li>Number of Pieces : 1 Razor + 2 Blade Refills</li><li>Innovative low-resistance blades</li><li>Precision cutting with a reverse styling blade</li><li>Intuitive, ergonomic design for ease of use</li></ul><ul><li>5-blade design for lasting closeness and a comfortable shave</li><li>Fits All Fusion5 Blade Refills</li><li>Gillette\'s #1 Razor on Sensitive Skin</li></ul>",63.0
ACM,121017267,,137.0
Nivea,121017286,<p><strong>Highlights:</strong></p><ul>  <li>The formula with natural almond oil that moisturizes and locks in moisture leaving skin soft and smooth  </li>  <li> Hypoallergenic and with especially skin-friendly ingredients to reduce the risk of allergies  </li>  <li> Selected ingredients for sensitive baby skin  </li>  <li> Developed in cooperation with dermatologists and paediatricians  </li>  <li> Skin compatibility clinically and dermatologically approved </li></ul>,36.0
CoLab,121017292,,41.0
Durex,121017300,<p><strong>Highlights:</strong></p><ul><li>Durex Extra Safe transparent and lubricated condoms are made for a safe and sensual experience. Created with a slightly thicker latex and extra lubrication.</li><li>Designed to enhance pleasure and protection in all kinds of sexual experience.</li></ul>,92.5
OGX,121017310,,65.0
Gillette,121017317,,84.0
Gillette,121017318,,48.3
Mavala,121017353,,58.0
Mavala,121017354,,86.25
Pure Beauty,121017362,<p><strong>Highlights:</strong></p><ul><li>Collagen enhances hair natural resistance to heal damaged and frizzed one</li><li>Enriched with Argan Oil which is highly nutritive for unhealthy hair</li><li>Coats your hair with a thin layer of protection</li><li>Bring back moisture to your hair that it lost</li><li>Makes hair easier to comb and repairs the split ends</li></ul>,70.0
Cetaphil,121017504,<p><strong>Highlights:</strong></p><ul><li>Baby\'s Sensitive Skin</li><li>Moisturizes and Protects Baby\'s Delicate Skin from Dryness for 24 Hours</li><li>Softening Sweet Almond & Sunflower Oils</li><li>Dermatologist Tested</li><li>Hypoallergenic</li><li>Dye Free</li><li>Paraben Free</li><li>Mineral Oil Free</li></ul>,46.0
Bioderma,121017516,,151.8
Bioderma,121017520,,129.0
Bioderma,121017524,,164.0
Bioderma,121017526,<p><strong>Highlights:</strong></p><ul><li>Sensibio H2O Is The Micellar Water Compatible With Every Type Of The Skin</li><li>All-In-One Cleansing And Makeup Remover That Maintains Healthy Skin</li><li>Removes Impurities From Your Face And Around Your Eyes In One Single Step </li></ul>,85.1
Bioderma,121017527,,133.0
ISIS,121017536,,123.0
Nivea,121017563,,48.5
Nivea,121017565,"<p><strong>Highlights:</strong></p><ul><li>The formula with caring cream gently cleanses and provides irritated skin with soothing relief</li><li>Helps maintain skin\'s protective barrier</li><li>Selected ingredients for sensitive baby skin. 0% alcohol, paraben, colorant</li><li>Maintains the natural ph. Value of the skin</li><li>Developed in cooperation with dermatologists and paediatricians </li></ul>",55.0
Lense Me,121017616,"<h3><strong>Highlights:</strong></h3><ul><li><strong>For the most fashionable look and clear vision of human eyes,&nbsp;</strong></li><li><strong>Lens Me, specializing in Soft Contact Lenses made of Polymacon .</strong></li><li><strong>Our technology and quality was proved satisfactory for various needs of worldwide market by acquiring approvals .</strong></li><li><strong>Key Factors and Ideal Material to select your Lens .</strong></li></ul>",150.0
Pslove,121017693,"<p><strong>Highlights:</strong></p><ul><li>100% free of medicine, pain relief patches</li><li>Heat relieves pain & improves blood circulation, therapy increasing nutrient flow to help the body heal faster</li><li>Effective for neck and shoulder pains, stiff neck, muscle soreness, fatigue and pinched nerves .</li></ul>",50.0
Uriage,121017711,<p><strong>Highlights:</strong></p><ul><li>Gently Cleanse</li><li>Refreshes</li><li>Soothes The Intimate Area </li></ul>,55.0
Eucerin,121017719,<p><strong>Highlights:</strong></p><ul><li>Reduces impurities and blackheads.</li><li>Gently cleanses and refines skin texture.</li><li>With Lactic Acid and micro particles to unclog pores.</li><li>Prevents the build-up of impurities.</li><li>For face and body & noticeably smoother skin.</li></ul>,104.0
Eucerin,121017723,,87.0
Eucerin,121017724,"<p><strong>Highlights:</strong></p><ul><li>Dry, sensitive skin is easily irritated by environmental triggers, making it even more sensitive.</li><li>It requires more than gentle cleansing to become less sensitive.</li><li>Eucerin pH5 Shower Oil has been specially developed with extra-mild surfactants suitable for cleansing dry, sensitive skin.</li></ul>",158.7
Eucerin,121017730,"<p><strong>Highlights:</strong></p><ul><li>A gentle daily cleanser for skin with Atopic Dermatitis</li><li>With Omega-3 and Omega-6 oils</li><li>Suitable for adults, children and new-borns</li></ul>",147.2
Mustela,121017751,,55.0
SVR,121017762,,71.0
SVR,121017772,,75.0
Philips,121017779,,92.0
Avene,121017781,"<p><strong>Highlights:</strong></p><ul><li>The thermal water of Avène restores all its soothing and softening properties</li><li>The gel has a physiological pH and offers very good ocular tolerance</li><li>The skin is thus clear, purified and less shiny</li></ul>",109.0
Avene,121017782,"<p><strong>Highlights:</strong></p><ul><li>Skincare-beauty: Facial sun cream</li><li>very high sun protection for dry sensitive skin</li><li>extremely broad-spectrum uvb-uva protection</li><li>non-greasy, rich and moisturising texture to nourish the skin</li></ul>",166.7
ISIS,121017792,,144.0
Eucerin,121017813,,145.0
Rimmel,121018146,,48.7
Mavala,121018192,,80.0
Eucerin,121018201,,61.0
OGX,121018217,,65.0
Dove,121018248,,24.0
Garnier,121018293,"<p><strong>Highlights:</strong></p><ul><li>Fast Bright 30X VITAMIN C anti-dark spot SERUM.</li><li>Brighter skin and visibly Less Spots in 3 days</li><li>30X MORE VITAMIN C, 3X FASTER REDUCING DARK SPOTS, vs fast bright day cream</li><li>Valid for 6 months after opening</li><li>Fast bright 30x vitamin C anti-dark spot serum, vs fast bright day cream</li><li>Brighter skin and visibly less spots from day 3, clinical test results on 50 asian women</li><li>Use every day and night before your regular moisturizer</li><li>For all skin types. Dermatologically tested</li></ul>",47.0
Loreal,121018294,,52.0
Gillette,121018302,,85.0
Titania,121018345,"<h3><strong>Highlights:</strong></h3><li><strong>These nail clippers are made with stainless steel.</strong></li><li><strong>The product is water-resistant.</strong></li><li><strong>The pack contains one pair of nail clippers.</strong></li><li><strong>They have been expertly designed and have strong, sharp blades that cut through the nail with ease.</strong></li><li><strong>The product can be used for cutting both, fingernails and toenails.</strong></li><li><strong>The product comes in the color gold.</strong></li>",20.0
Titania,121018347,,20.0
Ziaja,121018419,,138.0
Bourjois,121018439,<p><strong>Highlights:</strong></p><li>Mascara  </li><li> Black  </li><li> Defined length. Oversize volume.</li><li>2 in 1 Transformable brush </li>,90.0
Bourjois,121018440,<p><strong>Highlights:</strong></p><ul><li>Intense lash fringe without clumps</li><li>Magnifies each eyelash so that none is hidden</li><li>Tip captures and magnifies every detail of every lash for an epic lash fan</li><li>New brush with its zigzag fiber lets you load the intense black pigments to the maximum</li><li>Formula that volumises lashes and the bold brush that coats every single lash</li></ul>,90.0
Bourjois,121018445,,90.0
Veet,121018477,"<p><strong>Highlights:</strong></p><ul><li>For normal skin.</li><li>Acts quick.</li><li> Enriched with Lotus Milk, and scented with Jasmine.</li></ul>",15.0
Sebamed,121018483,,28.0
Anesthesia,121018498,,160.0
Vichy,121018645,,77.0
Vasu,121018725,,20.0
Philips,121018761,,45.0
Eucerin,121018788,"<p><strong>Highlights:</strong></p><ul><li>Contains D-Panthenol for younger, brighter skin</li><li>Provides anti-UV protection (SPF15)</li><li>Daily care moisturizing cream</li><li>Ideal for dry skin</li></ul>",220.0
Uriage,121018789,,62.0
Avene,121018793,,170.0
Bourjois,121018811,,90.0
Bourjois,121018812,<p><strong>Highlights:</strong></p><li> Anti-Fatigue Foundation  </li><li> Lasts all day</li><li>For a healthy looking complexion </li>,65.0
Maybelline,121018813,,39.0
Bourjois,121018815,,98.0
Vaseline,121013347,,25.0
Axe,121013354,,29.0
Corega,121013406,,32.0
